{
"type": "FeatureCollection",
"name": "legislative-districts",
"crs": { "type": "name", "properties": { "name": "urn:ogc:def:crs:EPSG::4269" } },
"features": [
{ "type": "Feature", "properties": { "district": "1", "district_int": 1 }, "geometry": { "type": "Polygon", "coordinates": [ [ [ -103.604976, 48.16885 ], [ -103.604305, 48.169151 ], [ -103.60405, 48.16966 ], [ -103.60401, 48.197686 ], [ -103.582799, 48.197717 ], [ -103.582727, 48.155889 ], [ -103.5833, 48.154856 ], [ -103.583806, 48.154544 ], [ -103.584839, 48.154296 ], [ -103.582727, 48.154276 ], [ -103.582751, 48.150662 ], [ -103.579422, 48.150653 ], [ -103.577645, 48.151091 ], [ -103.577122, 48.150366 ], [ -103.576029, 48.149944 ], [ -103.566498, 48.15839 ], [ -103.56336, 48.160722 ], [ -103.561034, 48.162008 ], [ -103.561131, 48.14939 ], [ -103.563951, 48.14927 ], [ -103.563921, 48.148163 ], [ -103.564531, 48.148154 ], [ -103.564556, 48.147967 ], [ -103.571663, 48.147123 ], [ -103.571385, 48.143211 ], [ -103.572497, 48.139079 ], [ -103.571848, 48.136994 ], [ -103.571811, 48.132583 ], [ -103.581267, 48.13262 ], [ -103.581719, 48.132735 ], [ -103.582598, 48.133325 ], [ -103.582813, 48.132486 ], [ -103.588074, 48.132492 ], [ -103.589483, 48.133758 ], [ -103.59021, 48.134107 ], [ -103.595517, 48.134134 ], [ -103.597044, 48.13441 ], [ -103.599153, 48.134102 ], [ -103.600936, 48.133464 ], [ -103.603871, 48.132063 ], [ -103.60638, 48.130304 ], [ -103.610674, 48.124924 ], [ -103.612774, 48.122824 ], [ -103.620974, 48.116824 ], [ -103.622774, 48.115924 ], [ -103.625475, 48.114265 ], [ -103.627811, 48.113356 ], [ -103.630075, 48.112224 ], [ -103.633775, 48.111124 ], [ -103.638675, 48.110923 ], [ -103.643675, 48.111523 ], [ -103.646475, 48.112023 ], [ -103.649284, 48.113126 ], [ -103.650875, 48.113923 ], [ -103.656575, 48.117023 ], [ -103.659376, 48.118723 ], [ -103.663276, 48.120123 ], [ -103.66938, 48.121644 ], [ -103.668929, 48.1388 ], [ -103.669481, 48.154192 ], [ -103.669016, 48.161152 ], [ -103.669047, 48.168678 ], [ -103.630627, 48.168701 ], [ -103.627747, 48.168897 ], [ -103.62768, 48.168785 ], [ -103.623174, 48.168705 ], [ -103.616264, 48.168708 ], [ -103.606277, 48.168733 ], [ -103.604976, 48.16885 ] ] ] } },
{ "type": "Feature", "properties": { "district": "10", "district_int": 10 }, "geometry": { "type": "Polygon", "coordinates": [ [ [ -96.883055, 46.829436 ], [ -96.88315, 46.836721 ], [ -96.881516, 46.836617 ], [ -96.880667, 46.836337 ], [ -96.879891, 46.837591 ], [ -96.880055, 46.838758 ], [ -96.878482, 46.838964 ], [ -96.875733, 46.838815 ], [ -96.873832, 46.838917 ], [ -96.873254, 46.840152 ], [ -96.873246, 46.847532 ], [ -96.87262, 46.847533 ], [ -96.872301, 46.869223 ], [ -96.861823, 46.869062 ], [ -96.861953, 46.8619 ], [ -96.861788, 46.861776 ], [ -96.841534, 46.861554 ], [ -96.840988, 46.855879 ], [ -96.841066, 46.84727 ], [ -96.840701, 46.847266 ], [ -96.840701, 46.84149 ], [ -96.840037, 46.836754 ], [ -96.839214, 46.818377 ], [ -96.842548, 46.818386 ], [ -96.844047, 46.818173 ], [ -96.861437, 46.818355 ], [ -96.861963, 46.829881 ], [ -96.864043, 46.829875 ], [ -96.866203, 46.829393 ], [ -96.874048, 46.829234 ], [ -96.878614, 46.829698 ], [ -96.883055, 46.829436 ] ] ] } },
{ "type": "Feature", "properties": { "district": "11", "district_int": 11 }, "geometry": { "type": "Polygon", "coordinates": [ [ [ -96.841534, 46.861554 ], [ -96.819474, 46.861464 ], [ -96.819522, 46.865752 ], [ -96.794949, 46.865755 ], [ -96.795006, 46.861599 ], [ -96.784659, 46.861563 ], [ -96.783959, 46.861663 ], [ -96.783452, 46.86095 ], [ -96.782418, 46.860059 ], [ -96.779515, 46.858656 ], [ -96.777646, 46.857479 ], [ -96.776919, 46.856762 ], [ -96.776079, 46.855533 ], [ -96.775854, 46.854601 ], [ -96.776489, 46.853915 ], [ -96.777667, 46.853782 ], [ -96.779776, 46.854356 ], [ -96.783742, 46.855727 ], [ -96.784374, 46.855707 ], [ -96.785326, 46.855154 ], [ -96.785592, 46.854212 ], [ -96.785469, 46.853414 ], [ -96.784579, 46.852052 ], [ -96.784097, 46.851632 ], [ -96.7825, 46.851017 ], [ -96.780503, 46.85112 ], [ -96.776591, 46.852482 ], [ -96.774953, 46.852482 ], [ -96.774144, 46.852205 ], [ -96.773534, 46.851688 ], [ -96.773247, 46.851272 ], [ -96.77332, 46.850731 ], [ -96.773586, 46.85026 ], [ -96.774303, 46.849789 ], [ -96.776515, 46.849144 ], [ -96.778634, 46.848836 ], [ -96.779484, 46.84855 ], [ -96.780717, 46.84765 ], [ -96.791242, 46.848848 ], [ -96.79524, 46.848826 ], [ -96.79853, 46.848491 ], [ -96.798593, 46.843644 ], [ -96.800056, 46.843444 ], [ -96.809603, 46.843348 ], [ -96.811761, 46.842625 ], [ -96.819811, 46.842559 ], [ -96.819692, 46.847232 ], [ -96.841066, 46.84727 ], [ -96.840988, 46.855879 ], [ -96.841534, 46.861554 ] ] ] } },
{ "type": "Feature", "properties": { "district": "12", "district_int": 12 }, "geometry": { "type": "Polygon", "coordinates": [ [ [ -98.627222, 47.326546 ], [ -98.467217, 47.326531 ], [ -98.466917, 47.298444 ], [ -98.467176, 47.254957 ], [ -98.467456, 47.241605 ], [ -98.467066, 47.240404 ], [ -98.466987, 47.227826 ], [ -98.467217, 47.221018 ], [ -98.466976, 47.220345 ], [ -98.466973, 47.21143 ], [ -98.467253, 47.178302 ], [ -98.46753, 46.979594 ], [ -98.439734, 46.979631 ], [ -98.439283, 46.908226 ], [ -98.439341, 46.877764 ], [ -98.438853, 46.824505 ], [ -98.438835, 46.820261 ], [ -98.43907, 46.819648 ], [ -98.438949, 46.805003 ], [ -98.481277, 46.804951 ], [ -98.481276, 46.805122 ], [ -98.489381, 46.805146 ], [ -98.492163, 46.805088 ], [ -98.492726, 46.80494 ], [ -98.515159, 46.80508 ], [ -98.5653, 46.804739 ], [ -98.565408, 46.806182 ], [ -98.565013, 46.808667 ], [ -98.565172, 46.809676 ], [ -98.565617, 46.863028 ], [ -98.565439, 46.877527 ], [ -98.565733, 46.883682 ], [ -98.565815, 46.892127 ], [ -98.575076, 46.89213 ], [ -98.594974, 46.892432 ], [ -98.628664, 46.892416 ], [ -98.62863, 46.881003 ], [ -98.644977, 46.881039 ], [ -98.644968, 46.884649 ], [ -98.650187, 46.884665 ], [ -98.650279, 46.888633 ], [ -98.657809, 46.888652 ], [ -98.658185, 46.890498 ], [ -98.659812, 46.890721 ], [ -98.659861, 46.891544 ], [ -98.662276, 46.89153 ], [ -98.664974, 46.891303 ], [ -98.665744, 46.890927 ], [ -98.665155, 46.890755 ], [ -98.661835, 46.887683 ], [ -98.650216, 46.880435 ], [ -98.650365, 46.879686 ], [ -98.652404, 46.881105 ], [ -98.658077, 46.883024 ], [ -98.660793, 46.884268 ], [ -98.670117, 46.889463 ], [ -98.67074, 46.88898 ], [ -98.671393, 46.888899 ], [ -98.671311, 46.877505 ], [ -98.681404, 46.877392 ], [ -98.71252, 46.877654 ], [ -98.723371, 46.877559 ], [ -98.723358, 46.878874 ], [ -98.724587, 46.878887 ], [ -98.724587, 46.881894 ], [ -98.725644, 46.881893 ], [ -98.725636, 46.883269 ], [ -98.723332, 46.883274 ], [ -98.723306, 46.884722 ], [ -98.755305, 46.884897 ], [ -98.755338, 46.888609 ], [ -98.760486, 46.888645 ], [ -98.760519, 46.89046 ], [ -98.763981, 46.892132 ], [ -98.755595, 46.892106 ], [ -98.755334, 46.892328 ], [ -98.740066, 46.892257 ], [ -98.717393, 46.891891 ], [ -98.713193, 46.896923 ], [ -98.711797, 46.897814 ], [ -98.708615, 46.898957 ], [ -98.708834, 46.899119 ], [ -98.710018, 46.899094 ], [ -98.710468, 46.899758 ], [ -98.71073, 46.899866 ], [ -98.711223, 46.899902 ], [ -98.712855, 46.899573 ], [ -98.714087, 46.899868 ], [ -98.714961, 46.899743 ], [ -98.716015, 46.899836 ], [ -98.716478, 46.900077 ], [ -98.715876, 46.901592 ], [ -98.716013, 46.902465 ], [ -98.716826, 46.902643 ], [ -98.71736, 46.903123 ], [ -98.717594, 46.903625 ], [ -98.718228, 46.904105 ], [ -98.719328, 46.90399 ], [ -98.719695, 46.904172 ], [ -98.720023, 46.904749 ], [ -98.720022, 46.905299 ], [ -98.719592, 46.905823 ], [ -98.719628, 46.90605 ], [ -98.720164, 46.906735 ], [ -98.720464, 46.906803 ], [ -98.722198, 46.906163 ], [ -98.725266, 46.906528 ], [ -98.726801, 46.906893 ], [ -98.728469, 46.906938 ], [ -98.729269, 46.906778 ], [ -98.729636, 46.906526 ], [ -98.729869, 46.906 ], [ -98.730336, 46.905795 ], [ -98.730836, 46.905817 ], [ -98.732137, 46.906365 ], [ -98.732638, 46.907234 ], [ -98.733107, 46.907546 ], [ -98.734101, 46.907664 ], [ -98.733931, 46.908881 ], [ -98.73423, 46.909413 ], [ -98.733879, 46.910263 ], [ -98.733789, 46.915766 ], [ -98.729909, 46.918829 ], [ -98.728599, 46.919587 ], [ -98.728496, 46.919503 ], [ -98.727566, 46.920978 ], [ -98.734098, 46.921007 ], [ -98.73412, 46.928006 ], [ -98.734327, 46.928266 ], [ -98.728302, 46.928215 ], [ -98.726868, 46.928316 ], [ -98.725789, 46.92818 ], [ -98.714415, 46.928085 ], [ -98.712949, 46.928554 ], [ -98.712949, 46.931201 ], [ -98.708938, 46.930977 ], [ -98.707956, 46.937357 ], [ -98.709196, 46.942509 ], [ -98.707059, 46.954468 ], [ -98.708385, 46.96706 ], [ -98.710359, 46.979412 ], [ -98.715161, 46.979387 ], [ -98.715587, 46.979255 ], [ -98.715828, 46.97938 ], [ -98.721374, 46.979375 ], [ -98.721231, 46.994986 ], [ -98.721839, 46.99999 ], [ -98.721845, 47.010301 ], [ -98.721408, 47.033565 ], [ -98.721168, 47.034562 ], [ -98.720939, 47.046141 ], [ -98.721127, 47.047618 ], [ -98.721398, 47.06687 ], [ -98.72129, 47.107533 ], [ -98.721073, 47.111408 ], [ -98.721117, 47.143119 ], [ -98.721347, 47.144297 ], [ -98.721432, 47.148609 ], [ -98.721131, 47.149212 ], [ -98.721008, 47.160921 ], [ -98.721249, 47.170185 ], [ -98.721104, 47.182422 ], [ -98.72137, 47.182905 ], [ -98.721372, 47.189054 ], [ -98.721095, 47.189703 ], [ -98.721175, 47.211455 ], [ -98.720968, 47.226848 ], [ -98.721131, 47.228745 ], [ -98.721197, 47.241231 ], [ -98.721044, 47.249084 ], [ -98.721067, 47.326649 ], [ -98.627222, 47.326546 ] ] ] } },
{ "type": "Feature", "properties": { "district": "13", "district_int": 13 }, "geometry": { "type": "Polygon", "coordinates": [ [ [ -96.968646, 46.877735 ], [ -96.968572, 46.891573 ], [ -96.92632, 46.891668 ], [ -96.911979, 46.891309 ], [ -96.907427, 46.890953 ], [ -96.906869, 46.889854 ], [ -96.906563, 46.887987 ], [ -96.906215, 46.88708 ], [ -96.906953, 46.885761 ], [ -96.906697, 46.885538 ], [ -96.905152, 46.885261 ], [ -96.903951, 46.885462 ], [ -96.903455, 46.884992 ], [ -96.903547, 46.884614 ], [ -96.904264, 46.883977 ], [ -96.904287, 46.883648 ], [ -96.903816, 46.883069 ], [ -96.90495, 46.881278 ], [ -96.904938, 46.880865 ], [ -96.902188, 46.879748 ], [ -96.900684, 46.879678 ], [ -96.900423, 46.879292 ], [ -96.901335, 46.878429 ], [ -96.902875, 46.877496 ], [ -96.904806, 46.877328 ], [ -96.906581, 46.877521 ], [ -96.907447, 46.876929 ], [ -96.871613, 46.87661 ], [ -96.87226, 46.873336 ], [ -96.872506, 46.854718 ], [ -96.883037, 46.854851 ], [ -96.883261, 46.847533 ], [ -96.897875, 46.84723 ], [ -96.900491, 46.8474 ], [ -96.903352, 46.847947 ], [ -96.906033, 46.848901 ], [ -96.908095, 46.849956 ], [ -96.926206, 46.861483 ], [ -96.926206, 46.86184 ], [ -96.931735, 46.865321 ], [ -96.932751, 46.866119 ], [ -96.934776, 46.867928 ], [ -96.936643, 46.870142 ], [ -96.938729, 46.872117 ], [ -96.94037, 46.873345 ], [ -96.942257, 46.874444 ], [ -96.945019, 46.875694 ], [ -96.948085, 46.876692 ], [ -96.951225, 46.877355 ], [ -96.953449, 46.877653 ], [ -96.955415, 46.877764 ], [ -96.968646, 46.877735 ] ] ] } },
{ "type": "Feature", "properties": { "district": "14", "district_int": 14 }, "geometry": { "type": "Polygon", "coordinates": [ [ [ -100.749334, 47.327685 ], [ -100.67321, 47.327646 ], [ -100.673351, 47.333117 ], [ -100.673071, 47.37067 ], [ -100.672618, 47.371942 ], [ -100.672951, 47.372546 ], [ -100.67311, 47.381274 ], [ -100.673021, 47.458392 ], [ -100.673182, 47.482125 ], [ -100.673109, 47.519478 ], [ -100.672959, 47.520854 ], [ -100.673291, 47.524197 ], [ -100.673061, 47.52462 ], [ -100.672997, 47.526073 ], [ -100.673015, 47.588902 ], [ -100.672712, 47.619253 ], [ -100.672706, 47.658389 ], [ -100.67245, 47.673928 ], [ -100.672146, 47.674147 ], [ -100.663666, 47.674136 ], [ -100.659542, 47.674314 ], [ -100.652815, 47.674083 ], [ -100.613366, 47.674063 ], [ -100.611861, 47.673824 ], [ -100.611523, 47.674045 ], [ -100.609015, 47.674082 ], [ -100.585062, 47.674088 ], [ -100.584927, 47.716728 ], [ -100.585188, 47.717965 ], [ -100.585237, 47.731979 ], [ -100.584901, 47.73331 ], [ -100.585417, 47.789885 ], [ -100.585185, 47.796416 ], [ -100.585071, 47.818941 ], [ -100.585373, 47.843718 ], [ -100.585165, 47.845121 ], [ -100.585179, 47.847761 ], [ -100.374061, 47.847336 ], [ -100.262629, 47.847503 ], [ -100.241152, 47.847413 ], [ -100.236865, 47.847595 ], [ -100.19794, 47.847651 ], [ -100.197558, 48.021857 ], [ -100.237022, 48.021866 ], [ -100.236928, 48.05244 ], [ -100.237008, 48.064215 ], [ -100.237217, 48.066968 ], [ -100.236986, 48.079991 ], [ -100.237131, 48.124384 ], [ -100.236834, 48.12464 ], [ -100.237244, 48.126491 ], [ -100.237516, 48.138125 ], [ -100.237124, 48.196137 ], [ -100.23714, 48.240872 ], [ -100.237321, 48.250001 ], [ -100.236988, 48.28393 ], [ -100.237015, 48.3108 ], [ -100.237309, 48.312109 ], [ -100.237268, 48.35541 ], [ -100.237418, 48.357788 ], [ -100.237115, 48.359428 ], [ -100.237099, 48.371244 ], [ -100.254201, 48.371237 ], [ -100.259241, 48.371398 ], [ -100.276614, 48.371199 ], [ -100.27664, 48.439853 ], [ -100.276424, 48.472539 ], [ -100.276613, 48.48836 ], [ -100.276619, 48.544813 ], [ -100.145858, 48.545211 ], [ -99.949822, 48.544988 ], [ -99.906525, 48.545209 ], [ -99.877352, 48.544889 ], [ -99.841595, 48.545002 ], [ -99.776189, 48.544789 ], [ -99.689144, 48.544953 ], [ -99.68919, 48.458061 ], [ -99.675124, 48.458082 ], [ -99.667407, 48.445142 ], [ -99.667428, 48.443548 ], [ -99.666455, 48.44355 ], [ -99.654268, 48.423093 ], [ -99.649512, 48.414544 ], [ -99.645676, 48.408658 ], [ -99.645704, 48.400057 ], [ -99.640407, 48.400058 ], [ -99.624991, 48.376824 ], [ -99.610488, 48.354429 ], [ -99.610887, 48.354428 ], [ -99.609627, 48.352271 ], [ -99.609729, 48.310896 ], [ -99.587987, 48.31078 ], [ -99.588315, 48.209418 ], [ -99.597595, 48.209448 ], [ -99.597944, 48.20613 ], [ -99.598484, 48.205817 ], [ -99.598723, 48.205455 ], [ -99.598684, 48.204374 ], [ -99.598335, 48.203163 ], [ -99.598618, 48.202371 ], [ -99.598639, 48.201465 ], [ -99.599178, 48.200048 ], [ -99.599291, 48.195 ], [ -99.588367, 48.194947 ], [ -99.588388, 48.187709 ], [ -99.56725, 48.187745 ], [ -99.567359, 48.151546 ], [ -99.545711, 48.151502 ], [ -99.545674, 48.064642 ], [ -99.524024, 48.064641 ], [ -99.52404, 48.035648 ], [ -99.49859, 48.035638 ], [ -99.496683, 48.035204 ], [ -99.494744, 48.035619 ], [ -99.480811, 48.035554 ], [ -99.480814, 48.021114 ], [ -99.469286, 48.021099 ], [ -99.469015, 47.933634 ], [ -99.447399, 47.933611 ], [ -99.447491, 47.902368 ], [ -99.44764, 47.901117 ], [ -99.426126, 47.901024 ], [ -99.426149, 47.882935 ], [ -99.425909, 47.882573 ], [ -99.42595, 47.846767 ], [ -99.340346, 47.846709 ], [ -99.340317, 47.846802 ], [ -99.337178, 47.846912 ], [ -99.318538, 47.846912 ], [ -99.30566, 47.846686 ], [ -99.300253, 47.846843 ], [ -99.276005, 47.846831 ], [ -99.234287, 47.847103 ], [ -99.232567, 47.846988 ], [ -99.211362, 47.847029 ], [ -99.208344, 47.847246 ], [ -99.174595, 47.847384 ], [ -99.174059, 47.846194 ], [ -99.173159, 47.846285 ], [ -99.172828, 47.846794 ], [ -99.172939, 47.847401 ], [ -99.169983, 47.847419 ], [ -99.169128, 47.847001 ], [ -99.165326, 47.846132 ], [ -99.164444, 47.845446 ], [ -99.164037, 47.844349 ], [ -99.163596, 47.843983 ], [ -99.15942, 47.842862 ], [ -99.153107, 47.841671 ], [ -99.149645, 47.840756 ], [ -99.144079, 47.839931 ], [ -99.137629, 47.8397 ], [ -99.133997, 47.83931 ], [ -99.130772, 47.839331 ], [ -99.128498, 47.839079 ], [ -99.126696, 47.839106 ], [ -99.1254, 47.839454 ], [ -99.123185, 47.839672 ], [ -99.122167, 47.839581 ], [ -99.121115, 47.839993 ], [ -99.120165, 47.840679 ], [ -99.119724, 47.840817 ], [ -99.118094, 47.840566 ], [ -99.11745, 47.840749 ], [ -99.115482, 47.842213 ], [ -99.114294, 47.842373 ], [ -99.112733, 47.842237 ], [ -99.110492, 47.841552 ], [ -99.110051, 47.841804 ], [ -99.107948, 47.844296 ], [ -99.106658, 47.844776 ], [ -99.105096, 47.845005 ], [ -99.102244, 47.844846 ], [ -99.100208, 47.846058 ], [ -99.098946, 47.847299 ], [ -99.098702, 47.846929 ], [ -99.096832, 47.846919 ], [ -99.096657, 47.847101 ], [ -99.096237, 47.846425 ], [ -99.095727, 47.846471 ], [ -99.09384, 47.847136 ], [ -99.093589, 47.846908 ], [ -99.083004, 47.84677 ], [ -99.019704, 47.846619 ], [ -99.008891, 47.846556 ], [ -99.007314, 47.846426 ], [ -99.005136, 47.846571 ], [ -98.993085, 47.846623 ], [ -98.955408, 47.846597 ], [ -98.95514, 47.846199 ], [ -98.954086, 47.845491 ], [ -98.952932, 47.844394 ], [ -98.952694, 47.843937 ], [ -98.951947, 47.84364 ], [ -98.951472, 47.843891 ], [ -98.950929, 47.843891 ], [ -98.951234, 47.843297 ], [ -98.951607, 47.843137 ], [ -98.952524, 47.843183 ], [ -98.952626, 47.842726 ], [ -98.951913, 47.842497 ], [ -98.95086, 47.84284 ], [ -98.95025, 47.843297 ], [ -98.949808, 47.843343 ], [ -98.949672, 47.843206 ], [ -98.949536, 47.842338 ], [ -98.950079, 47.841903 ], [ -98.949265, 47.841652 ], [ -98.949231, 47.841286 ], [ -98.949876, 47.840555 ], [ -98.950588, 47.840349 ], [ -98.950656, 47.840052 ], [ -98.949162, 47.839527 ], [ -98.948009, 47.840898 ], [ -98.947398, 47.840898 ], [ -98.947126, 47.840715 ], [ -98.94682, 47.840327 ], [ -98.946752, 47.838567 ], [ -98.945971, 47.838087 ], [ -98.945971, 47.837721 ], [ -98.946243, 47.837539 ], [ -98.946956, 47.837447 ], [ -98.947906, 47.837561 ], [ -98.94794, 47.837424 ], [ -98.945462, 47.835002 ], [ -98.944749, 47.834865 ], [ -98.943256, 47.835253 ], [ -98.94054, 47.835368 ], [ -98.940167, 47.835116 ], [ -98.940302, 47.833448 ], [ -98.939881, 47.832947 ], [ -98.939515, 47.832948 ], [ -98.938529, 47.833661 ], [ -98.938802, 47.834739 ], [ -98.938639, 47.834923 ], [ -98.937875, 47.835016 ], [ -98.937147, 47.834835 ], [ -98.934509, 47.833173 ], [ -98.934499, 47.832897 ], [ -98.935318, 47.832345 ], [ -98.935333, 47.83184 ], [ -98.934946, 47.831633 ], [ -98.933275, 47.831399 ], [ -98.932294, 47.830892 ], [ -98.932258, 47.829929 ], [ -98.931885, 47.829746 ], [ -98.929883, 47.829426 ], [ -98.928254, 47.829494 ], [ -98.927575, 47.829654 ], [ -98.927371, 47.829974 ], [ -98.926896, 47.830042 ], [ -98.926591, 47.829791 ], [ -98.926625, 47.829037 ], [ -98.925166, 47.828808 ], [ -98.924724, 47.829448 ], [ -98.923978, 47.829562 ], [ -98.923435, 47.829059 ], [ -98.922756, 47.828785 ], [ -98.92089, 47.828625 ], [ -98.920108, 47.82835 ], [ -98.91926, 47.828259 ], [ -98.917292, 47.827573 ], [ -98.91719, 47.82739 ], [ -98.912237, 47.824532 ], [ -98.909251, 47.823937 ], [ -98.908844, 47.823686 ], [ -98.908946, 47.823206 ], [ -98.910473, 47.822635 ], [ -98.910643, 47.822269 ], [ -98.910304, 47.821812 ], [ -98.909015, 47.821104 ], [ -98.90793, 47.819732 ], [ -98.905691, 47.818749 ], [ -98.904334, 47.818474 ], [ -98.904028, 47.818634 ], [ -98.904197, 47.819411 ], [ -98.905249, 47.819983 ], [ -98.905317, 47.820417 ], [ -98.903857, 47.820554 ], [ -98.903009, 47.820073 ], [ -98.902229, 47.818839 ], [ -98.902705, 47.817674 ], [ -98.902706, 47.816371 ], [ -98.903215, 47.816166 ], [ -98.90464, 47.816257 ], [ -98.904572, 47.815892 ], [ -98.902402, 47.814246 ], [ -98.901385, 47.812737 ], [ -98.900775, 47.812325 ], [ -98.899316, 47.811731 ], [ -98.899418, 47.811502 ], [ -98.900232, 47.811434 ], [ -98.900504, 47.81116 ], [ -98.899691, 47.809583 ], [ -98.900268, 47.809126 ], [ -98.900133, 47.808714 ], [ -98.899861, 47.808554 ], [ -98.898674, 47.808462 ], [ -98.898708, 47.808028 ], [ -98.897996, 47.807891 ], [ -98.897962, 47.807731 ], [ -98.898709, 47.807571 ], [ -98.900914, 47.807617 ], [ -98.901117, 47.807526 ], [ -98.901185, 47.807001 ], [ -98.90088, 47.806726 ], [ -98.899523, 47.806703 ], [ -98.898608, 47.806451 ], [ -98.897521, 47.807342 ], [ -98.89725, 47.807365 ], [ -98.896945, 47.807273 ], [ -98.896708, 47.806565 ], [ -98.897795, 47.804691 ], [ -98.897897, 47.803914 ], [ -98.898271, 47.803503 ], [ -98.899424, 47.803069 ], [ -98.899424, 47.802795 ], [ -98.89878, 47.80252 ], [ -98.898441, 47.802155 ], [ -98.898442, 47.80172 ], [ -98.899833, 47.800715 ], [ -98.900783, 47.801036 ], [ -98.901325, 47.801059 ], [ -98.901321, 47.800515 ], [ -98.898374, 47.799831 ], [ -98.898065, 47.799628 ], [ -98.897992, 47.799267 ], [ -98.898394, 47.798403 ], [ -98.899756, 47.798034 ], [ -98.901124, 47.796541 ], [ -98.901469, 47.79576 ], [ -98.899549, 47.794012 ], [ -98.899145, 47.793414 ], [ -98.899048, 47.792795 ], [ -98.89963, 47.791853 ], [ -98.900484, 47.791003 ], [ -98.901808, 47.790112 ], [ -98.902554, 47.789861 ], [ -98.903267, 47.789015 ], [ -98.903166, 47.787553 ], [ -98.901641, 47.785107 ], [ -98.900421, 47.783758 ], [ -98.898049, 47.781837 ], [ -98.897642, 47.781677 ], [ -98.896862, 47.781837 ], [ -98.896217, 47.783459 ], [ -98.895369, 47.783848 ], [ -98.894826, 47.78371 ], [ -98.893437, 47.782384 ], [ -98.89276, 47.781333 ], [ -98.891948, 47.77907 ], [ -98.891949, 47.77827 ], [ -98.892288, 47.777699 ], [ -98.893238, 47.777288 ], [ -98.893713, 47.777288 ], [ -98.894526, 47.778157 ], [ -98.89483, 47.77882 ], [ -98.895474, 47.779368 ], [ -98.896321, 47.779437 ], [ -98.896593, 47.779254 ], [ -98.896458, 47.778592 ], [ -98.894425, 47.77626 ], [ -98.891478, 47.774202 ], [ -98.890902, 47.77315 ], [ -98.888461, 47.772189 ], [ -98.887581, 47.771503 ], [ -98.887479, 47.771138 ], [ -98.887954, 47.770749 ], [ -98.888022, 47.770475 ], [ -98.886769, 47.769469 ], [ -98.886058, 47.768555 ], [ -98.885143, 47.768234 ], [ -98.884532, 47.768737 ], [ -98.885209, 47.770223 ], [ -98.885242, 47.77068 ], [ -98.884801, 47.771137 ], [ -98.884157, 47.770931 ], [ -98.883955, 47.769993 ], [ -98.8826, 47.769033 ], [ -98.881448, 47.768552 ], [ -98.881245, 47.76821 ], [ -98.880771, 47.768004 ], [ -98.878567, 47.767797 ], [ -98.878059, 47.767408 ], [ -98.877552, 47.766448 ], [ -98.877519, 47.765488 ], [ -98.877826, 47.764528 ], [ -98.878335, 47.763774 ], [ -98.878708, 47.763569 ], [ -98.880335, 47.763341 ], [ -98.880742, 47.763067 ], [ -98.879998, 47.761787 ], [ -98.877696, 47.759318 ], [ -98.877493, 47.758929 ], [ -98.877664, 47.757741 ], [ -98.87719, 47.7571 ], [ -98.876546, 47.756963 ], [ -98.876241, 47.7571 ], [ -98.876544, 47.758586 ], [ -98.875034, 47.758814 ], [ -98.874197, 47.758266 ], [ -98.873789, 47.757215 ], [ -98.871348, 47.75653 ], [ -98.871279, 47.756005 ], [ -98.870838, 47.755434 ], [ -98.870363, 47.755183 ], [ -98.868601, 47.755503 ], [ -98.867856, 47.755252 ], [ -98.867347, 47.75491 ], [ -98.866702, 47.753996 ], [ -98.865041, 47.753265 ], [ -98.863989, 47.752352 ], [ -98.86321, 47.752078 ], [ -98.862396, 47.75121 ], [ -98.861955, 47.75121 ], [ -98.860498, 47.751668 ], [ -98.859515, 47.751371 ], [ -98.858905, 47.750845 ], [ -98.858156, 47.750823 ], [ -98.857816, 47.751029 ], [ -98.857848, 47.75144 ], [ -98.857235, 47.751532 ], [ -98.856655, 47.751121 ], [ -98.856447, 47.750328 ], [ -98.85702, 47.750293 ], [ -98.857252, 47.749684 ], [ -98.855754, 47.749165 ], [ -98.854393, 47.749235 ], [ -98.853304, 47.748915 ], [ -98.852827, 47.748892 ], [ -98.849933, 47.749548 ], [ -98.850061, 47.751258 ], [ -98.849754, 47.751532 ], [ -98.849073, 47.751647 ], [ -98.847644, 47.75151 ], [ -98.847201, 47.751258 ], [ -98.847332, 47.750732 ], [ -98.847161, 47.750419 ], [ -98.846072, 47.750385 ], [ -98.845902, 47.750465 ], [ -98.845865, 47.750961 ], [ -98.845252, 47.751076 ], [ -98.844705, 47.750328 ], [ -98.844092, 47.750316 ], [ -98.84395, 47.751532 ], [ -98.844963, 47.751623 ], [ -98.84513, 47.751897 ], [ -98.843633, 47.752355 ], [ -98.842781, 47.752195 ], [ -98.842675, 47.75151 ], [ -98.841756, 47.75135 ], [ -98.841653, 47.751213 ], [ -98.841618, 47.75103 ], [ -98.842225, 47.750869 ], [ -98.842594, 47.750349 ], [ -98.839067, 47.750441 ], [ -98.838637, 47.751511 ], [ -98.838578, 47.752379 ], [ -98.838682, 47.752585 ], [ -98.839604, 47.753019 ], [ -98.839645, 47.753636 ], [ -98.838905, 47.754025 ], [ -98.83564, 47.754392 ], [ -98.834232, 47.755627 ], [ -98.834235, 47.75597 ], [ -98.834612, 47.756267 ], [ -98.834581, 47.756473 ], [ -98.834042, 47.75677 ], [ -98.834011, 47.756976 ], [ -98.834729, 47.757364 ], [ -98.834903, 47.757845 ], [ -98.835315, 47.758233 ], [ -98.835597, 47.759216 ], [ -98.834554, 47.759582 ], [ -98.833948, 47.759536 ], [ -98.833614, 47.759012 ], [ -98.833278, 47.75908 ], [ -98.833321, 47.759949 ], [ -98.833561, 47.760131 ], [ -98.833256, 47.760589 ], [ -98.832849, 47.760429 ], [ -98.832544, 47.759995 ], [ -98.832408, 47.759652 ], [ -98.832577, 47.758989 ], [ -98.832374, 47.758898 ], [ -98.831764, 47.759058 ], [ -98.831425, 47.759423 ], [ -98.83173, 47.760406 ], [ -98.831595, 47.76148 ], [ -98.832307, 47.761617 ], [ -98.832544, 47.761869 ], [ -98.832002, 47.762074 ], [ -98.830782, 47.761869 ], [ -98.83068, 47.761046 ], [ -98.829968, 47.760521 ], [ -98.830002, 47.760201 ], [ -98.830375, 47.759812 ], [ -98.830273, 47.759629 ], [ -98.829391, 47.759058 ], [ -98.829086, 47.759035 ], [ -98.828138, 47.759264 ], [ -98.827833, 47.75963 ], [ -98.827697, 47.760407 ], [ -98.827969, 47.761047 ], [ -98.827698, 47.761755 ], [ -98.828274, 47.762052 ], [ -98.82824, 47.762212 ], [ -98.827664, 47.762532 ], [ -98.827156, 47.762509 ], [ -98.825834, 47.761984 ], [ -98.825223, 47.762098 ], [ -98.824952, 47.762304 ], [ -98.824952, 47.762464 ], [ -98.826173, 47.763195 ], [ -98.825631, 47.763515 ], [ -98.825631, 47.763744 ], [ -98.826275, 47.763903 ], [ -98.825766, 47.764703 ], [ -98.824953, 47.764886 ], [ -98.824919, 47.765092 ], [ -98.826038, 47.765389 ], [ -98.826309, 47.765549 ], [ -98.826309, 47.7658 ], [ -98.826173, 47.76596 ], [ -98.824851, 47.7658 ], [ -98.824004, 47.766006 ], [ -98.823428, 47.765823 ], [ -98.823123, 47.765938 ], [ -98.823157, 47.766761 ], [ -98.822852, 47.76756 ], [ -98.82353, 47.767469 ], [ -98.824581, 47.76676 ], [ -98.825055, 47.766715 ], [ -98.825733, 47.767012 ], [ -98.825835, 47.767309 ], [ -98.825191, 47.76772 ], [ -98.822513, 47.768292 ], [ -98.822479, 47.769274 ], [ -98.82292, 47.770166 ], [ -98.822785, 47.770349 ], [ -98.822039, 47.77076 ], [ -98.820751, 47.771171 ], [ -98.820107, 47.771149 ], [ -98.819158, 47.770577 ], [ -98.817666, 47.770692 ], [ -98.81709, 47.771057 ], [ -98.816615, 47.771057 ], [ -98.815666, 47.770555 ], [ -98.815293, 47.770463 ], [ -98.814785, 47.770555 ], [ -98.814344, 47.770943 ], [ -98.814174, 47.771949 ], [ -98.815022, 47.773434 ], [ -98.81492, 47.773594 ], [ -98.813801, 47.774006 ], [ -98.813056, 47.775011 ], [ -98.811564, 47.77572 ], [ -98.811225, 47.776154 ], [ -98.81092, 47.777251 ], [ -98.810072, 47.777411 ], [ -98.808648, 47.777411 ], [ -98.807835, 47.777319 ], [ -98.806037, 47.776748 ], [ -98.805901, 47.776634 ], [ -98.806071, 47.775514 ], [ -98.805698, 47.775262 ], [ -98.805291, 47.775354 ], [ -98.80407, 47.776496 ], [ -98.802375, 47.777593 ], [ -98.802476, 47.779376 ], [ -98.803188, 47.779879 ], [ -98.803188, 47.780244 ], [ -98.802815, 47.780541 ], [ -98.801594, 47.780884 ], [ -98.798001, 47.780678 ], [ -98.797729, 47.780541 ], [ -98.79773, 47.779055 ], [ -98.798205, 47.778484 ], [ -98.797967, 47.778095 ], [ -98.79712, 47.777775 ], [ -98.796611, 47.777867 ], [ -98.796509, 47.778758 ], [ -98.796306, 47.779009 ], [ -98.795865, 47.779055 ], [ -98.795526, 47.778781 ], [ -98.795526, 47.778278 ], [ -98.795832, 47.777752 ], [ -98.795187, 47.777478 ], [ -98.794848, 47.777569 ], [ -98.793119, 47.779009 ], [ -98.791017, 47.779077 ], [ -98.788677, 47.779876 ], [ -98.787659, 47.780608 ], [ -98.787354, 47.78159 ], [ -98.785963, 47.782573 ], [ -98.782776, 47.782115 ], [ -98.781216, 47.78216 ], [ -98.779894, 47.782731 ], [ -98.778571, 47.782662 ], [ -98.777758, 47.782388 ], [ -98.776638, 47.782433 ], [ -98.77406, 47.782981 ], [ -98.772907, 47.783369 ], [ -98.771923, 47.784031 ], [ -98.771211, 47.784991 ], [ -98.771074, 47.785516 ], [ -98.769718, 47.785881 ], [ -98.768768, 47.785904 ], [ -98.76748, 47.785652 ], [ -98.765954, 47.785857 ], [ -98.764937, 47.785834 ], [ -98.763038, 47.785467 ], [ -98.762461, 47.785787 ], [ -98.762731, 47.787364 ], [ -98.761442, 47.787958 ], [ -98.760899, 47.787935 ], [ -98.760391, 47.787706 ], [ -98.759307, 47.786814 ], [ -98.758764, 47.786677 ], [ -98.758018, 47.786928 ], [ -98.75856, 47.787911 ], [ -98.759102, 47.788299 ], [ -98.760152, 47.788894 ], [ -98.760831, 47.78878 ], [ -98.761509, 47.78894 ], [ -98.761169, 47.78942 ], [ -98.759643, 47.789922 ], [ -98.759201, 47.790242 ], [ -98.759201, 47.791065 ], [ -98.758793, 47.791567 ], [ -98.759742, 47.792322 ], [ -98.762047, 47.793054 ], [ -98.762217, 47.793352 ], [ -98.762148, 47.79374 ], [ -98.761537, 47.79454 ], [ -98.760281, 47.795499 ], [ -98.760145, 47.795887 ], [ -98.760314, 47.796527 ], [ -98.761229, 47.797328 ], [ -98.761229, 47.797716 ], [ -98.759939, 47.798584 ], [ -98.759463, 47.799292 ], [ -98.757327, 47.798926 ], [ -98.756581, 47.799017 ], [ -98.754545, 47.799998 ], [ -98.754375, 47.80025 ], [ -98.754679, 47.800913 ], [ -98.754577, 47.801164 ], [ -98.753831, 47.801323 ], [ -98.752847, 47.801186 ], [ -98.751661, 47.800043 ], [ -98.749969, 47.798831 ], [ -98.749935, 47.797871 ], [ -98.749714, 47.79762 ], [ -98.749274, 47.797757 ], [ -98.749003, 47.798237 ], [ -98.748087, 47.798581 ], [ -98.748019, 47.797827 ], [ -98.747578, 47.797804 ], [ -98.747341, 47.79801 ], [ -98.747206, 47.798695 ], [ -98.747511, 47.798969 ], [ -98.748529, 47.799015 ], [ -98.749343, 47.799288 ], [ -98.749039, 47.800066 ], [ -98.748225, 47.800135 ], [ -98.745782, 47.799382 ], [ -98.7449, 47.798879 ], [ -98.744526, 47.79888 ], [ -98.744323, 47.799245 ], [ -98.744052, 47.799291 ], [ -98.743034, 47.799177 ], [ -98.742254, 47.798606 ], [ -98.74222, 47.797624 ], [ -98.741678, 47.797441 ], [ -98.739815, 47.797306 ], [ -98.73853, 47.796347 ], [ -98.73447, 47.797767 ], [ -98.73298, 47.798019 ], [ -98.731525, 47.798546 ], [ -98.730206, 47.799461 ], [ -98.729596, 47.799553 ], [ -98.729158, 47.800079 ], [ -98.729366, 47.801336 ], [ -98.728013, 47.802252 ], [ -98.726761, 47.80255 ], [ -98.726288, 47.802504 ], [ -98.726152, 47.802344 ], [ -98.726186, 47.802001 ], [ -98.72782, 47.800059 ], [ -98.727652, 47.799237 ], [ -98.72667, 47.799283 ], [ -98.725926, 47.799855 ], [ -98.723862, 47.800405 ], [ -98.723086, 47.801458 ], [ -98.722343, 47.802075 ], [ -98.719738, 47.803494 ], [ -98.719265, 47.804019 ], [ -98.719031, 47.805095 ], [ -98.718422, 47.805415 ], [ -98.716747, 47.805211 ], [ -98.715354, 47.804621 ], [ -98.715366, 47.804211 ], [ -98.715681, 47.803962 ], [ -98.716981, 47.803501 ], [ -98.717401, 47.80315 ], [ -98.717525, 47.802399 ], [ -98.717079, 47.802116 ], [ -98.714358, 47.802483 ], [ -98.71327, 47.8029 ], [ -98.712428, 47.802917 ], [ -98.711389, 47.802616 ], [ -98.709806, 47.8029 ], [ -98.707926, 47.802633 ], [ -98.706145, 47.802683 ], [ -98.704735, 47.803067 ], [ -98.701914, 47.8029 ], [ -98.700331, 47.803517 ], [ -98.700059, 47.804886 ], [ -98.699218, 47.805369 ], [ -98.698278, 47.805203 ], [ -98.697387, 47.803801 ], [ -98.696472, 47.803467 ], [ -98.695853, 47.803467 ], [ -98.694443, 47.804368 ], [ -98.693157, 47.804468 ], [ -98.688852, 47.804368 ], [ -98.68853, 47.804185 ], [ -98.688555, 47.8033 ], [ -98.688308, 47.802933 ], [ -98.686452, 47.802466 ], [ -98.685314, 47.802332 ], [ -98.679872, 47.80335 ], [ -98.677917, 47.803133 ], [ -98.67574, 47.802466 ], [ -98.674903, 47.802824 ], [ -98.674148, 47.802954 ], [ -98.670815, 47.80281 ], [ -98.670174, 47.802611 ], [ -98.669701, 47.801589 ], [ -98.669634, 47.800903 ], [ -98.669227, 47.800537 ], [ -98.668345, 47.800423 ], [ -98.667022, 47.80088 ], [ -98.666581, 47.800834 ], [ -98.666344, 47.800308 ], [ -98.667057, 47.799371 ], [ -98.666921, 47.798846 ], [ -98.66258, 47.798274 ], [ -98.662343, 47.798114 ], [ -98.662649, 47.796879 ], [ -98.662242, 47.796582 ], [ -98.661224, 47.796948 ], [ -98.660308, 47.797016 ], [ -98.65963, 47.797382 ], [ -98.65807, 47.797381 ], [ -98.657696, 47.797495 ], [ -98.657289, 47.797861 ], [ -98.65739, 47.798798 ], [ -98.656678, 47.798843 ], [ -98.654338, 47.798454 ], [ -98.653592, 47.798111 ], [ -98.652134, 47.797928 ], [ -98.651727, 47.797654 ], [ -98.651559, 47.795871 ], [ -98.650881, 47.795574 ], [ -98.645047, 47.795686 ], [ -98.644165, 47.795617 ], [ -98.643148, 47.795297 ], [ -98.64247, 47.795388 ], [ -98.641448, 47.7979 ], [ -98.64121, 47.798152 ], [ -98.640497, 47.798242 ], [ -98.639412, 47.79815 ], [ -98.636087, 47.797439 ], [ -98.635781, 47.797187 ], [ -98.635781, 47.796912 ], [ -98.636697, 47.79609 ], [ -98.636324, 47.795861 ], [ -98.63551, 47.795928 ], [ -98.635067, 47.796614 ], [ -98.632997, 47.796543 ], [ -98.632251, 47.795629 ], [ -98.632387, 47.794874 ], [ -98.630792, 47.794347 ], [ -98.630114, 47.79437 ], [ -98.628688, 47.794711 ], [ -98.627569, 47.794756 ], [ -98.62582, 47.794548 ], [ -98.625051, 47.794777 ], [ -98.624984, 47.79496 ], [ -98.622996, 47.79448 ], [ -98.622419, 47.794503 ], [ -98.62191, 47.794778 ], [ -98.621537, 47.795463 ], [ -98.621537, 47.796422 ], [ -98.620553, 47.796742 ], [ -98.619841, 47.796788 ], [ -98.619094, 47.796628 ], [ -98.618177, 47.796102 ], [ -98.617938, 47.795462 ], [ -98.618074, 47.795005 ], [ -98.617495, 47.794525 ], [ -98.616105, 47.794365 ], [ -98.612983, 47.795714 ], [ -98.611525, 47.795851 ], [ -98.609761, 47.796446 ], [ -98.607283, 47.796812 ], [ -98.605485, 47.796858 ], [ -98.603551, 47.79736 ], [ -98.60182, 47.797338 ], [ -98.60104, 47.796949 ], [ -98.600394, 47.796377 ], [ -98.600053, 47.795028 ], [ -98.599679, 47.794639 ], [ -98.598932, 47.794388 ], [ -98.597439, 47.794136 ], [ -98.595403, 47.794046 ], [ -98.593435, 47.794617 ], [ -98.590042, 47.795051 ], [ -98.586429, 47.794285 ], [ -98.585761, 47.793697 ], [ -98.586044, 47.792927 ], [ -98.585976, 47.79167 ], [ -98.585772, 47.79167 ], [ -98.58506, 47.791098 ], [ -98.584144, 47.790824 ], [ -98.583669, 47.790893 ], [ -98.582449, 47.791763 ], [ -98.581907, 47.792517 ], [ -98.581466, 47.7927 ], [ -98.580686, 47.792791 ], [ -98.578888, 47.792403 ], [ -98.57821, 47.791946 ], [ -98.57821, 47.791649 ], [ -98.579363, 47.7911 ], [ -98.579396, 47.790848 ], [ -98.579227, 47.790597 ], [ -98.578243, 47.790414 ], [ -98.577768, 47.790117 ], [ -98.577768, 47.789911 ], [ -98.578514, 47.789614 ], [ -98.578921, 47.789043 ], [ -98.578446, 47.787786 ], [ -98.577802, 47.787032 ], [ -98.577327, 47.786803 ], [ -98.574443, 47.786529 ], [ -98.574002, 47.786278 ], [ -98.57407, 47.785935 ], [ -98.575766, 47.785341 ], [ -98.576715, 47.785203 ], [ -98.578242, 47.785706 ], [ -98.578649, 47.785706 ], [ -98.579157, 47.785523 ], [ -98.579157, 47.78502 ], [ -98.578377, 47.784152 ], [ -98.575595, 47.782438 ], [ -98.57451, 47.781867 ], [ -98.572815, 47.781364 ], [ -98.572374, 47.781067 ], [ -98.572204, 47.780542 ], [ -98.57234, 47.780336 ], [ -98.573764, 47.779765 ], [ -98.573899, 47.779285 ], [ -98.573255, 47.778896 ], [ -98.57139, 47.779034 ], [ -98.570068, 47.778805 ], [ -98.569831, 47.778897 ], [ -98.569865, 47.779194 ], [ -98.570373, 47.779673 ], [ -98.570679, 47.780382 ], [ -98.570543, 47.780588 ], [ -98.569967, 47.780633 ], [ -98.569661, 47.780496 ], [ -98.569526, 47.780016 ], [ -98.56861, 47.779445 ], [ -98.568712, 47.778645 ], [ -98.568203, 47.77828 ], [ -98.567254, 47.778211 ], [ -98.566915, 47.778005 ], [ -98.567152, 47.777228 ], [ -98.566813, 47.777046 ], [ -98.565932, 47.77732 ], [ -98.565254, 47.77732 ], [ -98.565559, 47.776177 ], [ -98.565999, 47.77588 ], [ -98.566203, 47.7754 ], [ -98.565389, 47.775194 ], [ -98.564341, 47.77531 ], [ -98.56326, 47.77611 ], [ -98.563433, 47.776819 ], [ -98.562554, 47.777093 ], [ -98.56056, 47.776226 ], [ -98.560561, 47.775907 ], [ -98.560258, 47.775564 ], [ -98.558974, 47.775131 ], [ -98.558737, 47.774857 ], [ -98.558673, 47.774012 ], [ -98.558065, 47.773806 ], [ -98.555256, 47.773579 ], [ -98.55468, 47.773281 ], [ -98.553321, 47.771932 ], [ -98.553252, 47.771543 ], [ -98.553422, 47.771361 ], [ -98.554471, 47.771292 ], [ -98.554301, 47.770881 ], [ -98.552741, 47.770743 ], [ -98.551417, 47.771017 ], [ -98.551417, 47.771291 ], [ -98.551788, 47.771725 ], [ -98.551821, 47.772251 ], [ -98.551074, 47.772365 ], [ -98.549853, 47.771952 ], [ -98.54941, 47.770558 ], [ -98.548833, 47.770261 ], [ -98.548256, 47.770467 ], [ -98.547713, 47.771151 ], [ -98.546117, 47.771083 ], [ -98.544691, 47.771197 ], [ -98.543843, 47.770854 ], [ -98.543334, 47.770395 ], [ -98.5433, 47.770098 ], [ -98.543808, 47.769893 ], [ -98.543842, 47.769504 ], [ -98.542892, 47.769367 ], [ -98.542382, 47.76955 ], [ -98.541669, 47.77019 ], [ -98.5416, 47.770395 ], [ -98.541939, 47.770806 ], [ -98.541836, 47.77108 ], [ -98.541089, 47.771377 ], [ -98.541088, 47.771925 ], [ -98.540512, 47.771994 ], [ -98.540104, 47.771628 ], [ -98.539391, 47.771422 ], [ -98.539018, 47.771558 ], [ -98.539051, 47.772107 ], [ -98.538406, 47.772152 ], [ -98.537456, 47.771924 ], [ -98.536879, 47.771992 ], [ -98.536777, 47.772769 ], [ -98.536201, 47.77302 ], [ -98.534641, 47.773271 ], [ -98.532743, 47.772677 ], [ -98.532811, 47.772357 ], [ -98.533761, 47.771923 ], [ -98.533862, 47.771717 ], [ -98.533795, 47.771054 ], [ -98.533558, 47.770803 ], [ -98.530505, 47.77199 ], [ -98.528505, 47.772515 ], [ -98.526606, 47.77352 ], [ -98.52569, 47.773497 ], [ -98.52577, 47.74511 ], [ -98.525582, 47.744487 ], [ -98.525516, 47.740139 ], [ -98.525602, 47.730342 ], [ -98.525781, 47.730069 ], [ -98.525391, 47.672318 ], [ -98.500181, 47.672413 ], [ -98.500144, 47.645143 ], [ -98.499981, 47.644622 ], [ -98.50017, 47.626891 ], [ -98.500085, 47.587228 ], [ -98.650259, 47.587255 ], [ -98.777305, 47.587601 ], [ -98.841612, 47.587439 ], [ -98.862827, 47.587237 ], [ -98.947289, 47.587447 ], [ -98.967366, 47.587346 ], [ -98.999661, 47.587534 ], [ -99.022753, 47.587418 ], [ -99.137331, 47.587824 ], [ -99.265798, 47.5876 ], [ -99.266333, 47.457519 ], [ -99.266215, 47.326999 ], [ -99.266892, 47.327198 ], [ -99.319048, 47.327128 ], [ -99.322875, 47.326973 ], [ -99.376294, 47.326936 ], [ -99.481095, 47.327027 ], [ -99.480895, 47.313307 ], [ -99.481155, 47.284227 ], [ -99.481155, 47.250037 ], [ -99.480764, 47.240796 ], [ -99.480773, 47.227695 ], [ -99.480971, 47.221155 ], [ -99.480936, 47.183221 ], [ -99.481394, 47.084858 ], [ -99.481209, 47.066123 ], [ -99.481263, 47.009246 ], [ -99.480959, 46.994709 ], [ -99.48102, 46.980369 ], [ -99.445891, 46.980189 ], [ -99.4479, 46.791164 ], [ -99.448499, 46.750022 ], [ -99.448316, 46.747729 ], [ -99.448565, 46.733109 ], [ -99.448413, 46.720731 ], [ -99.449063, 46.682688 ], [ -99.448826, 46.681837 ], [ -99.449154, 46.662526 ], [ -99.449358, 46.660647 ], [ -99.44972, 46.63163 ], [ -99.5121, 46.631767 ], [ -99.513701, 46.631666 ], [ -99.575097, 46.631965 ], [ -99.60326, 46.631947 ], [ -99.702188, 46.632391 ], [ -99.764601, 46.632413 ], [ -99.765516, 46.632511 ], [ -99.779618, 46.632496 ], [ -99.781327, 46.632196 ], [ -99.782885, 46.632501 ], [ -99.783887, 46.63251 ], [ -99.789561, 46.632412 ], [ -99.849647, 46.632713 ], [ -99.852513, 46.632534 ], [ -99.852742, 46.632658 ], [ -99.863377, 46.632769 ], [ -99.914434, 46.632877 ], [ -99.933861, 46.633065 ], [ -99.936527, 46.632944 ], [ -99.954957, 46.633165 ], [ -99.957616, 46.632965 ], [ -99.976126, 46.633015 ], [ -99.978384, 46.632894 ], [ -99.999686, 46.633125 ], [ -100.000287, 46.632996 ], [ -100.020556, 46.633024 ], [ -100.03932, 46.633277 ], [ -100.081198, 46.633396 ], [ -100.080099, 46.690496 ], [ -100.079856, 46.6915 ], [ -100.080205, 46.692176 ], [ -100.080062, 46.707073 ], [ -100.079188, 46.73495 ], [ -100.07902, 46.757515 ], [ -100.078395, 46.77829 ], [ -100.077914, 46.807215 ], [ -100.224907, 46.807505 ], [ -100.2592, 46.807821 ], [ -100.288888, 46.807873 ], [ -100.296576, 46.807868 ], [ -100.29869, 46.807687 ], [ -100.299233, 46.807908 ], [ -100.305039, 46.808016 ], [ -100.352082, 46.808153 ], [ -100.373016, 46.808389 ], [ -100.394265, 46.808105 ], [ -100.457144, 46.808247 ], [ -100.45697, 46.819163 ], [ -100.457125, 46.820681 ], [ -100.456912, 46.821506 ], [ -100.456697, 46.833924 ], [ -100.456795, 46.851682 ], [ -100.456085, 46.874993 ], [ -100.455973, 46.894869 ], [ -100.49232, 46.895314 ], [ -100.540432, 46.895529 ], [ -100.541482, 46.895684 ], [ -100.543128, 46.895546 ], [ -100.54736, 46.895642 ], [ -100.550627, 46.89555 ], [ -100.582313, 46.895728 ], [ -100.581305, 46.950657 ], [ -100.580987, 46.952336 ], [ -100.581183, 46.956517 ], [ -100.580746, 46.982352 ], [ -100.599304, 46.982466 ], [ -100.605122, 46.982638 ], [ -100.749556, 46.982971 ], [ -100.74945, 46.995852 ], [ -100.749159, 46.997571 ], [ -100.749296, 46.997774 ], [ -100.749525, 47.025525 ], [ -100.749876, 47.039508 ], [ -100.749627, 47.040935 ], [ -100.749799, 47.089565 ], [ -100.74926, 47.174936 ], [ -100.749492, 47.175256 ], [ -100.749259, 47.177387 ], [ -100.749, 47.242904 ], [ -100.749266, 47.318915 ], [ -100.749249, 47.322618 ], [ -100.749037, 47.323676 ], [ -100.749365, 47.323872 ], [ -100.749334, 47.327685 ] ] ] } },
{ "type": "Feature", "properties": { "district": "15", "district_int": 15 }, "geometry": { "type": "Polygon", "coordinates": [ [ [ -99.493286, 48.457894 ], [ -99.493002, 48.718359 ], [ -99.525895, 48.718384 ], [ -99.525678, 48.834555 ], [ -99.525957, 48.858641 ], [ -99.525758, 48.86301 ], [ -99.525745, 48.920645 ], [ -99.525501, 48.921069 ], [ -99.52549, 48.935282 ], [ -99.525774, 48.999411 ], [ -99.328231, 48.999596 ], [ -99.17833, 48.99976 ], [ -98.869038, 49.000077 ], [ -98.58994, 49.000172 ], [ -98.378331, 49.000235 ], [ -98.210839, 49.000267 ], [ -98.211716, 48.945551 ], [ -98.211919, 48.913663 ], [ -98.211623, 48.891288 ], [ -98.211989, 48.887611 ], [ -98.211717, 48.886656 ], [ -98.211727, 48.875092 ], [ -98.211471, 48.874701 ], [ -98.211916, 48.872381 ], [ -98.211711, 48.846585 ], [ -98.211717, 48.787354 ], [ -98.211909, 48.768132 ], [ -98.211445, 48.750077 ], [ -98.211817, 48.746636 ], [ -98.211839, 48.71768 ], [ -98.187125, 48.717685 ], [ -98.187404, 48.621735 ], [ -98.187614, 48.619833 ], [ -98.187424, 48.612293 ], [ -98.187624, 48.598378 ], [ -98.187444, 48.59803 ], [ -98.187389, 48.559819 ], [ -98.187562, 48.557585 ], [ -98.187546, 48.543258 ], [ -98.318036, 48.543773 ], [ -98.318208, 48.482685 ], [ -98.318039, 48.442236 ], [ -98.31846, 48.381745 ], [ -98.31838, 48.369722 ], [ -98.291852, 48.369694 ], [ -98.292083, 48.282199 ], [ -98.292455, 48.250426 ], [ -98.292487, 48.209851 ], [ -98.292184, 48.195177 ], [ -98.374955, 48.194978 ], [ -98.383832, 48.194823 ], [ -98.422057, 48.194782 ], [ -98.422474, 48.02108 ], [ -98.461578, 48.02124 ], [ -98.525609, 48.021121 ], [ -98.525555, 47.915056 ], [ -98.582357, 47.915106 ], [ -98.59919, 47.94519 ], [ -98.599705, 47.942883 ], [ -98.600726, 47.941344 ], [ -98.602343, 47.940148 ], [ -98.608386, 47.936956 ], [ -98.615962, 47.933251 ], [ -98.617409, 47.932169 ], [ -98.61826, 47.930858 ], [ -98.61877, 47.929319 ], [ -98.618515, 47.924247 ], [ -98.618004, 47.922252 ], [ -98.618345, 47.920371 ], [ -98.619026, 47.91832 ], [ -98.620156, 47.916423 ], [ -98.625384, 47.916399 ], [ -98.626184, 47.916799 ], [ -98.626884, 47.917199 ], [ -98.627584, 47.918299 ], [ -98.627984, 47.918999 ], [ -98.628084, 47.919999 ], [ -98.629684, 47.920699 ], [ -98.630584, 47.921499 ], [ -98.631584, 47.923099 ], [ -98.631784, 47.923499 ], [ -98.631684, 47.925999 ], [ -98.632084, 47.926199 ], [ -98.633184, 47.927899 ], [ -98.632984, 47.929199 ], [ -98.634884, 47.929699 ], [ -98.635284, 47.930599 ], [ -98.635284, 47.930999 ], [ -98.634784, 47.931499 ], [ -98.633284, 47.932299 ], [ -98.630484, 47.932799 ], [ -98.629684, 47.933399 ], [ -98.628484, 47.935499 ], [ -98.627884, 47.935999 ], [ -98.625684, 47.936799 ], [ -98.625605, 47.937635 ], [ -98.626284, 47.938899 ], [ -98.626984, 47.939199 ], [ -98.628284, 47.940599 ], [ -98.630184, 47.941599 ], [ -98.630784, 47.941699 ], [ -98.632484, 47.942999 ], [ -98.633584, 47.943499 ], [ -98.634784, 47.944399 ], [ -98.636785, 47.945199 ], [ -98.639385, 47.946899 ], [ -98.640285, 47.947099 ], [ -98.642085, 47.947899 ], [ -98.643085, 47.948699 ], [ -98.643685, 47.949499 ], [ -98.644985, 47.950499 ], [ -98.646185, 47.951099 ], [ -98.648185, 47.9517 ], [ -98.650685, 47.9537 ], [ -98.651985, 47.9542 ], [ -98.655285, 47.9571 ], [ -98.657685, 47.9587 ], [ -98.658985, 47.9599 ], [ -98.659885, 47.9602 ], [ -98.661585, 47.9618 ], [ -98.663485, 47.9643 ], [ -98.663585, 47.9655 ], [ -98.664286, 47.9679 ], [ -98.664286, 47.9705 ], [ -98.664586, 47.9714 ], [ -98.665686, 47.9724 ], [ -98.665786, 47.9728 ], [ -98.665686, 47.9748 ], [ -98.667086, 47.9765 ], [ -98.668086, 47.9772 ], [ -98.670186, 47.9794 ], [ -98.670759, 47.980407 ], [ -98.669151, 47.982712 ], [ -98.665023, 47.985562 ], [ -98.664192, 47.986798 ], [ -98.664168, 47.987806 ], [ -98.665063, 47.990304 ], [ -98.663733, 47.991434 ], [ -98.663818, 47.992074 ], [ -98.666828, 47.994189 ], [ -98.667333, 47.995625 ], [ -98.670286, 47.9987 ], [ -98.670986, 48.0 ], [ -98.671386, 48.0 ], [ -98.672086, 48.0004 ], [ -98.675086, 48.000498 ], [ -98.676185, 48.000699 ], [ -98.678184, 48.000599 ], [ -98.682574, 48.00095 ], [ -98.686095, 48.001737 ], [ -98.689049, 48.002681 ], [ -98.693907, 48.003691 ], [ -98.695274, 48.003761 ], [ -98.699987, 48.0032 ], [ -98.706387, 48.0034 ], [ -98.707487, 48.0027 ], [ -98.709987, 48.0001 ], [ -98.711287, 47.9998 ], [ -98.713987, 47.9986 ], [ -98.714987, 47.9985 ], [ -98.715287, 47.9987 ], [ -98.716387, 47.9988 ], [ -98.720687, 47.9987 ], [ -98.722987, 47.998 ], [ -98.723887, 47.9973 ], [ -98.725887, 47.9937 ], [ -98.726887, 47.9928 ], [ -98.727187, 47.9914 ], [ -98.727287, 47.9915 ], [ -98.728387, 47.9895 ], [ -98.730087, 47.9873 ], [ -98.730587, 47.9872 ], [ -98.732587, 47.985 ], [ -98.734087, 47.9822 ], [ -98.735687, 47.9803 ], [ -98.738287, 47.9789 ], [ -98.740487, 47.978 ], [ -98.741287, 47.9774 ], [ -98.745387, 47.9753 ], [ -98.746487, 47.9749 ], [ -98.749487, 47.9732 ], [ -98.750555, 47.973064 ], [ -98.752515, 47.971667 ], [ -98.753214, 47.971349 ], [ -98.755459, 47.970864 ], [ -98.758276, 47.970671 ], [ -98.761408, 47.971052 ], [ -98.762657, 47.971695 ], [ -98.763029, 47.971689 ], [ -98.763551, 47.971137 ], [ -98.763566, 47.97088 ], [ -98.764375, 47.970377 ], [ -98.764875, 47.969688 ], [ -98.76514, 47.969569 ], [ -98.766266, 47.969544 ], [ -98.767216, 47.969227 ], [ -98.769121, 47.96824 ], [ -98.770624, 47.967782 ], [ -98.770938, 47.967543 ], [ -98.772517, 47.964864 ], [ -98.773015, 47.964327 ], [ -98.774994, 47.963131 ], [ -98.777102, 47.962274 ], [ -98.779815, 47.960777 ], [ -98.781458, 47.958686 ], [ -98.782704, 47.957671 ], [ -98.783035, 47.957085 ], [ -98.784337, 47.956312 ], [ -98.784955, 47.954811 ], [ -98.787611, 47.953079 ], [ -98.78926, 47.951431 ], [ -98.789911, 47.951008 ], [ -98.791592, 47.950631 ], [ -98.793169, 47.950841 ], [ -98.794312, 47.951314 ], [ -98.79565, 47.952513 ], [ -98.796345, 47.954344 ], [ -98.797, 47.954605 ], [ -98.79692, 47.955297 ], [ -98.797236, 47.955854 ], [ -98.797122, 47.956352 ], [ -98.796433, 47.956904 ], [ -98.794376, 47.957681 ], [ -98.792157, 47.958996 ], [ -98.789456, 47.961419 ], [ -98.788552, 47.961929 ], [ -98.787334, 47.964506 ], [ -98.786922, 47.964849 ], [ -98.784673, 47.96569 ], [ -98.784436, 47.966445 ], [ -98.784682, 47.9687 ], [ -98.784279, 47.969333 ], [ -98.781516, 47.971926 ], [ -98.780114, 47.972883 ], [ -98.777624, 47.973746 ], [ -98.776568, 47.973917 ], [ -98.775838, 47.973873 ], [ -98.773951, 47.974401 ], [ -98.770039, 47.974982 ], [ -98.766958, 47.975213 ], [ -98.765139, 47.975114 ], [ -98.763042, 47.974321 ], [ -98.761915, 47.973494 ], [ -98.761612, 47.972864 ], [ -98.761463, 47.972348 ], [ -98.762115, 47.971966 ], [ -98.761941, 47.971506 ], [ -98.761454, 47.971245 ], [ -98.76051, 47.971047 ], [ -98.759622, 47.971235 ], [ -98.759088, 47.971771 ], [ -98.75942, 47.973841 ], [ -98.759133, 47.974644 ], [ -98.758514, 47.975316 ], [ -98.757062, 47.976394 ], [ -98.753559, 47.977798 ], [ -98.751497, 47.980618 ], [ -98.75061, 47.982456 ], [ -98.750577, 47.983083 ], [ -98.751083, 47.984672 ], [ -98.751883, 47.985787 ], [ -98.752064, 47.987486 ], [ -98.752552, 47.98856 ], [ -98.752627, 47.989212 ], [ -98.752232, 47.99098 ], [ -98.752505, 47.992125 ], [ -98.752845, 47.992634 ], [ -98.753567, 47.99333 ], [ -98.755325, 47.994451 ], [ -98.758397, 47.995822 ], [ -98.761432, 47.997433 ], [ -98.762357, 47.998187 ], [ -98.763111, 47.999093 ], [ -98.763589, 48.0012 ], [ -98.763089, 48.002 ], [ -98.762289, 48.0028 ], [ -98.760789, 48.0033 ], [ -98.759289, 48.0048 ], [ -98.759589, 48.0054 ], [ -98.760189, 48.0059 ], [ -98.761289, 48.0063 ], [ -98.763689, 48.0076 ], [ -98.764889, 48.0093 ], [ -98.765089, 48.0099 ], [ -98.765689, 48.0127 ], [ -98.765489, 48.015 ], [ -98.766089, 48.0168 ], [ -98.766089, 48.0173 ], [ -98.765289, 48.0194 ], [ -98.765289, 48.0201 ], [ -98.76579, 48.0217 ], [ -98.76569, 48.0231 ], [ -98.76609, 48.025 ], [ -98.76599, 48.0257 ], [ -98.76619, 48.0269 ], [ -98.76689, 48.0289 ], [ -98.76669, 48.0294 ], [ -98.76729, 48.0306 ], [ -98.76769, 48.0305 ], [ -98.76769, 48.0285 ], [ -98.76689, 48.0245 ], [ -98.76739, 48.0231 ], [ -98.76699, 48.0215 ], [ -98.76779, 48.0181 ], [ -98.768189, 48.0128 ], [ -98.768489, 48.0119 ], [ -98.768989, 48.0115 ], [ -98.768589, 48.0076 ], [ -98.769089, 48.0064 ], [ -98.769189, 48.0049 ], [ -98.769189, 48.0042 ], [ -98.768089, 48.0034 ], [ -98.767589, 48.0021 ], [ -98.767689, 48.0005 ], [ -98.767489, 48.0 ], [ -98.767718, 47.999571 ], [ -98.767987, 47.999162 ], [ -98.768566, 47.998851 ], [ -98.769754, 47.998689 ], [ -98.774589, 48.0 ], [ -98.775389, 48.0008 ], [ -98.776489, 48.0006 ], [ -98.77869, 48.001 ], [ -98.77949, 48.001 ], [ -98.78119, 48.0014 ], [ -98.78319, 48.0016 ], [ -98.78299, 48.0025 ], [ -98.78249, 48.0028 ], [ -98.78239, 48.0031 ], [ -98.78279, 48.0033 ], [ -98.78279, 48.0044 ], [ -98.78329, 48.0055 ], [ -98.78379, 48.0055 ], [ -98.78689, 48.0069 ], [ -98.78759, 48.0081 ], [ -98.78749, 48.0096 ], [ -98.78799, 48.0104 ], [ -98.78739, 48.0111 ], [ -98.78639, 48.0118 ], [ -98.78469, 48.0125 ], [ -98.78439, 48.0132 ], [ -98.78479, 48.0146 ], [ -98.78469, 48.017 ], [ -98.78519, 48.0182 ], [ -98.78509, 48.0187 ], [ -98.78559, 48.0193 ], [ -98.785691, 48.0211 ], [ -98.786891, 48.0254 ], [ -98.786591, 48.0269 ], [ -98.786691, 48.0274 ], [ -98.786391, 48.0283 ], [ -98.785391, 48.0291 ], [ -98.785191, 48.0296 ], [ -98.785391, 48.0299 ], [ -98.786291, 48.0298 ], [ -98.785891, 48.0301 ], [ -98.786791, 48.0307 ], [ -98.788491, 48.0311 ], [ -98.788991, 48.0318 ], [ -98.789991, 48.0321 ], [ -98.791391, 48.0334 ], [ -98.792891, 48.036 ], [ -98.792891, 48.0364 ], [ -98.793691, 48.0373 ], [ -98.795092, 48.0384 ], [ -98.796492, 48.0391 ], [ -98.796692, 48.0399 ], [ -98.797592, 48.0409 ], [ -98.798692, 48.0427 ], [ -98.798692, 48.0433 ], [ -98.799992, 48.0445 ], [ -98.801492, 48.0474 ], [ -98.801192, 48.0484 ], [ -98.801392, 48.0493 ], [ -98.801092, 48.0502 ], [ -98.801592, 48.0512 ], [ -98.802192, 48.0518 ], [ -98.802392, 48.0528 ], [ -98.801992, 48.054 ], [ -98.800892, 48.054701 ], [ -98.800092, 48.054901 ], [ -98.794892, 48.055001 ], [ -98.794892, 48.055801 ], [ -98.796092, 48.056301 ], [ -98.796792, 48.057001 ], [ -98.797492, 48.057301 ], [ -98.800192, 48.058201 ], [ -98.802593, 48.058601 ], [ -98.803893, 48.059901 ], [ -98.804393, 48.060001 ], [ -98.807593, 48.059801 ], [ -98.810193, 48.060301 ], [ -98.812293, 48.0604 ], [ -98.814793, 48.061 ], [ -98.815293, 48.0609 ], [ -98.816893, 48.0613 ], [ -98.820794, 48.0618 ], [ -98.821194, 48.0617 ], [ -98.824294, 48.0623 ], [ -98.825094, 48.0624 ], [ -98.826094, 48.0622 ], [ -98.826394, 48.0619 ], [ -98.826394, 48.0604 ], [ -98.827194, 48.0592 ], [ -98.826894, 48.0594 ], [ -98.826694, 48.0571 ], [ -98.827294, 48.0563 ], [ -98.827894, 48.0559 ], [ -98.828894, 48.0556 ], [ -98.831994, 48.0532 ], [ -98.833794, 48.051 ], [ -98.833994, 48.0504 ], [ -98.835394, 48.049 ], [ -98.836194, 48.0485 ], [ -98.837494, 48.0481 ], [ -98.839294, 48.0472 ], [ -98.841894, 48.0454 ], [ -98.842994, 48.045 ], [ -98.846494, 48.0445 ], [ -98.847794, 48.0441 ], [ -98.849595, 48.0429 ], [ -98.851595, 48.042 ], [ -98.856795, 48.0404 ], [ -98.860095, 48.0391 ], [ -98.863495, 48.0374 ], [ -98.866095, 48.0352 ], [ -98.868295, 48.0339 ], [ -98.872495, 48.0322 ], [ -98.874795, 48.0309 ], [ -98.875396, 48.030832 ], [ -98.876446, 48.030308 ], [ -98.878366, 48.029046 ], [ -98.878547, 48.028597 ], [ -98.879356, 48.027997 ], [ -98.879753, 48.027173 ], [ -98.880793, 48.026065 ], [ -98.882568, 48.025627 ], [ -98.883396, 48.024499 ], [ -98.883196, 48.022699 ], [ -98.884396, 48.019699 ], [ -98.884396, 48.018599 ], [ -98.885496, 48.016499 ], [ -98.886996, 48.014999 ], [ -98.887696, 48.013899 ], [ -98.887896, 48.012299 ], [ -98.888996, 48.010599 ], [ -98.888896, 48.009499 ], [ -98.887895, 48.008799 ], [ -98.887195, 48.008699 ], [ -98.887195, 48.008199 ], [ -98.890396, 48.007699 ], [ -98.892296, 48.007699 ], [ -98.892896, 48.007499 ], [ -98.893496, 48.007699 ], [ -98.892796, 48.009799 ], [ -98.893096, 48.012099 ], [ -98.894096, 48.013499 ], [ -98.896296, 48.014999 ], [ -98.897996, 48.016799 ], [ -98.898896, 48.018799 ], [ -98.899096, 48.020499 ], [ -98.898096, 48.023499 ], [ -98.897596, 48.024099 ], [ -98.896096, 48.024799 ], [ -98.893796, 48.025399 ], [ -98.893196, 48.025799 ], [ -98.892996, 48.026199 ], [ -98.893296, 48.026599 ], [ -98.895096, 48.026199 ], [ -98.897697, 48.027099 ], [ -98.901197, 48.026899 ], [ -98.901597, 48.026799 ], [ -98.901597, 48.026099 ], [ -98.901197, 48.024999 ], [ -98.901597, 48.024499 ], [ -98.902597, 48.024299 ], [ -98.903197, 48.023599 ], [ -98.904297, 48.023099 ], [ -98.905497, 48.022799 ], [ -98.908197, 48.022699 ], [ -98.909197, 48.022499 ], [ -98.911297, 48.021799 ], [ -98.911797, 48.021499 ], [ -98.912997, 48.021499 ], [ -98.914397, 48.021299 ], [ -98.915797, 48.021399 ], [ -98.916497, 48.021099 ], [ -98.917897, 48.020799 ], [ -98.919397, 48.019299 ], [ -98.919697, 48.018699 ], [ -98.919597, 48.018299 ], [ -98.919997, 48.017999 ], [ -98.919997, 48.017499 ], [ -98.919697, 48.015299 ], [ -98.918897, 48.014599 ], [ -98.918797, 48.013799 ], [ -98.918297, 48.012999 ], [ -98.917997, 48.010599 ], [ -98.916697, 48.008699 ], [ -98.915897, 48.008599 ], [ -98.915797, 48.006499 ], [ -98.915997, 48.005799 ], [ -98.917897, 48.003799 ], [ -98.920097, 48.002499 ], [ -98.921897, 48.001199 ], [ -98.922297, 48.001099 ], [ -98.923197, 48.000299 ], [ -98.923397, 48.000299 ], [ -98.923217, 47.999666 ], [ -98.926114, 47.998674 ], [ -98.927822, 47.997432 ], [ -98.928858, 47.996983 ], [ -98.930069, 47.997103 ], [ -98.932949, 47.998484 ], [ -98.9354, 47.999062 ], [ -98.938198, 47.999999 ], [ -98.940198, 48.001399 ], [ -98.942998, 48.002499 ], [ -98.944798, 48.002799 ], [ -98.946798, 48.002699 ], [ -98.947698, 48.002899 ], [ -98.950699, 48.002899 ], [ -98.950799, 48.002999 ], [ -98.953899, 48.003099 ], [ -98.954299, 48.003199 ], [ -98.955099, 48.003799 ], [ -98.955599, 48.004599 ], [ -98.955899, 48.004699 ], [ -98.956099, 48.004399 ], [ -98.956099, 48.003699 ], [ -98.955999, 48.003399 ], [ -98.955399, 48.002899 ], [ -98.955599, 48.002599 ], [ -98.956099, 48.002399 ], [ -98.957099, 48.002298 ], [ -98.957399, 48.001898 ], [ -98.958399, 48.001798 ], [ -98.959599, 48.000598 ], [ -98.960399, 48.000498 ], [ -98.960899, 48.000198 ], [ -98.960799, 47.999998 ], [ -98.961011, 47.999819 ], [ -98.962931, 47.999267 ], [ -98.963998, 47.998487 ], [ -98.966079, 47.99836 ], [ -98.968438, 47.997483 ], [ -98.97109, 47.997794 ], [ -98.972667, 47.997574 ], [ -98.973497, 47.997874 ], [ -98.974399, 47.997305 ], [ -98.97698, 47.996892 ], [ -98.978118, 47.996965 ], [ -98.979744, 47.996776 ], [ -98.981064, 47.996147 ], [ -98.982603, 47.99571 ], [ -98.984253, 47.994709 ], [ -98.984545, 47.994217 ], [ -98.985437, 47.993824 ], [ -98.986104, 47.99271 ], [ -98.991253, 47.99026 ], [ -98.991528, 47.99107 ], [ -98.991445, 47.991947 ], [ -98.991649, 47.992814 ], [ -98.993216, 47.995184 ], [ -98.993492, 47.996058 ], [ -98.993456, 47.996863 ], [ -98.992807, 47.998395 ], [ -98.992371, 47.998881 ], [ -98.990701, 48.000298 ], [ -98.990501, 48.000298 ], [ -98.990501, 48.000498 ], [ -98.989801, 48.000898 ], [ -98.989501, 48.001298 ], [ -98.988601, 48.001798 ], [ -98.988501, 48.002098 ], [ -98.988901, 48.003798 ], [ -98.989501, 48.004098 ], [ -98.989101, 48.004498 ], [ -98.989101, 48.005098 ], [ -98.989401, 48.005798 ], [ -98.989301, 48.006198 ], [ -98.988401, 48.006798 ], [ -98.987001, 48.007298 ], [ -98.986901, 48.007498 ], [ -98.987001, 48.008698 ], [ -98.988201, 48.010298 ], [ -98.988501, 48.011398 ], [ -98.988401, 48.011998 ], [ -98.988601, 48.012998 ], [ -98.987801, 48.013498 ], [ -98.987401, 48.013998 ], [ -98.987901, 48.014998 ], [ -98.987801, 48.015798 ], [ -98.986601, 48.016998 ], [ -98.985501, 48.017498 ], [ -98.984301, 48.017598 ], [ -98.984201, 48.017798 ], [ -98.984901, 48.018198 ], [ -98.985601, 48.018298 ], [ -98.986001, 48.019398 ], [ -98.986501, 48.019398 ], [ -98.987301, 48.018898 ], [ -98.987601, 48.018098 ], [ -98.988401, 48.017298 ], [ -98.988801, 48.017298 ], [ -98.989101, 48.017098 ], [ -98.989801, 48.017198 ], [ -98.990401, 48.016898 ], [ -98.990801, 48.016898 ], [ -98.991801, 48.017298 ], [ -98.992901, 48.017398 ], [ -98.994301, 48.018098 ], [ -98.994401, 48.018798 ], [ -98.995101, 48.019498 ], [ -98.994701, 48.019998 ], [ -98.994901, 48.020698 ], [ -98.995601, 48.021098 ], [ -98.996602, 48.022198 ], [ -98.997202, 48.023298 ], [ -98.997102, 48.024998 ], [ -98.997302, 48.025498 ], [ -98.997902, 48.026098 ], [ -98.997302, 48.026998 ], [ -98.997602, 48.027498 ], [ -98.997602, 48.028098 ], [ -98.997902, 48.028598 ], [ -98.998502, 48.028998 ], [ -98.998602, 48.029898 ], [ -98.999202, 48.031499 ], [ -99.000402, 48.033366 ], [ -99.001186, 48.035652 ], [ -99.001988, 48.036758 ], [ -99.004288, 48.041931 ], [ -99.004192, 48.042463 ], [ -99.002942, 48.043469 ], [ -99.001865, 48.045348 ], [ -99.000832, 48.045871 ], [ -99.001019, 48.046584 ], [ -99.001438, 48.046685 ], [ -99.001927, 48.047796 ], [ -99.001187, 48.049129 ], [ -99.001214, 48.049993 ], [ -99.002135, 48.0511 ], [ -99.000845, 48.05284 ], [ -99.000705, 48.053162 ], [ -99.001038, 48.053294 ], [ -99.00613, 48.051219 ], [ -99.007261, 48.051601 ], [ -99.008458, 48.052266 ], [ -99.011351, 48.052293 ], [ -99.012126, 48.053488 ], [ -99.01233, 48.053506 ], [ -99.012669, 48.053404 ], [ -99.012397, 48.051197 ], [ -99.013763, 48.05079 ], [ -99.013852, 48.050112 ], [ -99.015294, 48.04902 ], [ -99.0157, 48.049621 ], [ -99.017365, 48.04979 ], [ -99.019288, 48.049679 ], [ -99.023584, 48.051301 ], [ -99.024289, 48.051429 ], [ -99.02506, 48.051315 ], [ -99.026981, 48.049298 ], [ -99.030306, 48.047246 ], [ -99.031961, 48.046784 ], [ -99.033759, 48.046914 ], [ -99.035228, 48.047242 ], [ -99.036844, 48.047403 ], [ -99.037674, 48.046837 ], [ -99.038561, 48.044826 ], [ -99.041423, 48.043561 ], [ -99.041905, 48.041966 ], [ -99.042487, 48.041713 ], [ -99.045193, 48.041447 ], [ -99.047224, 48.040263 ], [ -99.047665, 48.04059 ], [ -99.048093, 48.040419 ], [ -99.047911, 48.039845 ], [ -99.049116, 48.038947 ], [ -99.049758, 48.03817 ], [ -99.05019, 48.035049 ], [ -99.049847, 48.032793 ], [ -99.050461, 48.030626 ], [ -99.057057, 48.024533 ], [ -99.060211, 48.021977 ], [ -99.070351, 48.021955 ], [ -99.070403, 48.030716 ], [ -99.06878, 48.030978 ], [ -99.066461, 48.031777 ], [ -99.06322, 48.032208 ], [ -99.059843, 48.033051 ], [ -99.054757, 48.034601 ], [ -99.054108, 48.034989 ], [ -99.053288, 48.035835 ], [ -99.052296, 48.03885 ], [ -99.051886, 48.039352 ], [ -99.050793, 48.040038 ], [ -99.049465, 48.042221 ], [ -99.047833, 48.043792 ], [ -99.048384, 48.046311 ], [ -99.048893, 48.047264 ], [ -99.070524, 48.04691 ], [ -99.07058, 48.047021 ], [ -99.070574, 48.052427 ], [ -99.070269, 48.052825 ], [ -99.07042, 48.052968 ], [ -99.07052, 48.056295 ], [ -99.070783, 48.078871 ], [ -99.07063, 48.103606 ], [ -99.070443, 48.107857 ], [ -99.100651, 48.107815 ], [ -99.109312, 48.107663 ], [ -99.110574, 48.108688 ], [ -99.117225, 48.111097 ], [ -99.11818, 48.111826 ], [ -99.118522, 48.113056 ], [ -99.118216, 48.114675 ], [ -99.117128, 48.116183 ], [ -99.11611, 48.117027 ], [ -99.115706, 48.117792 ], [ -99.115742, 48.118245 ], [ -99.116565, 48.119472 ], [ -99.116525, 48.120686 ], [ -99.119819, 48.124999 ], [ -99.12212, 48.128522 ], [ -99.124108, 48.129799 ], [ -99.125108, 48.129999 ], [ -99.125409, 48.130402 ], [ -99.127355, 48.130778 ], [ -99.127804, 48.131226 ], [ -99.128179, 48.131891 ], [ -99.127393, 48.133049 ], [ -99.127342, 48.134091 ], [ -99.128451, 48.13468 ], [ -99.129043, 48.135249 ], [ -99.130272, 48.135815 ], [ -99.130721, 48.136319 ], [ -99.131617, 48.136624 ], [ -99.131755, 48.137093 ], [ -99.130514, 48.139008 ], [ -99.130041, 48.139336 ], [ -99.129052, 48.139613 ], [ -99.128867, 48.139902 ], [ -99.128969, 48.140355 ], [ -99.134302, 48.143787 ], [ -99.13618, 48.144291 ], [ -99.139356, 48.143675 ], [ -99.141542, 48.142419 ], [ -99.142772, 48.141323 ], [ -99.146566, 48.138749 ], [ -99.147664, 48.138336 ], [ -99.149357, 48.138428 ], [ -99.153471, 48.139771 ], [ -99.158353, 48.142016 ], [ -99.164892, 48.144263 ], [ -99.174689, 48.147321 ], [ -99.177434, 48.14783 ], [ -99.181229, 48.148775 ], [ -99.184505, 48.149167 ], [ -99.186121, 48.149589 ], [ -99.187781, 48.149461 ], [ -99.187795, 48.149284 ], [ -99.189135, 48.148864 ], [ -99.190974, 48.148729 ], [ -99.191157, 48.148577 ], [ -99.192608, 48.148731 ], [ -99.193784, 48.149375 ], [ -99.195185, 48.151088 ], [ -99.195287, 48.152551 ], [ -99.197644, 48.15431 ], [ -99.199911, 48.155309 ], [ -99.200049, 48.262672 ], [ -99.188571, 48.262739 ], [ -99.188663, 48.2745 ], [ -99.200158, 48.274506 ], [ -99.200306, 48.370658 ], [ -99.325122, 48.370768 ], [ -99.492919, 48.370946 ], [ -99.493356, 48.373675 ], [ -99.493065, 48.42899 ], [ -99.493286, 48.457894 ] ] ] } },
{ "type": "Feature", "properties": { "district": "16", "district_int": 16 }, "geometry": { "type": "Polygon", "coordinates": [ [ [ -96.926464, 46.826017 ], [ -96.926151, 46.845808 ], [ -96.926206, 46.861483 ], [ -96.908095, 46.849956 ], [ -96.904567, 46.848322 ], [ -96.902355, 46.847703 ], [ -96.900491, 46.8474 ], [ -96.897875, 46.84723 ], [ -96.883261, 46.847533 ], [ -96.883037, 46.854851 ], [ -96.872506, 46.854718 ], [ -96.87262, 46.847533 ], [ -96.873246, 46.847532 ], [ -96.873254, 46.840152 ], [ -96.873633, 46.839538 ], [ -96.873676, 46.839032 ], [ -96.873832, 46.838917 ], [ -96.875733, 46.838815 ], [ -96.878482, 46.838964 ], [ -96.880055, 46.838758 ], [ -96.879891, 46.837591 ], [ -96.880667, 46.836337 ], [ -96.881516, 46.836617 ], [ -96.88315, 46.836721 ], [ -96.883197, 46.832978 ], [ -96.882584, 46.818546 ], [ -96.904195, 46.818989 ], [ -96.914178, 46.819009 ], [ -96.914274, 46.820742 ], [ -96.926464, 46.826017 ] ] ] } },
{ "type": "Feature", "properties": { "district": "17", "district_int": 17 }, "geometry": { "type": "Polygon", "coordinates": [ [ [ -96.983394, 47.80535 ], [ -96.982023, 47.804683 ], [ -96.980699, 47.804321 ], [ -96.9768, 47.803678 ], [ -96.974426, 47.803631 ], [ -96.973097, 47.80328 ], [ -96.972261, 47.802787 ], [ -96.972119, 47.802233 ], [ -96.972687, 47.801833 ], [ -96.975422, 47.801871 ], [ -96.976092, 47.801665 ], [ -96.97647, 47.801366 ], [ -96.976948, 47.800468 ], [ -96.977236, 47.799293 ], [ -96.977029, 47.798477 ], [ -96.976422, 47.797855 ], [ -96.975007, 47.797648 ], [ -96.973022, 47.797821 ], [ -96.97092, 47.798496 ], [ -96.96825, 47.799729 ], [ -96.966918, 47.799809 ], [ -96.966391, 47.799514 ], [ -96.966114, 47.799005 ], [ -96.96602, 47.7971 ], [ -96.964655, 47.795356 ], [ -96.963246, 47.794488 ], [ -96.958695, 47.79272 ], [ -96.957689, 47.79198 ], [ -96.957051, 47.791007 ], [ -96.957186, 47.790227 ], [ -96.957888, 47.7898 ], [ -96.961092, 47.788976 ], [ -96.963456, 47.787387 ], [ -96.965118, 47.785333 ], [ -96.965415, 47.784344 ], [ -96.965225, 47.783672 ], [ -96.964687, 47.783209 ], [ -96.963863, 47.782977 ], [ -96.962865, 47.782997 ], [ -96.961716, 47.783264 ], [ -96.960302, 47.784073 ], [ -96.95865, 47.785588 ], [ -96.957976, 47.785658 ], [ -96.957595, 47.785284 ], [ -96.957529, 47.78446 ], [ -96.959292, 47.781766 ], [ -96.959398, 47.781121 ], [ -96.959094, 47.780585 ], [ -96.958386, 47.780103 ], [ -96.957535, 47.779882 ], [ -96.955323, 47.779776 ], [ -96.953231, 47.779966 ], [ -96.952673, 47.779777 ], [ -96.952377, 47.779441 ], [ -96.952692, 47.778765 ], [ -96.956375, 47.776287 ], [ -96.956652, 47.77549 ], [ -96.956345, 47.775092 ], [ -96.95517, 47.774632 ], [ -96.953178, 47.774499 ], [ -96.948989, 47.775332 ], [ -96.947827, 47.77532 ], [ -96.946773, 47.775091 ], [ -96.946326, 47.774842 ], [ -96.946094, 47.774478 ], [ -96.94584, 47.772829 ], [ -96.945124, 47.772165 ], [ -96.942705, 47.77097 ], [ -96.940459, 47.769196 ], [ -96.939229, 47.768462 ], [ -96.938266, 47.768092 ], [ -96.935845, 47.767747 ], [ -96.934998, 47.767331 ], [ -96.934707, 47.766794 ], [ -96.935004, 47.766092 ], [ -96.937202, 47.764338 ], [ -96.938196, 47.763229 ], [ -96.93844, 47.762638 ], [ -96.938397, 47.761161 ], [ -96.937223, 47.759461 ], [ -96.942938, 47.759204 ], [ -97.077506, 47.759101 ], [ -97.077596, 47.836602 ], [ -97.077888, 47.838401 ], [ -97.078935, 47.841092 ], [ -97.080196, 47.843039 ], [ -97.08547, 47.849434 ], [ -97.086694, 47.851936 ], [ -97.087147, 47.853583 ], [ -97.087349, 47.856553 ], [ -97.087172, 47.88536 ], [ -97.087437, 47.887555 ], [ -97.088027, 47.889457 ], [ -97.066708, 47.889454 ], [ -97.066809, 47.882169 ], [ -97.045441, 47.882169 ], [ -97.044986, 47.903934 ], [ -97.022985, 47.904105 ], [ -97.020588, 47.902516 ], [ -97.019886, 47.901588 ], [ -97.019905, 47.900831 ], [ -97.02015, 47.900316 ], [ -97.021222, 47.899339 ], [ -97.024392, 47.897775 ], [ -97.025045, 47.896786 ], [ -97.025131, 47.895703 ], [ -97.024855, 47.894896 ], [ -97.02398, 47.894126 ], [ -97.022906, 47.893483 ], [ -97.020339, 47.892333 ], [ -97.019428, 47.891728 ], [ -97.018818, 47.890975 ], [ -97.018825, 47.890254 ], [ -97.019228, 47.889623 ], [ -97.019717, 47.889292 ], [ -97.023234, 47.888042 ], [ -97.024456, 47.887356 ], [ -97.025308, 47.886285 ], [ -97.025495, 47.885394 ], [ -97.025064, 47.883794 ], [ -97.024518, 47.883096 ], [ -97.023041, 47.8819 ], [ -97.019963, 47.880524 ], [ -97.01897, 47.879926 ], [ -97.018127, 47.878929 ], [ -97.018, 47.87818 ], [ -97.018327, 47.877384 ], [ -97.019058, 47.876721 ], [ -97.020299, 47.876173 ], [ -97.021903, 47.875702 ], [ -97.023096, 47.875012 ], [ -97.023275, 47.87478 ], [ -97.023049, 47.873894 ], [ -97.021383, 47.87266 ], [ -97.017672, 47.871553 ], [ -97.015181, 47.871222 ], [ -97.010118, 47.871148 ], [ -97.005447, 47.87024 ], [ -97.003715, 47.869548 ], [ -97.001828, 47.868134 ], [ -97.001393, 47.867367 ], [ -97.001484, 47.866902 ], [ -97.001858, 47.866508 ], [ -97.003192, 47.865734 ], [ -97.004849, 47.86551 ], [ -97.005462, 47.865298 ], [ -97.005854, 47.864962 ], [ -97.005907, 47.864496 ], [ -97.005549, 47.863979 ], [ -97.004662, 47.863357 ], [ -97.0002, 47.860978 ], [ -96.999121, 47.860134 ], [ -96.998328, 47.859191 ], [ -96.997324, 47.856946 ], [ -96.996772, 47.854078 ], [ -96.996799, 47.852306 ], [ -96.997518, 47.849753 ], [ -96.997433, 47.848817 ], [ -96.997154, 47.848275 ], [ -96.994743, 47.846867 ], [ -96.993974, 47.845974 ], [ -96.994041, 47.84551 ], [ -96.994406, 47.84516 ], [ -96.996591, 47.844374 ], [ -96.99721, 47.843979 ], [ -96.998265, 47.842646 ], [ -96.998337, 47.841932 ], [ -96.997793, 47.84155 ], [ -96.997005, 47.841579 ], [ -96.993788, 47.842733 ], [ -96.993127, 47.84286 ], [ -96.992721, 47.842791 ], [ -96.992391, 47.842515 ], [ -96.992384, 47.841939 ], [ -96.994187, 47.839312 ], [ -96.993965, 47.838408 ], [ -96.993129, 47.837914 ], [ -96.992266, 47.837761 ], [ -96.989255, 47.838098 ], [ -96.987675, 47.838046 ], [ -96.986838, 47.837679 ], [ -96.986276, 47.837113 ], [ -96.985037, 47.833333 ], [ -96.984413, 47.832666 ], [ -96.982131, 47.830917 ], [ -96.981655, 47.830274 ], [ -96.98155, 47.829558 ], [ -96.982034, 47.828724 ], [ -96.982915, 47.828101 ], [ -96.987032, 47.82635 ], [ -96.987263, 47.826033 ], [ -96.987105, 47.82555 ], [ -96.986711, 47.825301 ], [ -96.985775, 47.825192 ], [ -96.980983, 47.825695 ], [ -96.977726, 47.825484 ], [ -96.975607, 47.824942 ], [ -96.974958, 47.824517 ], [ -96.974128, 47.823474 ], [ -96.974421, 47.822578 ], [ -96.975286, 47.822146 ], [ -96.977073, 47.822121 ], [ -96.979534, 47.822636 ], [ -96.98015, 47.822379 ], [ -96.9805, 47.821856 ], [ -96.980373, 47.816541 ], [ -96.980074, 47.815109 ], [ -96.979571, 47.814009 ], [ -96.978222, 47.812457 ], [ -96.977919, 47.811654 ], [ -96.978006, 47.810899 ], [ -96.9787, 47.809892 ], [ -96.980048, 47.809227 ], [ -96.981649, 47.809011 ], [ -96.987048, 47.809866 ], [ -96.989103, 47.809932 ], [ -96.99081, 47.809583 ], [ -96.991571, 47.808901 ], [ -96.991578, 47.808187 ], [ -96.990763, 47.807533 ], [ -96.989544, 47.807213 ], [ -96.986192, 47.80695 ], [ -96.985001, 47.806419 ], [ -96.983394, 47.80535 ] ] ] } },
{ "type": "Feature", "properties": { "district": "18", "district_int": 18 }, "geometry": { "type": "Polygon", "coordinates": [ [ [ -97.167566, 48.193605 ], [ -97.141221, 48.193712 ], [ -97.141518, 48.192518 ], [ -97.142922, 48.190996 ], [ -97.144921, 48.189471 ], [ -97.147503, 48.187842 ], [ -97.149755, 48.185824 ], [ -97.14981, 48.183498 ], [ -97.148458, 48.182433 ], [ -97.146768, 48.182058 ], [ -97.141697, 48.182988 ], [ -97.140601, 48.182942 ], [ -97.138386, 48.182304 ], [ -97.13668, 48.180866 ], [ -97.135994, 48.178897 ], [ -97.13601, 48.17674 ], [ -97.136582, 48.175763 ], [ -97.137131, 48.175357 ], [ -97.13895, 48.174656 ], [ -97.143444, 48.174338 ], [ -97.145243, 48.174046 ], [ -97.146751, 48.173197 ], [ -97.147511, 48.172407 ], [ -97.14751, 48.170572 ], [ -97.146331, 48.168583 ], [ -97.145426, 48.167465 ], [ -97.144242, 48.162491 ], [ -97.143138, 48.161065 ], [ -97.14195, 48.160202 ], [ -97.140347, 48.159755 ], [ -97.13856, 48.159459 ], [ -97.136376, 48.159771 ], [ -97.134502, 48.160295 ], [ -97.13223, 48.161387 ], [ -97.127392, 48.162748 ], [ -97.125351, 48.16282 ], [ -97.1241, 48.16262 ], [ -97.122447, 48.162048 ], [ -97.121467, 48.161478 ], [ -97.121167, 48.161102 ], [ -97.120968, 48.159552 ], [ -97.121165, 48.158725 ], [ -97.121713, 48.158226 ], [ -97.124481, 48.15655 ], [ -97.132862, 48.153433 ], [ -97.139176, 48.151529 ], [ -97.140295, 48.150894 ], [ -97.141321, 48.150033 ], [ -97.143594, 48.147476 ], [ -97.144717, 48.146575 ], [ -97.145887, 48.145104 ], [ -97.146531, 48.144055 ], [ -97.146667, 48.143203 ], [ -97.146505, 48.14222 ], [ -97.146122, 48.141649 ], [ -97.145464, 48.141294 ], [ -97.143569, 48.140997 ], [ -97.141572, 48.141673 ], [ -97.139301, 48.142862 ], [ -97.137911, 48.143237 ], [ -97.136768, 48.143292 ], [ -97.126626, 48.14152 ], [ -97.123992, 48.140548 ], [ -97.122876, 48.13975 ], [ -97.122382, 48.139066 ], [ -97.122416, 48.138091 ], [ -97.123044, 48.136996 ], [ -97.124149, 48.136384 ], [ -97.125351, 48.136078 ], [ -97.127652, 48.136193 ], [ -97.132045, 48.137582 ], [ -97.13252, 48.137641 ], [ -97.133468, 48.137101 ], [ -97.133238, 48.136504 ], [ -97.130051, 48.133975 ], [ -97.129453, 48.133133 ], [ -97.128882, 48.129 ], [ -97.128279, 48.127185 ], [ -97.126862, 48.124277 ], [ -97.125626, 48.122324 ], [ -97.125351, 48.122235 ], [ -97.121586, 48.116925 ], [ -97.120702, 48.114987 ], [ -97.120592, 48.113365 ], [ -97.12104, 48.112281 ], [ -97.123135, 48.109497 ], [ -97.123666, 48.108004 ], [ -97.123202, 48.10665 ], [ -97.12182, 48.10589 ], [ -97.119773, 48.105381 ], [ -97.116938, 48.105619 ], [ -97.114874, 48.106042 ], [ -97.113194, 48.106188 ], [ -97.11147, 48.105913 ], [ -97.109535, 48.104723 ], [ -97.109097, 48.103778 ], [ -97.108817, 48.100759 ], [ -97.108448, 48.099867 ], [ -97.107429, 48.099157 ], [ -97.104183, 48.097901 ], [ -97.102983, 48.097276 ], [ -97.102249, 48.096694 ], [ -97.101876, 48.095896 ], [ -97.102558, 48.094503 ], [ -97.103195, 48.094084 ], [ -97.104027, 48.093806 ], [ -97.106913, 48.093447 ], [ -97.108894, 48.092873 ], [ -97.109521, 48.092512 ], [ -97.109857, 48.091395 ], [ -97.109418, 48.090901 ], [ -97.108046, 48.090537 ], [ -97.104736, 48.090103 ], [ -97.102165, 48.089122 ], [ -97.101263, 48.088335 ], [ -97.100163, 48.086827 ], [ -97.099798, 48.085884 ], [ -97.099433, 48.083708 ], [ -97.099431, 48.082106 ], [ -97.100155, 48.078757 ], [ -97.100768, 48.077453 ], [ -97.104154, 48.074578 ], [ -97.104697, 48.073094 ], [ -97.104483, 48.072428 ], [ -97.103867, 48.071898 ], [ -97.103052, 48.071669 ], [ -97.101287, 48.071497 ], [ -97.098829, 48.071477 ], [ -97.097772, 48.07108 ], [ -97.097261, 48.070584 ], [ -97.095828, 48.06761 ], [ -97.095153, 48.066837 ], [ -97.092034, 48.064385 ], [ -97.090818, 48.063035 ], [ -97.088527, 48.059865 ], [ -97.086986, 48.058222 ], [ -97.084585, 48.056641 ], [ -97.081561, 48.05523 ], [ -97.077414, 48.053612 ], [ -97.075641, 48.052725 ], [ -97.074723, 48.052018 ], [ -97.073229, 48.049896 ], [ -97.071288, 48.045797 ], [ -97.070411, 48.041765 ], [ -97.069987, 48.037366 ], [ -97.070148, 48.036065 ], [ -97.069792, 48.033351 ], [ -97.069175, 48.031258 ], [ -97.068713, 48.027694 ], [ -97.068988, 48.026267 ], [ -97.071304, 48.022757 ], [ -97.071911, 48.021395 ], [ -97.072399, 48.020046 ], [ -97.072239, 48.019107 ], [ -97.071785, 48.018057 ], [ -97.070654, 48.016918 ], [ -97.069284, 48.016176 ], [ -97.068519, 48.015932 ], [ -97.064927, 48.015658 ], [ -97.063289, 48.014989 ], [ -97.06296, 48.014466 ], [ -97.062856, 48.013795 ], [ -97.063012, 48.013179 ], [ -97.066577, 48.010365 ], [ -97.066762, 48.009558 ], [ -97.066744, 48.008841 ], [ -97.064513, 48.003399 ], [ -97.064533, 47.99998 ], [ -97.064416, 47.998892 ], [ -97.063937, 47.99766 ], [ -97.062561, 47.996156 ], [ -97.060897, 47.995228 ], [ -97.059153, 47.994492 ], [ -97.056161, 47.993564 ], [ -97.054945, 47.992924 ], [ -97.053553, 47.991612 ], [ -97.053089, 47.990444 ], [ -97.053273, 47.98873 ], [ -97.054945, 47.984844 ], [ -97.056481, 47.980556 ], [ -97.059255, 47.975324 ], [ -97.059362, 47.974277 ], [ -97.059195, 47.973417 ], [ -97.057261, 47.970667 ], [ -97.057358, 47.969664 ], [ -97.057982, 47.968747 ], [ -97.061057, 47.966355 ], [ -97.061716, 47.965448 ], [ -97.061831, 47.964731 ], [ -97.061518, 47.963745 ], [ -97.060427, 47.962728 ], [ -97.059617, 47.96226 ], [ -97.059354, 47.962263 ], [ -97.05924, 47.962 ], [ -97.056019, 47.960904 ], [ -97.0538, 47.959452 ], [ -97.052909, 47.958386 ], [ -97.052451, 47.957422 ], [ -97.052261, 47.955766 ], [ -97.052681, 47.954422 ], [ -97.054818, 47.951408 ], [ -97.055414, 47.950172 ], [ -97.055595, 47.948513 ], [ -97.055147, 47.9471 ], [ -97.053683, 47.94526 ], [ -97.052806, 47.944535 ], [ -97.051587, 47.943728 ], [ -97.048222, 47.942036 ], [ -97.04598, 47.941301 ], [ -97.043708, 47.94082 ], [ -97.038291, 47.940421 ], [ -97.036855, 47.939883 ], [ -97.036149, 47.939392 ], [ -97.035571, 47.93818 ], [ -97.035492, 47.936697 ], [ -97.035825, 47.935713 ], [ -97.037319, 47.93328 ], [ -97.03736, 47.932341 ], [ -97.036826, 47.931209 ], [ -97.035961, 47.930387 ], [ -97.034353, 47.929337 ], [ -97.029578, 47.927485 ], [ -97.027149, 47.92615 ], [ -97.023082, 47.923109 ], [ -97.021541, 47.922425 ], [ -97.020909, 47.92178 ], [ -97.018315, 47.920393 ], [ -97.017613, 47.919393 ], [ -97.017657, 47.918787 ], [ -97.018442, 47.918153 ], [ -97.022832, 47.916746 ], [ -97.023714, 47.916114 ], [ -97.023763, 47.915614 ], [ -97.0227, 47.914997 ], [ -97.019371, 47.914182 ], [ -97.01808, 47.913549 ], [ -97.016835, 47.912616 ], [ -97.015773, 47.911002 ], [ -97.014918, 47.908648 ], [ -97.014933, 47.907529 ], [ -97.015544, 47.906459 ], [ -97.01718, 47.905679 ], [ -97.018287, 47.90562 ], [ -97.019165, 47.905751 ], [ -97.019842, 47.905956 ], [ -97.020724, 47.906475 ], [ -97.022702, 47.908168 ], [ -97.023473, 47.908479 ], [ -97.024098, 47.908532 ], [ -97.025002, 47.908129 ], [ -97.025227, 47.907258 ], [ -97.024694, 47.905973 ], [ -97.022985, 47.904105 ], [ -97.044986, 47.903934 ], [ -97.045301, 47.893085 ], [ -97.051118, 47.893159 ], [ -97.051088, 47.895798 ], [ -97.05313, 47.895851 ], [ -97.054717, 47.89669 ], [ -97.05587, 47.896728 ], [ -97.055527, 47.91524 ], [ -97.055926, 47.916059 ], [ -97.055976, 47.918508 ], [ -97.049393, 47.918546 ], [ -97.04937, 47.925264 ], [ -97.055241, 47.925272 ], [ -97.055244, 47.933096 ], [ -97.093739, 47.933031 ], [ -97.093753, 47.966988 ], [ -97.09424, 47.970221 ], [ -97.095494, 47.975971 ], [ -97.095646, 47.978211 ], [ -97.09522, 47.980882 ], [ -97.092942, 47.987022 ], [ -97.092592, 47.988824 ], [ -97.09256, 47.990601 ], [ -97.093033, 47.993149 ], [ -97.09401, 47.99543 ], [ -97.095852, 47.997977 ], [ -97.098181, 48.000166 ], [ -97.099978, 48.001414 ], [ -97.114111, 48.008841 ], [ -97.116292, 48.010269 ], [ -97.118155, 48.011853 ], [ -97.124978, 48.019497 ], [ -97.126544, 48.019663 ], [ -97.132669, 48.01974 ], [ -97.213002, 48.019783 ], [ -97.21307, 48.04917 ], [ -97.21288, 48.062513 ], [ -97.213684, 48.106706 ], [ -97.212019, 48.106691 ], [ -97.213618, 48.107898 ], [ -97.212949, 48.121562 ], [ -97.211622, 48.179688 ], [ -97.211159, 48.187524 ], [ -97.211054, 48.193715 ], [ -97.167566, 48.193605 ] ] ] } },
{ "type": "Feature", "properties": { "district": "19", "district_int": 19 }, "geometry": { "type": "Polygon", "coordinates": [ [ [ -98.054743, 48.194739 ], [ -98.162692, 48.194747 ], [ -98.202271, 48.195005 ], [ -98.292184, 48.195177 ], [ -98.292487, 48.209851 ], [ -98.292455, 48.250426 ], [ -98.292083, 48.282199 ], [ -98.291852, 48.369694 ], [ -98.31838, 48.369722 ], [ -98.31846, 48.381745 ], [ -98.318039, 48.442236 ], [ -98.318208, 48.482685 ], [ -98.318036, 48.543773 ], [ -98.187546, 48.543258 ], [ -98.187562, 48.557585 ], [ -98.187389, 48.559819 ], [ -98.187444, 48.59803 ], [ -98.187624, 48.598378 ], [ -98.187424, 48.612293 ], [ -98.187614, 48.619833 ], [ -98.187404, 48.621735 ], [ -98.187125, 48.717685 ], [ -98.211839, 48.71768 ], [ -98.211817, 48.746636 ], [ -98.211445, 48.750077 ], [ -98.211909, 48.768132 ], [ -98.211717, 48.787354 ], [ -98.211711, 48.846585 ], [ -98.211916, 48.872381 ], [ -98.211471, 48.874701 ], [ -98.211727, 48.875092 ], [ -98.211717, 48.886656 ], [ -98.211989, 48.887611 ], [ -98.211623, 48.891288 ], [ -98.211919, 48.913663 ], [ -98.211716, 48.945551 ], [ -98.210839, 49.000267 ], [ -97.953292, 49.000452 ], [ -97.775749, 49.000528 ], [ -97.462796, 49.000503 ], [ -97.228961, 49.000454 ], [ -97.232349, 48.998921 ], [ -97.233524, 48.998171 ], [ -97.234208, 48.997115 ], [ -97.234201, 48.996286 ], [ -97.233626, 48.995508 ], [ -97.232877, 48.995101 ], [ -97.230915, 48.994873 ], [ -97.228923, 48.994905 ], [ -97.227513, 48.994561 ], [ -97.226594, 48.993919 ], [ -97.226646, 48.99299 ], [ -97.228113, 48.991898 ], [ -97.232764, 48.989857 ], [ -97.23412, 48.988973 ], [ -97.2358, 48.987414 ], [ -97.237617, 48.985145 ], [ -97.238261, 48.98265 ], [ -97.238298, 48.979983 ], [ -97.237789, 48.975357 ], [ -97.237782, 48.972901 ], [ -97.239063, 48.9692 ], [ -97.239064, 48.967827 ], [ -97.238612, 48.9665 ], [ -97.237673, 48.96572 ], [ -97.236078, 48.964979 ], [ -97.234514, 48.964672 ], [ -97.22965, 48.964226 ], [ -97.228653, 48.963793 ], [ -97.227498, 48.962342 ], [ -97.227497, 48.961755 ], [ -97.227792, 48.961152 ], [ -97.230546, 48.958371 ], [ -97.231686, 48.95616 ], [ -97.233077, 48.951122 ], [ -97.234027, 48.949348 ], [ -97.234163, 48.948334 ], [ -97.233996, 48.947434 ], [ -97.233327, 48.946776 ], [ -97.232357, 48.94639 ], [ -97.230534, 48.946401 ], [ -97.229221, 48.946728 ], [ -97.228094, 48.946729 ], [ -97.227466, 48.946531 ], [ -97.226624, 48.945826 ], [ -97.226398, 48.945193 ], [ -97.226527, 48.943741 ], [ -97.227004, 48.941917 ], [ -97.227053, 48.939226 ], [ -97.225837, 48.935329 ], [ -97.224614, 48.933798 ], [ -97.223264, 48.932964 ], [ -97.222031, 48.93253 ], [ -97.220593, 48.932392 ], [ -97.217231, 48.9327 ], [ -97.21589, 48.932637 ], [ -97.214883, 48.932164 ], [ -97.214406, 48.931641 ], [ -97.214332, 48.930919 ], [ -97.214651, 48.930001 ], [ -97.217187, 48.927704 ], [ -97.218449, 48.92604 ], [ -97.21963, 48.923631 ], [ -97.219806, 48.922146 ], [ -97.219476, 48.92112 ], [ -97.218009, 48.919735 ], [ -97.216174, 48.918859 ], [ -97.213096, 48.918152 ], [ -97.211584, 48.917172 ], [ -97.210776, 48.916027 ], [ -97.210534, 48.914958 ], [ -97.21071, 48.913889 ], [ -97.211074, 48.912752 ], [ -97.212366, 48.910324 ], [ -97.212654, 48.908956 ], [ -97.212129, 48.906735 ], [ -97.211399, 48.905602 ], [ -97.209811, 48.903971 ], [ -97.2074, 48.902526 ], [ -97.203911, 48.901481 ], [ -97.199216, 48.900433 ], [ -97.193266, 48.898336 ], [ -97.191653, 48.897222 ], [ -97.190018, 48.895516 ], [ -97.189749, 48.8943 ], [ -97.190188, 48.892957 ], [ -97.190984, 48.89219 ], [ -97.191966, 48.891751 ], [ -97.19405, 48.891347 ], [ -97.195285, 48.891406 ], [ -97.196115, 48.891559 ], [ -97.19827, 48.892375 ], [ -97.200014, 48.892587 ], [ -97.201044, 48.8924 ], [ -97.201627, 48.891932 ], [ -97.201722, 48.891651 ], [ -97.201414, 48.891035 ], [ -97.19845, 48.888933 ], [ -97.197746, 48.888203 ], [ -97.197328, 48.887348 ], [ -97.197665, 48.88607 ], [ -97.199368, 48.884137 ], [ -97.199793, 48.883277 ], [ -97.199852, 48.882154 ], [ -97.199394, 48.881113 ], [ -97.198502, 48.88025 ], [ -97.196657, 48.879102 ], [ -97.190259, 48.876725 ], [ -97.188325, 48.87641 ], [ -97.186712, 48.876431 ], [ -97.183267, 48.877118 ], [ -97.180855, 48.877226 ], [ -97.178924, 48.876809 ], [ -97.17806, 48.876119 ], [ -97.177814, 48.875639 ], [ -97.177979, 48.874609 ], [ -97.17934, 48.873135 ], [ -97.184964, 48.869292 ], [ -97.188412, 48.867438 ], [ -97.189371, 48.86675 ], [ -97.190357, 48.865502 ], [ -97.190573, 48.864279 ], [ -97.19, 48.863516 ], [ -97.188549, 48.863022 ], [ -97.18721, 48.863041 ], [ -97.184719, 48.863718 ], [ -97.182342, 48.863974 ], [ -97.180432, 48.863615 ], [ -97.179166, 48.862844 ], [ -97.178749, 48.861392 ], [ -97.179352, 48.858222 ], [ -97.178834, 48.856661 ], [ -97.177562, 48.855412 ], [ -97.174137, 48.85333 ], [ -97.173052, 48.851675 ], [ -97.173099, 48.850625 ], [ -97.173922, 48.849435 ], [ -97.175272, 48.848666 ], [ -97.17764, 48.848206 ], [ -97.181813, 48.848003 ], [ -97.182788, 48.847445 ], [ -97.182923, 48.846912 ], [ -97.182776, 48.846567 ], [ -97.182146, 48.846175 ], [ -97.181021, 48.845937 ], [ -97.17771, 48.845715 ], [ -97.17656, 48.845333 ], [ -97.175786, 48.844832 ], [ -97.174732, 48.843525 ], [ -97.174281, 48.842366 ], [ -97.173773, 48.839589 ], [ -97.173884, 48.837993 ], [ -97.174524, 48.836788 ], [ -97.176593, 48.835525 ], [ -97.178369, 48.835018 ], [ -97.181648, 48.834952 ], [ -97.182539, 48.834812 ], [ -97.183463, 48.834448 ], [ -97.184164, 48.833902 ], [ -97.184771, 48.832816 ], [ -97.184646, 48.831442 ], [ -97.183312, 48.829622 ], [ -97.178777, 48.826381 ], [ -97.177965, 48.825115 ], [ -97.177835, 48.824283 ], [ -97.177993, 48.822835 ], [ -97.179125, 48.820605 ], [ -97.180821, 48.819169 ], [ -97.182303, 48.818386 ], [ -97.183705, 48.817927 ], [ -97.187104, 48.817401 ], [ -97.188768, 48.816898 ], [ -97.190145, 48.816095 ], [ -97.190274, 48.815135 ], [ -97.189486, 48.814421 ], [ -97.188071, 48.814198 ], [ -97.186694, 48.81435 ], [ -97.1846, 48.815004 ], [ -97.183404, 48.815215 ], [ -97.181958, 48.815298 ], [ -97.180682, 48.815171 ], [ -97.178482, 48.814505 ], [ -97.173876, 48.812057 ], [ -97.172061, 48.81152 ], [ -97.16913, 48.811304 ], [ -97.165606, 48.81194 ], [ -97.163646, 48.81197 ], [ -97.161018, 48.811599 ], [ -97.159567, 48.81122 ], [ -97.15866, 48.810904 ], [ -97.158118, 48.810319 ], [ -97.15772, 48.809568 ], [ -97.157507, 48.807981 ], [ -97.158007, 48.807064 ], [ -97.159238, 48.806165 ], [ -97.16173, 48.805505 ], [ -97.167565, 48.804686 ], [ -97.173855, 48.802396 ], [ -97.179049, 48.801101 ], [ -97.179831, 48.800783 ], [ -97.181212, 48.79983 ], [ -97.181715, 48.798764 ], [ -97.181481, 48.798208 ], [ -97.18123, 48.79789 ], [ -97.180064, 48.797257 ], [ -97.178648, 48.797059 ], [ -97.177204, 48.79712 ], [ -97.175553, 48.797782 ], [ -97.173609, 48.799476 ], [ -97.172119, 48.800421 ], [ -97.169392, 48.80131 ], [ -97.166453, 48.801454 ], [ -97.164927, 48.801239 ], [ -97.163261, 48.800579 ], [ -97.162085, 48.799596 ], [ -97.161742, 48.798686 ], [ -97.161667, 48.797491 ], [ -97.162235, 48.796808 ], [ -97.163133, 48.796293 ], [ -97.164179, 48.796036 ], [ -97.166373, 48.796142 ], [ -97.169824, 48.796679 ], [ -97.170895, 48.796622 ], [ -97.172056, 48.796339 ], [ -97.173342, 48.795823 ], [ -97.173944, 48.795225 ], [ -97.17417, 48.794343 ], [ -97.173772, 48.793524 ], [ -97.171331, 48.792009 ], [ -97.166362, 48.791082 ], [ -97.1645, 48.790911 ], [ -97.159824, 48.791525 ], [ -97.158243, 48.791205 ], [ -97.157219, 48.790467 ], [ -97.156858, 48.789941 ], [ -97.156878, 48.789578 ], [ -97.157572, 48.787606 ], [ -97.158845, 48.786586 ], [ -97.159599, 48.785466 ], [ -97.159754, 48.784311 ], [ -97.158924, 48.783257 ], [ -97.156953, 48.782494 ], [ -97.155321, 48.782279 ], [ -97.149596, 48.782516 ], [ -97.14846, 48.782117 ], [ -97.147469, 48.781441 ], [ -97.147238, 48.780961 ], [ -97.147337, 48.780349 ], [ -97.14857, 48.779225 ], [ -97.150272, 48.778606 ], [ -97.157482, 48.77694 ], [ -97.15853, 48.776322 ], [ -97.158983, 48.775711 ], [ -97.158927, 48.774542 ], [ -97.157741, 48.773365 ], [ -97.156918, 48.773111 ], [ -97.153217, 48.772685 ], [ -97.152541, 48.772464 ], [ -97.151733, 48.771932 ], [ -97.150064, 48.769322 ], [ -97.145945, 48.765634 ], [ -97.145456, 48.76479 ], [ -97.145597, 48.763453 ], [ -97.146793, 48.761866 ], [ -97.147737, 48.761331 ], [ -97.15235, 48.759795 ], [ -97.153711, 48.758974 ], [ -97.154439, 48.758212 ], [ -97.1548, 48.757414 ], [ -97.154823, 48.756471 ], [ -97.153795, 48.753993 ], [ -97.152678, 48.752424 ], [ -97.151464, 48.751314 ], [ -97.150276, 48.750696 ], [ -97.14915, 48.750355 ], [ -97.14843, 48.750208 ], [ -97.145572, 48.750257 ], [ -97.14224, 48.750945 ], [ -97.14047, 48.750923 ], [ -97.138914, 48.750542 ], [ -97.138248, 48.750235 ], [ -97.137538, 48.749644 ], [ -97.13674, 48.748257 ], [ -97.136242, 48.746398 ], [ -97.136252, 48.74442 ], [ -97.136665, 48.742515 ], [ -97.13737, 48.741221 ], [ -97.138385, 48.740196 ], [ -97.141723, 48.738024 ], [ -97.142192, 48.737215 ], [ -97.142133, 48.736172 ], [ -97.141124, 48.735199 ], [ -97.139882, 48.734562 ], [ -97.138834, 48.734284 ], [ -97.137498, 48.734206 ], [ -97.132313, 48.734504 ], [ -97.130273, 48.734231 ], [ -97.129616, 48.73392 ], [ -97.128796, 48.733202 ], [ -97.12834, 48.732136 ], [ -97.128763, 48.730651 ], [ -97.129888, 48.729732 ], [ -97.131564, 48.729175 ], [ -97.13533, 48.728774 ], [ -97.136374, 48.7285 ], [ -97.137282, 48.72799 ], [ -97.137561, 48.727639 ], [ -97.137424, 48.726566 ], [ -97.13607, 48.725549 ], [ -97.13358, 48.724504 ], [ -97.129541, 48.722516 ], [ -97.127176, 48.721587 ], [ -97.125518, 48.720451 ], [ -97.123512, 48.718147 ], [ -97.121509, 48.713627 ], [ -97.120372, 48.712353 ], [ -97.1194, 48.711625 ], [ -97.118556, 48.71112 ], [ -97.116877, 48.710478 ], [ -97.112128, 48.709252 ], [ -97.111115, 48.708776 ], [ -97.110112, 48.707978 ], [ -97.109869, 48.707203 ], [ -97.11011, 48.706535 ], [ -97.110599, 48.706063 ], [ -97.111302, 48.70573 ], [ -97.112457, 48.705445 ], [ -97.117448, 48.704969 ], [ -97.119322, 48.704507 ], [ -97.120292, 48.703999 ], [ -97.120692, 48.703528 ], [ -97.120701, 48.702586 ], [ -97.119904, 48.701248 ], [ -97.119195, 48.700564 ], [ -97.115165, 48.697642 ], [ -97.11308, 48.695485 ], [ -97.110756, 48.692555 ], [ -97.108677, 48.690991 ], [ -97.107156, 48.690247 ], [ -97.105442, 48.689648 ], [ -97.097808, 48.687853 ], [ -97.093365, 48.686584 ], [ -97.091291, 48.685623 ], [ -97.090525, 48.684925 ], [ -97.090328, 48.684512 ], [ -97.090391, 48.683498 ], [ -97.090781, 48.682904 ], [ -97.091642, 48.682368 ], [ -97.092414, 48.682117 ], [ -97.093745, 48.68203 ], [ -97.094624, 48.682123 ], [ -97.097179, 48.683181 ], [ -97.098414, 48.683406 ], [ -97.100231, 48.68316 ], [ -97.101276, 48.682299 ], [ -97.101861, 48.680764 ], [ -97.100926, 48.676873 ], [ -97.100082, 48.671089 ], [ -97.100111, 48.669674 ], [ -97.100562, 48.668406 ], [ -97.101094, 48.667697 ], [ -97.102624, 48.666667 ], [ -97.104512, 48.66598 ], [ -97.107955, 48.665175 ], [ -97.10882, 48.664752 ], [ -97.109229, 48.66425 ], [ -97.109008, 48.663335 ], [ -97.10796, 48.66267 ], [ -97.106517, 48.662479 ], [ -97.10302, 48.662825 ], [ -97.100724, 48.662728 ], [ -97.099909, 48.66246 ], [ -97.099286, 48.662061 ], [ -97.098799, 48.66146 ], [ -97.098691, 48.660995 ], [ -97.098902, 48.659919 ], [ -97.09973, 48.658703 ], [ -97.104659, 48.654833 ], [ -97.105902, 48.653562 ], [ -97.106814, 48.651629 ], [ -97.107019, 48.64927 ], [ -97.107924, 48.647922 ], [ -97.10894, 48.647031 ], [ -97.110156, 48.646377 ], [ -97.111303, 48.645986 ], [ -97.114733, 48.645439 ], [ -97.11534, 48.645086 ], [ -97.115692, 48.644561 ], [ -97.115751, 48.643906 ], [ -97.115342, 48.643235 ], [ -97.114618, 48.642605 ], [ -97.111508, 48.640663 ], [ -97.110525, 48.639626 ], [ -97.109858, 48.638477 ], [ -97.109386, 48.637024 ], [ -97.108963, 48.634096 ], [ -97.10945, 48.632469 ], [ -97.110669, 48.631412 ], [ -97.111812, 48.630815 ], [ -97.113191, 48.630423 ], [ -97.114684, 48.630342 ], [ -97.115837, 48.630507 ], [ -97.117593, 48.631119 ], [ -97.122104, 48.633393 ], [ -97.12424, 48.633973 ], [ -97.125992, 48.63412 ], [ -97.127668, 48.633893 ], [ -97.129712, 48.633116 ], [ -97.130541, 48.632456 ], [ -97.13114, 48.631473 ], [ -97.131115, 48.629848 ], [ -97.1306, 48.628934 ], [ -97.129647, 48.627927 ], [ -97.127037, 48.626207 ], [ -97.124667, 48.625084 ], [ -97.123412, 48.623998 ], [ -97.120142, 48.62168 ], [ -97.1194, 48.620659 ], [ -97.119185, 48.619656 ], [ -97.119206, 48.618986 ], [ -97.119495, 48.61856 ], [ -97.120408, 48.618017 ], [ -97.121723, 48.61785 ], [ -97.123737, 48.618102 ], [ -97.125497, 48.619006 ], [ -97.127783, 48.621184 ], [ -97.129634, 48.62239 ], [ -97.131625, 48.622889 ], [ -97.133859, 48.622778 ], [ -97.134631, 48.622529 ], [ -97.135196, 48.622144 ], [ -97.13545, 48.62148 ], [ -97.135315, 48.62091 ], [ -97.134385, 48.620029 ], [ -97.130814, 48.618062 ], [ -97.129554, 48.616801 ], [ -97.12878, 48.615228 ], [ -97.129033, 48.614268 ], [ -97.129576, 48.613693 ], [ -97.130834, 48.613229 ], [ -97.132322, 48.613132 ], [ -97.138126, 48.614664 ], [ -97.141496, 48.614894 ], [ -97.143794, 48.614766 ], [ -97.146202, 48.614412 ], [ -97.14805, 48.613838 ], [ -97.149798, 48.612724 ], [ -97.150649, 48.611676 ], [ -97.150755, 48.61063 ], [ -97.150291, 48.609668 ], [ -97.149138, 48.608719 ], [ -97.147676, 48.608182 ], [ -97.146371, 48.607985 ], [ -97.14471, 48.607946 ], [ -97.139251, 48.608779 ], [ -97.137491, 48.608875 ], [ -97.136337, 48.608721 ], [ -97.135186, 48.608338 ], [ -97.134481, 48.60785 ], [ -97.134291, 48.6074 ], [ -97.134376, 48.606862 ], [ -97.135056, 48.606129 ], [ -97.137639, 48.604721 ], [ -97.13895, 48.60375 ], [ -97.142162, 48.599732 ], [ -97.143822, 48.598359 ], [ -97.144878, 48.597933 ], [ -97.14608, 48.597759 ], [ -97.149783, 48.598136 ], [ -97.151368, 48.59801 ], [ -97.152172, 48.597686 ], [ -97.152289, 48.597077 ], [ -97.152792, 48.596356 ], [ -97.154027, 48.595406 ], [ -97.153542, 48.594424 ], [ -97.152338, 48.593838 ], [ -97.151123, 48.593737 ], [ -97.146655, 48.594104 ], [ -97.145224, 48.594068 ], [ -97.143399, 48.593481 ], [ -97.142279, 48.592613 ], [ -97.142018, 48.592177 ], [ -97.141872, 48.590728 ], [ -97.142405, 48.585694 ], [ -97.143059, 48.583325 ], [ -97.143891, 48.582112 ], [ -97.145128, 48.581376 ], [ -97.146323, 48.581056 ], [ -97.147331, 48.580964 ], [ -97.149275, 48.581216 ], [ -97.151796, 48.582081 ], [ -97.153705, 48.582556 ], [ -97.156364, 48.582708 ], [ -97.158016, 48.582423 ], [ -97.159306, 48.581984 ], [ -97.160251, 48.581449 ], [ -97.160631, 48.580936 ], [ -97.160747, 48.580145 ], [ -97.160429, 48.579341 ], [ -97.159753, 48.578737 ], [ -97.158725, 48.578221 ], [ -97.15659, 48.577906 ], [ -97.151871, 48.577851 ], [ -97.150171, 48.577323 ], [ -97.148709, 48.576367 ], [ -97.148023, 48.575314 ], [ -97.147847, 48.573029 ], [ -97.148263, 48.571645 ], [ -97.14917, 48.570014 ], [ -97.150215, 48.568748 ], [ -97.15142, 48.567775 ], [ -97.152596, 48.567212 ], [ -97.154053, 48.566755 ], [ -97.167964, 48.565522 ], [ -97.171971, 48.56495 ], [ -97.17345, 48.564443 ], [ -97.174309, 48.563848 ], [ -97.17509, 48.562942 ], [ -97.175423, 48.561957 ], [ -97.174884, 48.560679 ], [ -97.173219, 48.559609 ], [ -97.17139, 48.558785 ], [ -97.166199, 48.557244 ], [ -97.163601, 48.55703 ], [ -97.153183, 48.557417 ], [ -97.144832, 48.557238 ], [ -97.141751, 48.556608 ], [ -97.140193, 48.555971 ], [ -97.138951, 48.55512 ], [ -97.138126, 48.55391 ], [ -97.13815, 48.553148 ], [ -97.13853, 48.552433 ], [ -97.138924, 48.552002 ], [ -97.139683, 48.551603 ], [ -97.141585, 48.551271 ], [ -97.148908, 48.55155 ], [ -97.155505, 48.551123 ], [ -97.156598, 48.551301 ], [ -97.157706, 48.551689 ], [ -97.159807, 48.553084 ], [ -97.161579, 48.55396 ], [ -97.162831, 48.55411 ], [ -97.164288, 48.553895 ], [ -97.165409, 48.553344 ], [ -97.166036, 48.552435 ], [ -97.166271, 48.551065 ], [ -97.165797, 48.54829 ], [ -97.165278, 48.546956 ], [ -97.163811, 48.544501 ], [ -97.162692, 48.543264 ], [ -97.161025, 48.542009 ], [ -97.158226, 48.540875 ], [ -97.155795, 48.540252 ], [ -97.150497, 48.539453 ], [ -97.145608, 48.5381 ], [ -97.142437, 48.536529 ], [ -97.141358, 48.535452 ], [ -97.14097, 48.534225 ], [ -97.141162, 48.533202 ], [ -97.142176, 48.53224 ], [ -97.143854, 48.531557 ], [ -97.148176, 48.531424 ], [ -97.149946, 48.531231 ], [ -97.152765, 48.530285 ], [ -97.153597, 48.529508 ], [ -97.154382, 48.528424 ], [ -97.154897, 48.526532 ], [ -97.154773, 48.524163 ], [ -97.154034, 48.521669 ], [ -97.152423, 48.520364 ], [ -97.150628, 48.519453 ], [ -97.14884, 48.518849 ], [ -97.145406, 48.518735 ], [ -97.142687, 48.519406 ], [ -97.138552, 48.521385 ], [ -97.13662, 48.522068 ], [ -97.133975, 48.52266 ], [ -97.130777, 48.522668 ], [ -97.129038, 48.522248 ], [ -97.127593, 48.521395 ], [ -97.126758, 48.520157 ], [ -97.127085, 48.518927 ], [ -97.128114, 48.517755 ], [ -97.132891, 48.514572 ], [ -97.133806, 48.513803 ], [ -97.136619, 48.512183 ], [ -97.139009, 48.511663 ], [ -97.142061, 48.511517 ], [ -97.147706, 48.512301 ], [ -97.149195, 48.512338 ], [ -97.149949, 48.511986 ], [ -97.150267, 48.5116 ], [ -97.150215, 48.510512 ], [ -97.14975, 48.509576 ], [ -97.149541, 48.508512 ], [ -97.149827, 48.506055 ], [ -97.149774, 48.501986 ], [ -97.14919, 48.50084 ], [ -97.147853, 48.49947 ], [ -97.145338, 48.497878 ], [ -97.140872, 48.496663 ], [ -97.136767, 48.495301 ], [ -97.134588, 48.494238 ], [ -97.132239, 48.492378 ], [ -97.131611, 48.491552 ], [ -97.131175, 48.490685 ], [ -97.131243, 48.489613 ], [ -97.1315, 48.489006 ], [ -97.13224, 48.488436 ], [ -97.133214, 48.488029 ], [ -97.134039, 48.487766 ], [ -97.135105, 48.487729 ], [ -97.136783, 48.488393 ], [ -97.138059, 48.489681 ], [ -97.138299, 48.490348 ], [ -97.139049, 48.491196 ], [ -97.139955, 48.491963 ], [ -97.141535, 48.492588 ], [ -97.143017, 48.492334 ], [ -97.143313, 48.491913 ], [ -97.143364, 48.491308 ], [ -97.140146, 48.488697 ], [ -97.139339, 48.487277 ], [ -97.139276, 48.48631 ], [ -97.1396, 48.485372 ], [ -97.140291, 48.484722 ], [ -97.141117, 48.484216 ], [ -97.145593, 48.482963 ], [ -97.154616, 48.482006 ], [ -97.157448, 48.481573 ], [ -97.159205, 48.481107 ], [ -97.161625, 48.479839 ], [ -97.162351, 48.479164 ], [ -97.162668, 48.477783 ], [ -97.161665, 48.476227 ], [ -97.160982, 48.475805 ], [ -97.15858, 48.475147 ], [ -97.156982, 48.474951 ], [ -97.154916, 48.474911 ], [ -97.151128, 48.475191 ], [ -97.146188, 48.476075 ], [ -97.140628, 48.477465 ], [ -97.138441, 48.477576 ], [ -97.134601, 48.477536 ], [ -97.132434, 48.477238 ], [ -97.130882, 48.476855 ], [ -97.12892, 48.475742 ], [ -97.128163, 48.474362 ], [ -97.128321, 48.472837 ], [ -97.128924, 48.471946 ], [ -97.129485, 48.47149 ], [ -97.130604, 48.471215 ], [ -97.132477, 48.471265 ], [ -97.134066, 48.471745 ], [ -97.137961, 48.473697 ], [ -97.14073, 48.474691 ], [ -97.143257, 48.474776 ], [ -97.144535, 48.474565 ], [ -97.146133, 48.474052 ], [ -97.147418, 48.472753 ], [ -97.148244, 48.47074 ], [ -97.147484, 48.4684 ], [ -97.147049, 48.46763 ], [ -97.145549, 48.465915 ], [ -97.144409, 48.464812 ], [ -97.143017, 48.463823 ], [ -97.14208, 48.463347 ], [ -97.140794, 48.462986 ], [ -97.139561, 48.462924 ], [ -97.138076, 48.462976 ], [ -97.133439, 48.463818 ], [ -97.131904, 48.463701 ], [ -97.130632, 48.46342 ], [ -97.129851, 48.462919 ], [ -97.129384, 48.46235 ], [ -97.128877, 48.461556 ], [ -97.128544, 48.460301 ], [ -97.129105, 48.457475 ], [ -97.129331, 48.454048 ], [ -97.130692, 48.452207 ], [ -97.135315, 48.448883 ], [ -97.137783, 48.447679 ], [ -97.140184, 48.446676 ], [ -97.148111, 48.444052 ], [ -97.149236, 48.443358 ], [ -97.150159, 48.442173 ], [ -97.150633, 48.440816 ], [ -97.150349, 48.439641 ], [ -97.149811, 48.439153 ], [ -97.147794, 48.438299 ], [ -97.146414, 48.438068 ], [ -97.145171, 48.438078 ], [ -97.141087, 48.438584 ], [ -97.139864, 48.439166 ], [ -97.13453, 48.443335 ], [ -97.132823, 48.4438 ], [ -97.131414, 48.444012 ], [ -97.129579, 48.44401 ], [ -97.128041, 48.443708 ], [ -97.126572, 48.443131 ], [ -97.124824, 48.441896 ], [ -97.124087, 48.440628 ], [ -97.123388, 48.438266 ], [ -97.123667, 48.436034 ], [ -97.124645, 48.433614 ], [ -97.125897, 48.432426 ], [ -97.127818, 48.431256 ], [ -97.129071, 48.431061 ], [ -97.131546, 48.431146 ], [ -97.133218, 48.431585 ], [ -97.138475, 48.433519 ], [ -97.141242, 48.433771 ], [ -97.144021, 48.433128 ], [ -97.145183, 48.432564 ], [ -97.14555, 48.432134 ], [ -97.145873, 48.431148 ], [ -97.145751, 48.43027 ], [ -97.144609, 48.429014 ], [ -97.142597, 48.42765 ], [ -97.139091, 48.42642 ], [ -97.134657, 48.426108 ], [ -97.133215, 48.425773 ], [ -97.128605, 48.42414 ], [ -97.124991, 48.422399 ], [ -97.122887, 48.420664 ], [ -97.122369, 48.419492 ], [ -97.122453, 48.418276 ], [ -97.122796, 48.417526 ], [ -97.123668, 48.416692 ], [ -97.124425, 48.416357 ], [ -97.126044, 48.41612 ], [ -97.127446, 48.416789 ], [ -97.130115, 48.418977 ], [ -97.133558, 48.420916 ], [ -97.136719, 48.421544 ], [ -97.138396, 48.421647 ], [ -97.142144, 48.421441 ], [ -97.146614, 48.420577 ], [ -97.150943, 48.41948 ], [ -97.152775, 48.418779 ], [ -97.153994, 48.418121 ], [ -97.154845, 48.417463 ], [ -97.155413, 48.416741 ], [ -97.155452, 48.415004 ], [ -97.155084, 48.41429 ], [ -97.154362, 48.413533 ], [ -97.153284, 48.413051 ], [ -97.15053, 48.412742 ], [ -97.148904, 48.412896 ], [ -97.147859, 48.413227 ], [ -97.146711, 48.413941 ], [ -97.144505, 48.417214 ], [ -97.143479, 48.418035 ], [ -97.142099, 48.418525 ], [ -97.140654, 48.418685 ], [ -97.13988, 48.418487 ], [ -97.139351, 48.418031 ], [ -97.13888, 48.417162 ], [ -97.138454, 48.414548 ], [ -97.137243, 48.413292 ], [ -97.13628, 48.412584 ], [ -97.13344, 48.411148 ], [ -97.132282, 48.410362 ], [ -97.131297, 48.408925 ], [ -97.131015, 48.407855 ], [ -97.131175, 48.407281 ], [ -97.131479, 48.406586 ], [ -97.132336, 48.40587 ], [ -97.134922, 48.404544 ], [ -97.136985, 48.403794 ], [ -97.139956, 48.402449 ], [ -97.141421, 48.40122 ], [ -97.142746, 48.39951 ], [ -97.144557, 48.398045 ], [ -97.145693, 48.397431 ], [ -97.146761, 48.397036 ], [ -97.148155, 48.396759 ], [ -97.151992, 48.396817 ], [ -97.153429, 48.396967 ], [ -97.158648, 48.396344 ], [ -97.160764, 48.39553 ], [ -97.162103, 48.394761 ], [ -97.163135, 48.39364 ], [ -97.163376, 48.392857 ], [ -97.16329, 48.391987 ], [ -97.161701, 48.391403 ], [ -97.159705, 48.391157 ], [ -97.158659, 48.39125 ], [ -97.157681, 48.391161 ], [ -97.15676, 48.390887 ], [ -97.156366, 48.39039 ], [ -97.15657, 48.389534 ], [ -97.157743, 48.387388 ], [ -97.157692, 48.386486 ], [ -97.15721, 48.385732 ], [ -97.153866, 48.383897 ], [ -97.153279, 48.383394 ], [ -97.151993, 48.38288 ], [ -97.14906, 48.381888 ], [ -97.147027, 48.381396 ], [ -97.145483, 48.381409 ], [ -97.144315, 48.3816 ], [ -97.140152, 48.38336 ], [ -97.138935, 48.383675 ], [ -97.136247, 48.383933 ], [ -97.134419, 48.383267 ], [ -97.133341, 48.382196 ], [ -97.133443, 48.381719 ], [ -97.133915, 48.381079 ], [ -97.13449, 48.380776 ], [ -97.135569, 48.380429 ], [ -97.139518, 48.380027 ], [ -97.140381, 48.37969 ], [ -97.140977, 48.379211 ], [ -97.141351, 48.378458 ], [ -97.141242, 48.377677 ], [ -97.137304, 48.372997 ], [ -97.13736, 48.371757 ], [ -97.137853, 48.371224 ], [ -97.139286, 48.3704 ], [ -97.141047, 48.370187 ], [ -97.143341, 48.370231 ], [ -97.147664, 48.370913 ], [ -97.15125, 48.371211 ], [ -97.152456, 48.370974 ], [ -97.154806, 48.36997 ], [ -97.155824, 48.368019 ], [ -97.156261, 48.365578 ], [ -97.155481, 48.363768 ], [ -97.151793, 48.361909 ], [ -97.148482, 48.360717 ], [ -97.146861, 48.359553 ], [ -97.145309, 48.357576 ], [ -97.144273, 48.355034 ], [ -97.143534, 48.35427 ], [ -97.141517, 48.353719 ], [ -97.138209, 48.353146 ], [ -97.136554, 48.352514 ], [ -97.136203, 48.352184 ], [ -97.135909, 48.350937 ], [ -97.136136, 48.350228 ], [ -97.140804, 48.346731 ], [ -97.140993, 48.345563 ], [ -97.140084, 48.344591 ], [ -97.1396, 48.344246 ], [ -97.138347, 48.343939 ], [ -97.133459, 48.343832 ], [ -97.132011, 48.343932 ], [ -97.129754, 48.34347 ], [ -97.127604, 48.342677 ], [ -97.126745, 48.34214 ], [ -97.12592, 48.340579 ], [ -97.125852, 48.338373 ], [ -97.126369, 48.337824 ], [ -97.127529, 48.335108 ], [ -97.129041, 48.33289 ], [ -97.130863, 48.331976 ], [ -97.132695, 48.331586 ], [ -97.134705, 48.331461 ], [ -97.137806, 48.330809 ], [ -97.14003, 48.329847 ], [ -97.140872, 48.329362 ], [ -97.142025, 48.328039 ], [ -97.142273, 48.326653 ], [ -97.141715, 48.325729 ], [ -97.140459, 48.325192 ], [ -97.139011, 48.325099 ], [ -97.137639, 48.325673 ], [ -97.135329, 48.327296 ], [ -97.134342, 48.327677 ], [ -97.131751, 48.328166 ], [ -97.129206, 48.328131 ], [ -97.120301, 48.327098 ], [ -97.118764, 48.326565 ], [ -97.11754, 48.325901 ], [ -97.116215, 48.324747 ], [ -97.115581, 48.323928 ], [ -97.115741, 48.322978 ], [ -97.116468, 48.322105 ], [ -97.117319, 48.321579 ], [ -97.119735, 48.320788 ], [ -97.125348, 48.319556 ], [ -97.128235, 48.319404 ], [ -97.13125, 48.319543 ], [ -97.132599, 48.319145 ], [ -97.134078, 48.318039 ], [ -97.135154, 48.315411 ], [ -97.137926, 48.311984 ], [ -97.138094, 48.310566 ], [ -97.137749, 48.309729 ], [ -97.137206, 48.309328 ], [ -97.135818, 48.308887 ], [ -97.134335, 48.308826 ], [ -97.13254, 48.309394 ], [ -97.128956, 48.311487 ], [ -97.127613, 48.311806 ], [ -97.125875, 48.311834 ], [ -97.124166, 48.311142 ], [ -97.122201, 48.30987 ], [ -97.122202, 48.308702 ], [ -97.123004, 48.308015 ], [ -97.125348, 48.306656 ], [ -97.126344, 48.305808 ], [ -97.126725, 48.304591 ], [ -97.126687, 48.304004 ], [ -97.125937, 48.303208 ], [ -97.124158, 48.302141 ], [ -97.120068, 48.301092 ], [ -97.118027, 48.300362 ], [ -97.114808, 48.298933 ], [ -97.113086, 48.297757 ], [ -97.112231, 48.296472 ], [ -97.112226, 48.295932 ], [ -97.112377, 48.295344 ], [ -97.112926, 48.294802 ], [ -97.113801, 48.294227 ], [ -97.115316, 48.293859 ], [ -97.11919, 48.294242 ], [ -97.121319, 48.295438 ], [ -97.122764, 48.296648 ], [ -97.124154, 48.298357 ], [ -97.124614, 48.298605 ], [ -97.126333, 48.299084 ], [ -97.128296, 48.298822 ], [ -97.129331, 48.298321 ], [ -97.130665, 48.297207 ], [ -97.133558, 48.294068 ], [ -97.137334, 48.291757 ], [ -97.13809, 48.290846 ], [ -97.138436, 48.289726 ], [ -97.138383, 48.288655 ], [ -97.137899, 48.287883 ], [ -97.136727, 48.28729 ], [ -97.135546, 48.287059 ], [ -97.134931, 48.287124 ], [ -97.133018, 48.287869 ], [ -97.132261, 48.288361 ], [ -97.129582, 48.290775 ], [ -97.128042, 48.291519 ], [ -97.126575, 48.291825 ], [ -97.124766, 48.291656 ], [ -97.123143, 48.290809 ], [ -97.12216, 48.290056 ], [ -97.117726, 48.283488 ], [ -97.116717, 48.281246 ], [ -97.116639, 48.280685 ], [ -97.123855, 48.280556 ], [ -97.132684, 48.280602 ], [ -97.133557, 48.280825 ], [ -97.140823, 48.28086 ], [ -97.1417, 48.280607 ], [ -97.143013, 48.280592 ], [ -97.18319, 48.28077 ], [ -97.183319, 48.280659 ], [ -97.188826, 48.280827 ], [ -97.230309, 48.28089 ], [ -97.250718, 48.281087 ], [ -97.254645, 48.281012 ], [ -97.254642, 48.281113 ], [ -97.256432, 48.280939 ], [ -97.268922, 48.280928 ], [ -97.335074, 48.281266 ], [ -97.33604, 48.281161 ], [ -97.336732, 48.281299 ], [ -97.340028, 48.281338 ], [ -97.372315, 48.281481 ], [ -97.383309, 48.281887 ], [ -97.383262, 48.293263 ], [ -97.384439, 48.293287 ], [ -97.38433, 48.296343 ], [ -97.383251, 48.29634 ], [ -97.383241, 48.303048 ], [ -97.383635, 48.353726 ], [ -97.384411, 48.369004 ], [ -97.643542, 48.3692 ], [ -97.643768, 48.332354 ], [ -97.643816, 48.228992 ], [ -97.644038, 48.209389 ], [ -97.643881, 48.194802 ], [ -97.693902, 48.194861 ], [ -97.70388, 48.194747 ], [ -97.709113, 48.194854 ], [ -97.83292, 48.194853 ], [ -97.860222, 48.194954 ], [ -97.913269, 48.19481 ], [ -97.929258, 48.194909 ], [ -98.000268, 48.194547 ], [ -98.011473, 48.194736 ], [ -98.032934, 48.194558 ], [ -98.054743, 48.194739 ] ] ] } },
{ "type": "Feature", "properties": { "district": "2", "district_int": 2 }, "geometry": { "type": "Polygon", "coordinates": [ [ [ -102.946911993974282, 48.999329932463617 ], [ -102.63141330822161, 48.999069503414525 ], [ -102.45653795762135, 48.998856489812219 ], [ -102.347757167830281, 48.998822216660223 ], [ -102.021214170102255, 48.998887924190093 ], [ -102.021244, 48.922835 ], [ -102.021493, 48.908355 ], [ -102.021346, 48.90777 ], [ -102.021342, 48.893879 ], [ -102.021649, 48.875246 ], [ -102.021347, 48.835664 ], [ -102.021643, 48.807108 ], [ -102.114368, 48.807092 ], [ -102.11741, 48.807201 ], [ -102.152164, 48.8072 ], [ -102.152545, 48.720294 ], [ -102.2336, 48.72029 ], [ -102.233654, 48.675476 ], [ -102.234055, 48.620899 ], [ -102.233892, 48.546339 ], [ -102.364648, 48.546388 ], [ -102.364418, 48.531372 ], [ -102.364568, 48.530585 ], [ -102.36454, 48.51987 ], [ -102.364714, 48.519634 ], [ -102.364548, 48.516799 ], [ -102.364486, 48.48317 ], [ -102.364208, 48.478703 ], [ -102.364511, 48.473405 ], [ -102.364472, 48.463335 ], [ -102.364667, 48.461676 ], [ -102.364294, 48.459299 ], [ -102.364369, 48.444916 ], [ -102.364185, 48.443136 ], [ -102.364447, 48.441512 ], [ -102.364215, 48.44094 ], [ -102.364155, 48.43039 ], [ -102.364308, 48.391573 ], [ -102.36434, 48.389104 ], [ -102.364608, 48.38865 ], [ -102.364336, 48.384963 ], [ -102.364367, 48.37246 ], [ -102.309888, 48.372458 ], [ -102.309901, 48.347395 ], [ -102.310083, 48.344943 ], [ -102.310052, 48.28373 ], [ -102.310552, 48.283849 ], [ -102.415102, 48.283678 ], [ -102.45165, 48.283818 ], [ -102.510403, 48.283716 ], [ -102.518044, 48.283845 ], [ -102.612421, 48.283824 ], [ -102.625461, 48.284032 ], [ -102.632589, 48.283893 ], [ -102.663152, 48.28395 ], [ -102.736596, 48.283672 ], [ -102.771853, 48.284109 ], [ -102.806162, 48.28417 ], [ -102.806203, 48.284349 ], [ -102.828194, 48.284138 ], [ -102.828314, 48.267321 ], [ -102.827972, 48.241356 ], [ -102.828249, 48.216105 ], [ -102.828239, 48.171257 ], [ -102.827964, 48.171028 ], [ -102.827965, 48.168184 ], [ -102.828162, 48.12502 ], [ -102.828477, 48.123664 ], [ -102.829025, 48.123789 ], [ -102.831039, 48.124892 ], [ -102.831889, 48.12502 ], [ -102.833662, 48.12642 ], [ -102.840062, 48.12982 ], [ -102.847762, 48.13262 ], [ -102.854962, 48.13472 ], [ -102.859462, 48.13552 ], [ -102.864862, 48.13692 ], [ -102.866762, 48.13702 ], [ -102.871862, 48.13652 ], [ -102.874562, 48.13602 ], [ -102.875462, 48.13537 ], [ -102.877303, 48.134984 ], [ -102.88398, 48.131469 ], [ -102.889758, 48.12809 ], [ -102.892496, 48.126265 ], [ -102.896959, 48.124154 ], [ -102.8997, 48.123278 ], [ -102.906885, 48.12179 ], [ -102.913535, 48.12161 ], [ -102.919889, 48.121767 ], [ -102.923999, 48.122463 ], [ -102.928665, 48.123629 ], [ -102.930277, 48.124598 ], [ -102.931465, 48.125021 ], [ -102.931921, 48.126041 ], [ -102.934385, 48.128364 ], [ -102.9364, 48.130789 ], [ -102.93846, 48.132506 ], [ -102.94743, 48.135965 ], [ -102.950434, 48.136668 ], [ -102.953986, 48.137269 ], [ -102.958088, 48.137634 ], [ -102.967588, 48.138122 ], [ -102.972885, 48.138011 ], [ -102.981175, 48.137084 ], [ -102.98762, 48.1367 ], [ -102.993812, 48.135877 ], [ -102.998649, 48.134551 ], [ -103.003784, 48.1323 ], [ -103.005128, 48.132012 ], [ -103.006791, 48.131865 ], [ -103.008915, 48.13196 ], [ -103.012654, 48.132543 ], [ -103.027459, 48.135489 ], [ -103.034701, 48.135596 ], [ -103.039691, 48.135164 ], [ -103.04415, 48.135131 ], [ -103.060733, 48.133049 ], [ -103.069081, 48.132418 ], [ -103.071429, 48.131953 ], [ -103.074716, 48.130396 ], [ -103.078502, 48.128292 ], [ -103.080898, 48.126751 ], [ -103.085009, 48.125022 ], [ -103.086069, 48.124691 ], [ -103.088818, 48.124648 ], [ -103.092167, 48.126395 ], [ -103.09313, 48.127746 ], [ -103.093227, 48.129452 ], [ -103.092975, 48.131859 ], [ -103.092018, 48.134511 ], [ -103.091273, 48.137986 ], [ -103.091352, 48.140906 ], [ -103.092056, 48.143137 ], [ -103.093345, 48.144453 ], [ -103.096796, 48.145768 ], [ -103.101603, 48.146495 ], [ -103.107083, 48.146494 ], [ -103.109808, 48.146228 ], [ -103.1165, 48.145243 ], [ -103.121387, 48.143608 ], [ -103.125463, 48.142886 ], [ -103.131859, 48.142895 ], [ -103.138603, 48.141362 ], [ -103.145334, 48.138434 ], [ -103.15711, 48.136193 ], [ -103.172399, 48.134889 ], [ -103.184843, 48.134177 ], [ -103.191767, 48.134391 ], [ -103.194817, 48.134766 ], [ -103.19767, 48.135307 ], [ -103.20189, 48.135208 ], [ -103.207265, 48.133223 ], [ -103.213794, 48.128588 ], [ -103.217265, 48.125022 ], [ -103.227264, 48.116622 ], [ -103.237264, 48.108922 ], [ -103.241365, 48.105022 ], [ -103.250465, 48.094922 ], [ -103.252497, 48.092974 ], [ -103.25362, 48.091226 ], [ -103.253937, 48.090186 ], [ -103.253903, 48.089549 ], [ -103.253153, 48.088458 ], [ -103.251623, 48.087334 ], [ -103.250465, 48.086831 ], [ -103.246765, 48.085722 ], [ -103.242865, 48.084822 ], [ -103.238965, 48.084222 ], [ -103.235765, 48.083522 ], [ -103.233265, 48.082422 ], [ -103.230565, 48.080922 ], [ -103.227165, 48.077922 ], [ -103.226265, 48.076423 ], [ -103.225965, 48.075123 ], [ -103.226165, 48.072523 ], [ -103.226965, 48.069723 ], [ -103.227665, 48.068123 ], [ -103.232965, 48.063323 ], [ -103.236165, 48.061123 ], [ -103.239065, 48.060223 ], [ -103.243965, 48.060023 ], [ -103.249265, 48.060523 ], [ -103.250565, 48.060923 ], [ -103.253465, 48.061323 ], [ -103.254565, 48.061623 ], [ -103.255265, 48.061623 ], [ -103.260165, 48.062623 ], [ -103.263665, 48.062623 ], [ -103.267766, 48.062123 ], [ -103.272866, 48.061023 ], [ -103.275866, 48.059423 ], [ -103.277266, 48.058023 ], [ -103.277966, 48.055923 ], [ -103.278066, 48.054423 ], [ -103.278466, 48.053623 ], [ -103.278766, 48.051223 ], [ -103.279966, 48.048123 ], [ -103.281266, 48.045823 ], [ -103.283666, 48.043123 ], [ -103.284866, 48.042123 ], [ -103.288366, 48.040123 ], [ -103.291266, 48.039423 ], [ -103.294166, 48.039323 ], [ -103.296666, 48.039623 ], [ -103.305567, 48.041623 ], [ -103.309167, 48.042123 ], [ -103.312967, 48.042023 ], [ -103.315767, 48.041623 ], [ -103.322767, 48.039924 ], [ -103.326067, 48.038624 ], [ -103.328867, 48.037924 ], [ -103.331267, 48.037124 ], [ -103.332867, 48.036824 ], [ -103.336468, 48.035524 ], [ -103.336968, 48.035224 ], [ -103.341368, 48.033924 ], [ -103.346668, 48.031724 ], [ -103.348668, 48.031324 ], [ -103.355468, 48.029024 ], [ -103.359568, 48.028224 ], [ -103.360468, 48.027924 ], [ -103.367768, 48.026724 ], [ -103.372969, 48.025524 ], [ -103.375069, 48.025224 ], [ -103.376069, 48.025224 ], [ -103.376869, 48.025024 ], [ -103.379769, 48.025124 ], [ -103.385369, 48.026324 ], [ -103.394869, 48.027524 ], [ -103.396369, 48.027824 ], [ -103.404469, 48.030524 ], [ -103.408469, 48.032224 ], [ -103.41517, 48.034524 ], [ -103.41997, 48.035624 ], [ -103.42397, 48.035924 ], [ -103.42837, 48.035924 ], [ -103.43117, 48.035524 ], [ -103.43397, 48.034524 ], [ -103.43567, 48.033624 ], [ -103.44217, 48.029424 ], [ -103.44727, 48.027325 ], [ -103.449371, 48.026625 ], [ -103.452871, 48.025725 ], [ -103.456071, 48.025525 ], [ -103.457971, 48.025125 ], [ -103.461371, 48.024025 ], [ -103.463071, 48.023225 ], [ -103.466471, 48.020825 ], [ -103.473271, 48.013925 ], [ -103.474771, 48.012625 ], [ -103.476171, 48.011725 ], [ -103.480972, 48.008825 ], [ -103.485072, 48.006725 ], [ -103.488372, 48.005825 ], [ -103.491572, 48.005425 ], [ -103.493972, 48.005225 ], [ -103.496472, 48.005225 ], [ -103.501172, 48.005925 ], [ -103.502572, 48.006525 ], [ -103.504272, 48.007525 ], [ -103.509372, 48.011125 ], [ -103.512672, 48.014725 ], [ -103.516572, 48.019525 ], [ -103.517672, 48.021225 ], [ -103.519972, 48.025725 ], [ -103.520672, 48.026825 ], [ -103.522972, 48.029425 ], [ -103.524272, 48.031825 ], [ -103.525472, 48.033325 ], [ -103.526672, 48.034325 ], [ -103.527972, 48.035125 ], [ -103.530373, 48.035725 ], [ -103.531873, 48.035825 ], [ -103.535773, 48.035025 ], [ -103.547173, 48.034124 ], [ -103.557073, 48.034224 ], [ -103.566074, 48.035024 ], [ -103.569374, 48.035724 ], [ -103.572474, 48.037224 ], [ -103.575874, 48.038524 ], [ -103.579574, 48.040224 ], [ -103.582074, 48.041524 ], [ -103.583974, 48.043224 ], [ -103.584674, 48.044224 ], [ -103.585574, 48.048824 ], [ -103.585574, 48.050724 ], [ -103.585274, 48.052524 ], [ -103.584374, 48.054924 ], [ -103.581874, 48.058424 ], [ -103.579674, 48.060124 ], [ -103.578074, 48.061124 ], [ -103.576274, 48.062624 ], [ -103.573973, 48.064124 ], [ -103.568373, 48.067224 ], [ -103.564773, 48.068924 ], [ -103.559173, 48.071924 ], [ -103.554073, 48.075524 ], [ -103.551473, 48.077824 ], [ -103.548472, 48.081924 ], [ -103.547672, 48.083524 ], [ -103.547172, 48.085824 ], [ -103.547572, 48.086824 ], [ -103.548172, 48.087524 ], [ -103.548572, 48.087724 ], [ -103.549472, 48.087824 ], [ -103.558273, 48.087224 ], [ -103.561773, 48.087324 ], [ -103.565573, 48.087824 ], [ -103.566673, 48.087724 ], [ -103.568173, 48.087924 ], [ -103.571773, 48.088724 ], [ -103.575973, 48.090024 ], [ -103.579373, 48.090824 ], [ -103.584673, 48.092524 ], [ -103.588174, 48.094124 ], [ -103.589174, 48.094724 ], [ -103.593174, 48.097724 ], [ -103.594974, 48.099424 ], [ -103.597174, 48.101024 ], [ -103.598874, 48.102524 ], [ -103.600874, 48.103824 ], [ -103.605374, 48.107324 ], [ -103.607674, 48.109424 ], [ -103.608674, 48.111224 ], [ -103.608674, 48.113024 ], [ -103.608174, 48.114124 ], [ -103.606474, 48.115424 ], [ -103.603274, 48.117024 ], [ -103.596974, 48.119024 ], [ -103.594974, 48.119524 ], [ -103.592373, 48.120524 ], [ -103.587673, 48.123024 ], [ -103.585712, 48.124553 ], [ -103.585639, 48.126666 ], [ -103.586094, 48.128692 ], [ -103.587005, 48.13105 ], [ -103.588074, 48.132492 ], [ -103.582813, 48.132486 ], [ -103.582598, 48.133325 ], [ -103.581719, 48.132735 ], [ -103.581267, 48.13262 ], [ -103.571811, 48.132583 ], [ -103.571848, 48.136994 ], [ -103.572497, 48.139079 ], [ -103.571385, 48.143211 ], [ -103.571663, 48.147123 ], [ -103.564556, 48.147967 ], [ -103.564531, 48.148154 ], [ -103.563921, 48.148163 ], [ -103.563951, 48.14927 ], [ -103.561583, 48.149297 ], [ -103.561131, 48.14939 ], [ -103.561104, 48.149518 ], [ -103.561034, 48.162008 ], [ -103.56336, 48.160722 ], [ -103.566498, 48.15839 ], [ -103.576029, 48.149944 ], [ -103.577122, 48.150366 ], [ -103.577645, 48.151091 ], [ -103.579422, 48.150653 ], [ -103.582751, 48.150662 ], [ -103.582727, 48.154276 ], [ -103.584839, 48.154296 ], [ -103.583806, 48.154544 ], [ -103.5833, 48.154856 ], [ -103.582727, 48.155889 ], [ -103.582995, 48.241184 ], [ -103.60063, 48.241173 ], [ -103.602741, 48.241698 ], [ -103.60717, 48.244283 ], [ -103.608604, 48.244683 ], [ -103.609781, 48.24476 ], [ -103.62581, 48.244694 ], [ -103.62581, 48.244582 ], [ -103.630527, 48.244579 ], [ -103.634077, 48.244312 ], [ -103.637788, 48.244243 ], [ -103.639797, 48.243949 ], [ -103.641441, 48.24351 ], [ -103.647725, 48.241425 ], [ -103.649406, 48.241079 ], [ -103.651025, 48.240953 ], [ -103.656672, 48.240955 ], [ -103.66245, 48.241209 ], [ -103.670545, 48.240899 ], [ -103.675057, 48.240878 ], [ -103.687122, 48.241556 ], [ -103.700329, 48.241291 ], [ -103.716689, 48.241253 ], [ -103.719086, 48.240851 ], [ -103.721011, 48.240212 ], [ -103.722185, 48.239662 ], [ -103.723907, 48.23843 ], [ -103.725184, 48.236923 ], [ -103.728474, 48.230834 ], [ -103.729944, 48.229357 ], [ -103.73229, 48.22784 ], [ -103.733388, 48.227353 ], [ -103.733388, 48.22763 ], [ -103.735069, 48.227018 ], [ -103.737399, 48.226479 ], [ -103.739403, 48.226261 ], [ -103.743947, 48.226171 ], [ -103.747155, 48.225688 ], [ -103.750088, 48.224701 ], [ -103.752496, 48.223305 ], [ -103.753728, 48.222278 ], [ -103.754898, 48.220915 ], [ -103.755761, 48.21918 ], [ -103.756096, 48.217618 ], [ -103.756147, 48.197304 ], [ -103.755881, 48.193541 ], [ -103.754662, 48.183881 ], [ -103.753411, 48.181572 ], [ -103.752012, 48.180195 ], [ -103.750714, 48.17933 ], [ -103.748959, 48.178478 ], [ -103.746802, 48.177818 ], [ -103.742165, 48.177057 ], [ -103.739824, 48.176375 ], [ -103.738201, 48.175624 ], [ -103.736762, 48.174673 ], [ -103.735126, 48.172984 ], [ -103.734394, 48.171664 ], [ -103.734078, 48.170467 ], [ -103.733984, 48.16363 ], [ -103.733237, 48.155628 ], [ -103.732671, 48.154555 ], [ -103.731747, 48.153611 ], [ -103.725843, 48.149672 ], [ -103.724814, 48.14886 ], [ -103.724013, 48.147891 ], [ -103.72341, 48.146243 ], [ -103.723394, 48.14034 ], [ -103.731349, 48.140131 ], [ -103.785782, 48.140135 ], [ -103.794589, 48.140658 ], [ -103.802679, 48.140308 ], [ -103.95056, 48.14037 ], [ -103.974551, 48.140105 ], [ -103.988179, 48.140397 ], [ -104.001547, 48.140408 ], [ -104.009731, 48.140327 ], [ -104.013998, 48.140026 ], [ -104.014005, 48.140254 ], [ -104.015216, 48.140271 ], [ -104.035536, 48.140224 ], [ -104.038192, 48.140104 ], [ -104.038502, 48.140256 ], [ -104.045357, 48.140282 ], [ -104.045495, 48.157382 ], [ -104.045362, 48.176448 ], [ -104.045929, 48.24635 ], [ -104.045966, 48.287216 ], [ -104.046122, 48.287601 ], [ -104.045911, 48.28816 ], [ -104.045845, 48.293695 ], [ -104.04603, 48.299202 ], [ -104.045936, 48.307257 ], [ -104.045874, 48.309419 ], [ -104.045498, 48.310453 ], [ -104.045874, 48.311048 ], [ -104.046024, 48.313854 ], [ -104.046137, 48.328302 ], [ -104.046278, 48.328302 ], [ -104.046437, 48.336463 ], [ -104.046332, 48.34229 ], [ -104.047585, 48.489247 ], [ -104.047994, 48.627181 ], [ -104.047922, 48.664131 ], [ -104.04851, 48.74381 ], [ -104.048538, 48.787959 ], [ -104.048889, 48.837769 ], [ -104.048793, 48.866548 ], [ -104.048953, 48.870264 ], [ -104.048826, 48.899706 ], [ -104.048645, 48.901391 ], [ -104.048932, 48.90384 ], [ -104.049005987119301, 48.932658271892322 ], [ -104.048685928117933, 48.999899214864527 ], [ -103.772711831458565, 48.999506887998479 ], [ -103.599295952127392, 48.999257976782822 ], [ -103.531443395805667, 48.999287499823332 ], [ -103.348308811180743, 48.999363141916596 ], [ -103.130803769239307, 48.999370423579748 ], [ -102.946911993974282, 48.999329932463617 ] ] ] } },
{ "type": "Feature", "properties": { "district": "20", "district_int": 20 }, "geometry": { "type": "Polygon", "coordinates": [ [ [ -97.189268, 48.280801 ], [ -97.183319, 48.280659 ], [ -97.18319, 48.28077 ], [ -97.147322, 48.280582 ], [ -97.141804, 48.280598 ], [ -97.140823, 48.28086 ], [ -97.133557, 48.280825 ], [ -97.132684, 48.280602 ], [ -97.123855, 48.280556 ], [ -97.116639, 48.280685 ], [ -97.11657, 48.279661 ], [ -97.117543, 48.278023 ], [ -97.119801, 48.27685 ], [ -97.121388, 48.276752 ], [ -97.124029, 48.277 ], [ -97.125123, 48.276674 ], [ -97.125567, 48.276007 ], [ -97.125568, 48.275434 ], [ -97.124259, 48.273641 ], [ -97.123738, 48.272048 ], [ -97.12408, 48.27125 ], [ -97.125345, 48.270421 ], [ -97.127208, 48.269844 ], [ -97.129831, 48.269787 ], [ -97.131443, 48.269948 ], [ -97.136138, 48.271033 ], [ -97.13915, 48.271227 ], [ -97.140365, 48.271096 ], [ -97.143096, 48.27044 ], [ -97.144373, 48.269717 ], [ -97.145032, 48.268766 ], [ -97.145112, 48.267743 ], [ -97.144856, 48.266793 ], [ -97.143864, 48.265749 ], [ -97.142032, 48.265399 ], [ -97.140658, 48.265337 ], [ -97.136095, 48.265855 ], [ -97.135059, 48.265825 ], [ -97.130441, 48.26496 ], [ -97.126273, 48.26437 ], [ -97.124697, 48.263881 ], [ -97.124188, 48.263553 ], [ -97.123056, 48.262237 ], [ -97.122954, 48.261666 ], [ -97.123142, 48.261174 ], [ -97.124254, 48.2603 ], [ -97.125348, 48.260008 ], [ -97.127294, 48.260012 ], [ -97.129883, 48.259772 ], [ -97.130363, 48.259465 ], [ -97.130602, 48.258982 ], [ -97.130623, 48.258056 ], [ -97.13003, 48.257203 ], [ -97.126759, 48.25502 ], [ -97.124873, 48.253164 ], [ -97.124368, 48.251918 ], [ -97.124325, 48.251258 ], [ -97.124489, 48.250702 ], [ -97.125108, 48.249983 ], [ -97.127441, 48.249437 ], [ -97.129128, 48.249435 ], [ -97.12993, 48.249731 ], [ -97.133434, 48.249873 ], [ -97.135575, 48.249488 ], [ -97.139969, 48.247345 ], [ -97.143148, 48.246708 ], [ -97.144496, 48.246131 ], [ -97.146092, 48.245187 ], [ -97.146744, 48.244484 ], [ -97.14717, 48.242966 ], [ -97.147076, 48.242201 ], [ -97.14593, 48.24162 ], [ -97.144444, 48.241182 ], [ -97.142238, 48.241196 ], [ -97.140546, 48.241472 ], [ -97.138533, 48.241488 ], [ -97.135737, 48.240893 ], [ -97.134604, 48.240249 ], [ -97.133735, 48.239075 ], [ -97.133968, 48.238183 ], [ -97.134399, 48.237704 ], [ -97.135835, 48.236919 ], [ -97.141603, 48.236467 ], [ -97.143008, 48.23606 ], [ -97.14434, 48.235049 ], [ -97.144584, 48.234262 ], [ -97.144645, 48.233562 ], [ -97.143582, 48.231767 ], [ -97.14238, 48.230993 ], [ -97.139311, 48.230187 ], [ -97.135127, 48.229743 ], [ -97.130333, 48.229672 ], [ -97.124447, 48.228387 ], [ -97.12347, 48.228018 ], [ -97.121675, 48.226936 ], [ -97.120749, 48.225826 ], [ -97.12069, 48.224754 ], [ -97.121684, 48.223568 ], [ -97.122296, 48.223303 ], [ -97.123317, 48.223076 ], [ -97.124508, 48.223174 ], [ -97.126637, 48.223839 ], [ -97.131731, 48.226424 ], [ -97.133288, 48.226943 ], [ -97.135791, 48.227084 ], [ -97.137191, 48.226951 ], [ -97.140819, 48.226199 ], [ -97.148345, 48.223742 ], [ -97.149657, 48.223149 ], [ -97.151097, 48.222098 ], [ -97.151712, 48.221395 ], [ -97.152176, 48.220433 ], [ -97.15219, 48.219636 ], [ -97.151746, 48.218932 ], [ -97.150902, 48.218306 ], [ -97.149774, 48.218088 ], [ -97.148288, 48.218317 ], [ -97.147122, 48.218847 ], [ -97.145817, 48.220133 ], [ -97.143604, 48.221523 ], [ -97.141714, 48.222086 ], [ -97.140605, 48.222142 ], [ -97.139055, 48.221952 ], [ -97.132161, 48.219579 ], [ -97.127297, 48.218453 ], [ -97.125349, 48.217753 ], [ -97.122884, 48.216494 ], [ -97.120863, 48.214974 ], [ -97.118959, 48.212867 ], [ -97.118118, 48.211404 ], [ -97.117838, 48.209764 ], [ -97.118301, 48.20857 ], [ -97.118943, 48.207822 ], [ -97.119774, 48.207504 ], [ -97.120493, 48.207289 ], [ -97.122925, 48.207381 ], [ -97.123689, 48.207602 ], [ -97.12452, 48.207961 ], [ -97.126091, 48.210009 ], [ -97.127862, 48.214417 ], [ -97.129247, 48.215732 ], [ -97.131363, 48.217182 ], [ -97.132861, 48.217597 ], [ -97.13547, 48.217851 ], [ -97.137376, 48.217681 ], [ -97.138953, 48.217075 ], [ -97.139296, 48.216755 ], [ -97.139497, 48.214391 ], [ -97.138257, 48.213061 ], [ -97.136449, 48.211856 ], [ -97.135408, 48.211501 ], [ -97.131837, 48.211191 ], [ -97.130155, 48.210765 ], [ -97.129199, 48.209938 ], [ -97.129277, 48.208377 ], [ -97.130122, 48.207636 ], [ -97.13165, 48.20711 ], [ -97.137554, 48.206223 ], [ -97.139091, 48.205841 ], [ -97.14091, 48.20452 ], [ -97.14124, 48.202953 ], [ -97.140106, 48.201792 ], [ -97.136796, 48.19952 ], [ -97.135921, 48.198325 ], [ -97.135672, 48.197126 ], [ -97.136508, 48.196264 ], [ -97.13973, 48.195047 ], [ -97.140904, 48.194443 ], [ -97.141221, 48.193712 ], [ -97.167566, 48.193605 ], [ -97.211054, 48.193715 ], [ -97.211159, 48.187524 ], [ -97.211622, 48.179688 ], [ -97.212949, 48.121562 ], [ -97.213618, 48.107898 ], [ -97.212019, 48.106691 ], [ -97.213684, 48.106706 ], [ -97.21288, 48.062513 ], [ -97.21307, 48.04917 ], [ -97.213002, 48.019783 ], [ -97.254783, 48.019788 ], [ -97.28005, 48.020236 ], [ -97.300088, 48.020009 ], [ -97.328897, 48.020134 ], [ -97.347853, 48.020364 ], [ -97.375356, 48.020257 ], [ -97.375353, 48.02047 ], [ -97.378044, 48.020517 ], [ -97.392915, 48.020477 ], [ -97.39613, 48.020892 ], [ -97.400494, 48.020637 ], [ -97.428711, 48.020666 ], [ -97.429389, 47.933195 ], [ -97.364923, 47.93343 ], [ -97.297968, 47.933433 ], [ -97.283607, 47.933093 ], [ -97.239145, 47.933077 ], [ -97.238854, 47.930446 ], [ -97.238783, 47.926705 ], [ -97.23881, 47.911183 ], [ -97.239191, 47.889681 ], [ -97.239006, 47.875423 ], [ -97.239414, 47.846231 ], [ -97.082599, 47.84587 ], [ -97.080196, 47.843039 ], [ -97.078935, 47.841092 ], [ -97.077888, 47.838401 ], [ -97.077596, 47.836602 ], [ -97.077506, 47.759101 ], [ -96.942938, 47.759204 ], [ -96.937538, 47.759473 ], [ -96.937223, 47.759461 ], [ -96.936247, 47.758668 ], [ -96.935205, 47.758115 ], [ -96.930697, 47.756815 ], [ -96.928916, 47.755926 ], [ -96.928854, 47.755296 ], [ -96.929369, 47.754946 ], [ -96.930962, 47.754711 ], [ -96.932178, 47.754742 ], [ -96.933699, 47.755036 ], [ -96.936998, 47.756312 ], [ -96.938087, 47.756398 ], [ -96.93899, 47.756205 ], [ -96.939437, 47.755898 ], [ -96.939731, 47.755436 ], [ -96.939718, 47.754931 ], [ -96.939446, 47.754429 ], [ -96.93847, 47.75388 ], [ -96.934991, 47.753151 ], [ -96.932771, 47.752401 ], [ -96.930277, 47.751276 ], [ -96.929152, 47.750376 ], [ -96.928642, 47.749498 ], [ -96.928393, 47.748063 ], [ -96.92838, 47.745965 ], [ -96.928673, 47.743812 ], [ -96.929577, 47.742483 ], [ -96.932085, 47.74083 ], [ -96.932776, 47.740065 ], [ -96.933052, 47.739249 ], [ -96.93283, 47.737523 ], [ -96.931977, 47.736086 ], [ -96.930989, 47.734978 ], [ -96.927278, 47.73153 ], [ -96.925173, 47.730061 ], [ -96.924926, 47.729586 ], [ -96.924597, 47.727068 ], [ -96.924105, 47.726242 ], [ -96.923052, 47.725711 ], [ -96.920419, 47.725342 ], [ -96.919271, 47.72498 ], [ -96.918628, 47.724559 ], [ -96.918413, 47.723969 ], [ -96.91904, 47.72287 ], [ -96.921101, 47.721375 ], [ -96.924771, 47.719752 ], [ -96.926713, 47.719098 ], [ -96.929163, 47.718531 ], [ -96.930086, 47.718118 ], [ -96.930538, 47.717721 ], [ -96.930946, 47.716981 ], [ -96.930973, 47.715547 ], [ -96.930569, 47.715 ], [ -96.929611, 47.714439 ], [ -96.928541, 47.714261 ], [ -96.927809, 47.714315 ], [ -96.926239, 47.715018 ], [ -96.923942, 47.717352 ], [ -96.923132, 47.717803 ], [ -96.922315, 47.717928 ], [ -96.921636, 47.717865 ], [ -96.920791, 47.717575 ], [ -96.919799, 47.716928 ], [ -96.919277, 47.716262 ], [ -96.918886, 47.715143 ], [ -96.919113, 47.714329 ], [ -96.92026, 47.712238 ], [ -96.920344, 47.711229 ], [ -96.919927, 47.710377 ], [ -96.918749, 47.709463 ], [ -96.91684, 47.708696 ], [ -96.912754, 47.708319 ], [ -96.912063, 47.707741 ], [ -96.911868, 47.706817 ], [ -96.912776, 47.704902 ], [ -96.914436, 47.703653 ], [ -96.915039, 47.703441 ], [ -96.917807, 47.703356 ], [ -96.920379, 47.701815 ], [ -96.921071, 47.700894 ], [ -96.920875, 47.699976 ], [ -96.919856, 47.699267 ], [ -96.918556, 47.69914 ], [ -96.917883, 47.699226 ], [ -96.917069, 47.699549 ], [ -96.914017, 47.701803 ], [ -96.913054, 47.701943 ], [ -96.912017, 47.701465 ], [ -96.911377, 47.700806 ], [ -96.909455, 47.697305 ], [ -96.907689, 47.69569 ], [ -96.907019, 47.694426 ], [ -96.907263, 47.693635 ], [ -96.908853, 47.692633 ], [ -96.909763, 47.691709 ], [ -96.909928, 47.690064 ], [ -96.909527, 47.689218 ], [ -96.908795, 47.688749 ], [ -96.908025, 47.688521 ], [ -96.906974, 47.688546 ], [ -96.906131, 47.688748 ], [ -96.904686, 47.689578 ], [ -96.903346, 47.691305 ], [ -96.90271, 47.691622 ], [ -96.902042, 47.691714 ], [ -96.901192, 47.691539 ], [ -96.900431, 47.691097 ], [ -96.899237, 47.689579 ], [ -96.898956, 47.684915 ], [ -96.897435, 47.681118 ], [ -96.895988, 47.678181 ], [ -96.896598, 47.67533 ], [ -96.896246, 47.674194 ], [ -96.894616, 47.673295 ], [ -96.893784, 47.673074 ], [ -96.892889, 47.673029 ], [ -96.890397, 47.673304 ], [ -96.886811, 47.674245 ], [ -96.885666, 47.674177 ], [ -96.885116, 47.673808 ], [ -96.885042, 47.67349 ], [ -96.885362, 47.672925 ], [ -96.886038, 47.672445 ], [ -96.889368, 47.670866 ], [ -96.889834, 47.670345 ], [ -96.889937, 47.669735 ], [ -96.889443, 47.668529 ], [ -96.886785, 47.666149 ], [ -96.885419, 47.663884 ], [ -96.885308, 47.662694 ], [ -96.885535, 47.661842 ], [ -96.887291, 47.659291 ], [ -96.887518, 47.657935 ], [ -96.886693, 47.655582 ], [ -96.886845, 47.653671 ], [ -96.886616, 47.652752 ], [ -96.885797, 47.652051 ], [ -96.882477, 47.650053 ], [ -96.882212, 47.649389 ], [ -96.882118, 47.648083 ], [ -96.882859, 47.644266 ], [ -96.882351, 47.642656 ], [ -96.882571, 47.641883 ], [ -96.883506, 47.640983 ], [ -96.88437, 47.640583 ], [ -96.886285, 47.640326 ], [ -96.887534, 47.639967 ], [ -96.888092, 47.639648 ], [ -96.88821, 47.638911 ], [ -96.888074, 47.638316 ], [ -96.887631, 47.637723 ], [ -96.884526, 47.635113 ], [ -96.882468, 47.633699 ], [ -96.881954, 47.632875 ], [ -96.881867, 47.631428 ], [ -96.88148, 47.63003 ], [ -96.880902, 47.629459 ], [ -96.880157, 47.628889 ], [ -96.87935, 47.628711 ], [ -96.876638, 47.628912 ], [ -96.875357, 47.628736 ], [ -96.87472, 47.628349 ], [ -96.874373, 47.627824 ], [ -96.874519, 47.626913 ], [ -96.875357, 47.626554 ], [ -96.879223, 47.626713 ], [ -96.880487, 47.626016 ], [ -96.880582, 47.625625 ], [ -96.879867, 47.624779 ], [ -96.878824, 47.62451 ], [ -96.877516, 47.62445 ], [ -96.876404, 47.62402 ], [ -96.87586, 47.623449 ], [ -96.875916, 47.622622 ], [ -96.876277, 47.622069 ], [ -96.879705, 47.620255 ], [ -96.879726, 47.619336 ], [ -96.878982, 47.618812 ], [ -96.877876, 47.618796 ], [ -96.877108, 47.619008 ], [ -96.875433, 47.619065 ], [ -96.872708, 47.618379 ], [ -96.871796, 47.618476 ], [ -96.87101, 47.618074 ], [ -96.870792, 47.617415 ], [ -96.870995, 47.616861 ], [ -96.871771, 47.616272 ], [ -96.873196, 47.615595 ], [ -96.874005, 47.614891 ], [ -96.874161, 47.613989 ], [ -96.873641, 47.613546 ], [ -96.872706, 47.613478 ], [ -96.872049, 47.613606 ], [ -96.870631, 47.614515 ], [ -96.869737, 47.61482 ], [ -96.869061, 47.614848 ], [ -96.868302, 47.614469 ], [ -96.866939, 47.613064 ], [ -96.865923, 47.612561 ], [ -96.864709, 47.61233 ], [ -96.862336, 47.61237 ], [ -96.860192, 47.612193 ], [ -96.858962, 47.611788 ], [ -96.857082, 47.610745 ], [ -96.855653, 47.609325 ], [ -96.854821, 47.606862 ], [ -96.855093, 47.605578 ], [ -96.85625, 47.604253 ], [ -96.856904, 47.603099 ], [ -96.856991, 47.602398 ], [ -96.856812, 47.601832 ], [ -96.856327, 47.601272 ], [ -96.855363, 47.60071 ], [ -96.852099, 47.599717 ], [ -96.851376, 47.599145 ], [ -96.851012, 47.598508 ], [ -96.851095, 47.597688 ], [ -96.851444, 47.597047 ], [ -96.85275, 47.596169 ], [ -96.853804, 47.595974 ], [ -96.857991, 47.596253 ], [ -96.858525, 47.59611 ], [ -96.858937, 47.595742 ], [ -96.858887, 47.595103 ], [ -96.858034, 47.594475 ], [ -96.854417, 47.593122 ], [ -96.852306, 47.592833 ], [ -96.851437, 47.592579 ], [ -96.850299, 47.591783 ], [ -96.849897, 47.590826 ], [ -96.85121, 47.5879 ], [ -96.851618, 47.585779 ], [ -96.852479, 47.584311 ], [ -96.852877, 47.584157 ], [ -96.853252, 47.583634 ], [ -96.853285, 47.582924 ], [ -96.852904, 47.582566 ], [ -96.85284, 47.581084 ], [ -96.853003, 47.580333 ], [ -96.853739, 47.57885 ], [ -96.85439, 47.578151 ], [ -96.856185, 47.576881 ], [ -96.859084, 47.575473 ], [ -96.859484, 47.575351 ], [ -96.860273, 47.575381 ], [ -96.860476, 47.575022 ], [ -96.860317, 47.574534 ], [ -96.859773, 47.574099 ], [ -96.854384, 47.572228 ], [ -96.852362, 47.571031 ], [ -96.851734, 47.570247 ], [ -96.851423, 47.569257 ], [ -96.851568, 47.568655 ], [ -96.85284, 47.567874 ], [ -96.854447, 47.567423 ], [ -96.857307, 47.567121 ], [ -96.858463, 47.567146 ], [ -96.859835, 47.567395 ], [ -96.861746, 47.568461 ], [ -96.864223, 47.568917 ], [ -96.864837, 47.569534 ], [ -96.865818, 47.569661 ], [ -96.868236, 47.568544 ], [ -96.868813, 47.567861 ], [ -96.868934, 47.567002 ], [ -96.868372, 47.565768 ], [ -96.866817, 47.564138 ], [ -96.864982, 47.563006 ], [ -96.863088, 47.562486 ], [ -96.860895, 47.562828 ], [ -96.859456, 47.563371 ], [ -96.85672, 47.564718 ], [ -96.85499, 47.565238 ], [ -96.851855, 47.565712 ], [ -96.849746, 47.566663 ], [ -96.848609, 47.566744 ], [ -96.847499, 47.566226 ], [ -96.84726, 47.56557 ], [ -96.847615, 47.564651 ], [ -96.853987, 47.560459 ], [ -96.854957, 47.5601 ], [ -96.856256, 47.559966 ], [ -96.857546, 47.560147 ], [ -96.859357, 47.560637 ], [ -96.860144, 47.560636 ], [ -96.861375, 47.560117 ], [ -96.86173, 47.559676 ], [ -96.861749, 47.559279 ], [ -96.861618, 47.558897 ], [ -96.860497, 47.557631 ], [ -96.859075, 47.556241 ], [ -96.857925, 47.555447 ], [ -96.856729, 47.555082 ], [ -96.854291, 47.555 ], [ -96.851744, 47.554648 ], [ -96.850223, 47.553829 ], [ -96.849835, 47.553163 ], [ -96.849886, 47.552516 ], [ -96.850309, 47.551896 ], [ -96.853813, 47.549202 ], [ -96.854918, 47.54859 ], [ -96.857676, 47.547818 ], [ -96.858692, 47.547058 ], [ -96.859585, 47.547105 ], [ -96.860072, 47.546894 ], [ -96.860455, 47.546515 ], [ -96.860428, 47.545947 ], [ -96.85994, 47.54557 ], [ -96.858285, 47.544943 ], [ -96.851156, 47.543408 ], [ -96.848592, 47.542577 ], [ -96.846194, 47.540838 ], [ -96.845383, 47.539563 ], [ -96.845323, 47.538752 ], [ -96.845959, 47.537898 ], [ -96.846674, 47.537422 ], [ -96.847565, 47.537206 ], [ -96.848824, 47.537202 ], [ -96.849726, 47.537563 ], [ -96.850595, 47.538142 ], [ -96.851938, 47.540094 ], [ -96.852557, 47.540676 ], [ -96.854257, 47.541644 ], [ -96.855398, 47.542085 ], [ -96.856152, 47.542243 ], [ -96.857651, 47.542191 ], [ -96.859956, 47.541813 ], [ -96.862306, 47.541195 ], [ -96.863282, 47.540494 ], [ -96.863588, 47.539549 ], [ -96.863109, 47.538643 ], [ -96.86201, 47.537819 ], [ -96.860572, 47.537229 ], [ -96.858957, 47.537147 ], [ -96.857956, 47.537358 ], [ -96.855865, 47.538181 ], [ -96.854466, 47.538261 ], [ -96.853788, 47.537991 ], [ -96.853462, 47.53763 ], [ -96.853311, 47.536955 ], [ -96.853555, 47.536179 ], [ -96.856866, 47.533876 ], [ -96.858843, 47.531025 ], [ -96.860925, 47.529365 ], [ -96.861617, 47.529107 ], [ -96.862799, 47.528946 ], [ -96.869201, 47.528881 ], [ -96.870686, 47.528229 ], [ -96.871122, 47.527699 ], [ -96.871172, 47.527268 ], [ -96.870861, 47.526686 ], [ -96.870058, 47.526263 ], [ -96.867674, 47.525903 ], [ -96.86672, 47.525351 ], [ -96.866108, 47.522905 ], [ -96.864129, 47.520817 ], [ -96.863622, 47.520025 ], [ -96.863578, 47.518007 ], [ -96.86331, 47.51716 ], [ -96.862333, 47.516249 ], [ -96.860892, 47.515465 ], [ -96.857579, 47.514653 ], [ -96.854292, 47.5144 ], [ -96.852405, 47.514696 ], [ -96.84924, 47.515824 ], [ -96.847572, 47.516642 ], [ -96.846432, 47.516915 ], [ -96.844444, 47.51695 ], [ -96.842368, 47.516116 ], [ -96.841994, 47.515525 ], [ -96.842022, 47.514591 ], [ -96.842652, 47.513482 ], [ -96.8439, 47.512601 ], [ -96.845148, 47.512328 ], [ -96.846406, 47.512321 ], [ -96.849531, 47.513422 ], [ -96.851085, 47.513545 ], [ -96.852216, 47.513262 ], [ -96.853251, 47.512654 ], [ -96.853625, 47.511506 ], [ -96.852989, 47.51037 ], [ -96.851873, 47.5097 ], [ -96.849844, 47.509649 ], [ -96.846783, 47.510413 ], [ -96.845056, 47.510459 ], [ -96.8439, 47.510217 ], [ -96.843147, 47.509886 ], [ -96.842492, 47.509371 ], [ -96.84228, 47.508636 ], [ -96.842629, 47.508042 ], [ -96.843724, 47.507371 ], [ -96.845814, 47.506686 ], [ -96.84699, 47.506495 ], [ -96.849076, 47.506444 ], [ -96.851527, 47.507616 ], [ -96.85204, 47.507682 ], [ -96.852536, 47.507491 ], [ -96.853017, 47.506897 ], [ -96.852887, 47.505057 ], [ -96.853561, 47.503221 ], [ -96.85366, 47.502247 ], [ -96.853495, 47.501571 ], [ -96.852667, 47.500667 ], [ -96.850645, 47.499979 ], [ -96.84915, 47.499247 ], [ -96.848755, 47.498623 ], [ -96.848793, 47.498051 ], [ -96.850427, 47.497056 ], [ -96.853584, 47.49605 ], [ -96.85444, 47.495636 ], [ -96.855255, 47.495026 ], [ -96.855963, 47.493954 ], [ -96.856558, 47.493551 ], [ -96.861214, 47.492056 ], [ -96.862121, 47.492051 ], [ -96.862876, 47.492488 ], [ -96.863966, 47.492561 ], [ -96.864626, 47.492186 ], [ -96.86504, 47.491651 ], [ -96.864906, 47.49067 ], [ -96.863514, 47.489711 ], [ -96.863001, 47.489704 ], [ -96.860866, 47.489037 ], [ -96.858453, 47.488602 ], [ -96.858031, 47.488395 ], [ -96.853637, 47.487562 ], [ -96.852524, 47.487021 ], [ -96.852158, 47.486351 ], [ -96.852297, 47.485382 ], [ -96.85294, 47.484322 ], [ -96.854102, 47.48349 ], [ -96.855181, 47.483206 ], [ -96.857213, 47.483271 ], [ -96.858414, 47.48359 ], [ -96.85934, 47.48366 ], [ -96.861148, 47.484264 ], [ -96.862975, 47.483988 ], [ -96.865921, 47.480505 ], [ -96.866452, 47.480106 ], [ -96.868109, 47.479344 ], [ -96.868415, 47.47901 ], [ -96.868519, 47.478473 ], [ -96.86849, 47.477579 ], [ -96.867532, 47.476914 ], [ -96.866765, 47.476695 ], [ -96.865158, 47.476822 ], [ -96.8641, 47.477401 ], [ -96.862413, 47.479143 ], [ -96.860543, 47.480656 ], [ -96.859182, 47.481027 ], [ -96.856915, 47.481243 ], [ -96.855531, 47.48104 ], [ -96.85342, 47.480484 ], [ -96.852652, 47.47999 ], [ -96.851946, 47.479055 ], [ -96.851888, 47.47837 ], [ -96.852247, 47.477391 ], [ -96.85379, 47.475905 ], [ -96.855188, 47.474972 ], [ -96.857578, 47.473739 ], [ -96.858609, 47.473923 ], [ -96.859553, 47.473871 ], [ -96.860172, 47.473676 ], [ -96.860748, 47.473209 ], [ -96.861002, 47.472588 ], [ -96.860755, 47.470972 ], [ -96.8604, 47.470274 ], [ -96.860557, 47.470062 ], [ -96.860319, 47.468409 ], [ -96.859215, 47.46623 ], [ -96.857825, 47.464501 ], [ -96.854323, 47.461987 ], [ -96.853841, 47.461149 ], [ -96.853908, 47.460403 ], [ -96.854923, 47.459399 ], [ -96.855398, 47.459543 ], [ -96.855863, 47.459484 ], [ -96.858288, 47.458407 ], [ -96.85967, 47.458204 ], [ -96.861792, 47.458317 ], [ -96.862516, 47.458217 ], [ -96.86321, 47.457782 ], [ -96.863619, 47.45701 ], [ -96.863453, 47.456372 ], [ -96.862228, 47.455484 ], [ -96.859624, 47.455275 ], [ -96.857605, 47.455516 ], [ -96.856555, 47.455495 ], [ -96.854842, 47.455049 ], [ -96.854298, 47.454575 ], [ -96.854384, 47.453589 ], [ -96.855082, 47.452964 ], [ -96.855967, 47.452655 ], [ -96.858505, 47.452374 ], [ -96.859072, 47.452061 ], [ -96.859258, 47.451728 ], [ -96.859006, 47.451112 ], [ -96.857242, 47.449494 ], [ -96.857012, 47.449036 ], [ -96.85787, 47.447818 ], [ -96.859376, 47.446772 ], [ -96.85958, 47.446402 ], [ -96.859561, 47.445756 ], [ -96.858668, 47.444373 ], [ -96.858202, 47.44286 ], [ -96.856169, 47.440592 ], [ -96.855814, 47.439723 ], [ -96.855867, 47.439221 ], [ -96.856657, 47.43838 ], [ -96.85758, 47.437974 ], [ -96.860606, 47.437881 ], [ -96.861942, 47.43757 ], [ -96.862634, 47.437034 ], [ -96.862859, 47.436403 ], [ -96.862451, 47.435521 ], [ -96.860791, 47.434585 ], [ -96.859151, 47.434101 ], [ -96.854543, 47.433414 ], [ -96.853056, 47.43268 ], [ -96.852816, 47.43203 ], [ -96.853217, 47.431578 ], [ -96.854168, 47.431396 ], [ -96.856525, 47.432325 ], [ -96.857751, 47.432244 ], [ -96.858781, 47.431696 ], [ -96.860411, 47.430238 ], [ -96.863873, 47.428972 ], [ -96.864404, 47.428587 ], [ -96.864715, 47.428094 ], [ -96.864726, 47.427614 ], [ -96.864471, 47.427243 ], [ -96.862952, 47.426493 ], [ -96.8618, 47.426479 ], [ -96.859751, 47.427112 ], [ -96.858298, 47.427259 ], [ -96.856995, 47.427179 ], [ -96.855571, 47.426719 ], [ -96.854703, 47.426254 ], [ -96.854325, 47.425592 ], [ -96.85443, 47.425059 ], [ -96.85528, 47.424328 ], [ -96.856503, 47.42378 ], [ -96.85946, 47.423294 ], [ -96.861115, 47.422839 ], [ -96.862404, 47.422285 ], [ -96.864823, 47.420795 ], [ -96.866329, 47.420519 ], [ -96.869881, 47.420247 ], [ -96.870769, 47.420028 ], [ -96.871518, 47.419585 ], [ -96.871763, 47.419006 ], [ -96.871434, 47.418484 ], [ -96.870604, 47.418128 ], [ -96.869257, 47.418173 ], [ -96.866943, 47.418938 ], [ -96.866111, 47.419005 ], [ -96.865278, 47.418797 ], [ -96.863759, 47.418091 ], [ -96.861991, 47.417931 ], [ -96.861011, 47.41769 ], [ -96.860807, 47.417445 ], [ -96.860889, 47.417199 ], [ -96.861858, 47.41553 ], [ -96.861678, 47.414394 ], [ -96.859703, 47.412473 ], [ -96.858194, 47.410329 ], [ -96.856818, 47.409669 ], [ -96.855005, 47.4095 ], [ -96.852376, 47.409848 ], [ -96.84792, 47.410928 ], [ -96.845582, 47.411741 ], [ -96.844287, 47.412035 ], [ -96.842725, 47.412033 ], [ -96.842184, 47.411815 ], [ -96.841812, 47.411387 ], [ -96.841897, 47.410816 ], [ -96.842251, 47.410295 ], [ -96.842898, 47.409872 ], [ -96.847285, 47.407902 ], [ -96.851829, 47.407222 ], [ -96.852658, 47.406623 ], [ -96.852714, 47.406094 ], [ -96.852123, 47.405309 ], [ -96.850957, 47.404638 ], [ -96.845177, 47.403132 ], [ -96.842945, 47.401187 ], [ -96.841667, 47.400495 ], [ -96.839689, 47.399842 ], [ -96.839133, 47.399379 ], [ -96.83928, 47.398748 ], [ -96.839871, 47.398246 ], [ -96.843016, 47.396751 ], [ -96.843882, 47.3965 ], [ -96.84632, 47.39623 ], [ -96.848011, 47.395659 ], [ -96.848733, 47.394959 ], [ -96.849133, 47.393889 ], [ -96.848896, 47.393531 ], [ -96.848313, 47.393241 ], [ -96.846662, 47.392671 ], [ -96.844527, 47.392175 ], [ -96.842876, 47.392281 ], [ -96.840907, 47.393318 ], [ -96.840316, 47.393193 ], [ -96.839626, 47.392652 ], [ -96.837651, 47.389941 ], [ -96.837503, 47.389025 ], [ -96.837892, 47.388395 ], [ -96.8383, 47.388117 ], [ -96.840606, 47.387526 ], [ -96.841579, 47.387103 ], [ -96.842006, 47.386699 ], [ -96.842171, 47.386025 ], [ -96.841243, 47.385352 ], [ -96.838771, 47.384083 ], [ -96.838011, 47.383018 ], [ -96.83819, 47.382141 ], [ -96.838767, 47.381502 ], [ -96.839776, 47.380933 ], [ -96.841094, 47.380702 ], [ -96.842407, 47.380693 ], [ -96.844308, 47.381195 ], [ -96.845887, 47.382203 ], [ -96.846861, 47.382625 ], [ -96.847992, 47.382743 ], [ -96.8492, 47.382418 ], [ -96.850046, 47.381608 ], [ -96.850107, 47.381107 ], [ -96.849862, 47.380748 ], [ -96.84868, 47.379763 ], [ -96.845423, 47.378593 ], [ -96.843999, 47.377799 ], [ -96.843283, 47.376885 ], [ -96.843544, 47.375902 ], [ -96.844344, 47.375285 ], [ -96.845943, 47.374754 ], [ -96.848308, 47.374756 ], [ -96.850358, 47.375099 ], [ -96.852871, 47.375009 ], [ -96.85431, 47.374443 ], [ -96.854609, 47.374105 ], [ -96.854622, 47.37378 ], [ -96.854382, 47.372968 ], [ -96.853916, 47.372583 ], [ -96.852542, 47.372137 ], [ -96.850126, 47.37093 ], [ -96.847276, 47.370288 ], [ -96.846281, 47.370294 ], [ -96.844915, 47.370658 ], [ -96.841988, 47.372822 ], [ -96.841159, 47.373201 ], [ -96.839817, 47.373516 ], [ -96.838404, 47.373497 ], [ -96.837519, 47.373274 ], [ -96.836992, 47.372978 ], [ -96.836667, 47.372316 ], [ -96.837037, 47.371424 ], [ -96.838009, 47.370664 ], [ -96.840591, 47.369704 ], [ -96.842829, 47.368393 ], [ -96.844016, 47.368021 ], [ -96.845006, 47.368039 ], [ -96.847645, 47.368518 ], [ -96.850593, 47.369566 ], [ -96.852461, 47.369739 ], [ -96.854707, 47.369574 ], [ -96.856985, 47.369039 ], [ -96.857946, 47.368338 ], [ -96.858211, 47.367602 ], [ -96.857781, 47.366844 ], [ -96.856512, 47.366175 ], [ -96.854947, 47.366063 ], [ -96.852109, 47.366434 ], [ -96.850613, 47.366349 ], [ -96.849793, 47.365964 ], [ -96.848362, 47.36462 ], [ -96.847912, 47.363661 ], [ -96.848196, 47.362752 ], [ -96.848817, 47.362219 ], [ -96.851685, 47.360471 ], [ -96.852314, 47.359525 ], [ -96.852348, 47.358841 ], [ -96.851993, 47.358127 ], [ -96.85054, 47.357091 ], [ -96.848635, 47.356583 ], [ -96.847229, 47.356442 ], [ -96.838991, 47.356265 ], [ -96.837932, 47.355957 ], [ -96.837362, 47.355536 ], [ -96.837044, 47.354816 ], [ -96.837124, 47.354244 ], [ -96.837584, 47.353726 ], [ -96.838107, 47.353489 ], [ -96.83925, 47.353404 ], [ -96.840082, 47.353518 ], [ -96.8423, 47.354539 ], [ -96.843153, 47.354716 ], [ -96.843921, 47.354615 ], [ -96.844588, 47.354271 ], [ -96.845051, 47.353631 ], [ -96.844987, 47.353239 ], [ -96.843138, 47.351501 ], [ -96.842915, 47.350778 ], [ -96.843782, 47.350237 ], [ -96.845199, 47.35021 ], [ -96.847039, 47.349713 ], [ -96.847437, 47.348913 ], [ -96.847114, 47.347711 ], [ -96.846338, 47.346731 ], [ -96.845214, 47.345922 ], [ -96.844659, 47.345591 ], [ -96.843616, 47.345283 ], [ -96.842754, 47.344656 ], [ -96.842221, 47.343952 ], [ -96.841342, 47.34178 ], [ -96.840375, 47.340935 ], [ -96.839655, 47.340639 ], [ -96.838575, 47.340503 ], [ -96.836054, 47.340976 ], [ -96.834181, 47.340913 ], [ -96.832628, 47.340392 ], [ -96.83147, 47.339773 ], [ -96.830923, 47.339291 ], [ -96.830613, 47.338643 ], [ -96.830618, 47.338014 ], [ -96.831272, 47.336872 ], [ -96.833881, 47.333296 ], [ -96.834807, 47.332473 ], [ -96.836597, 47.331896 ], [ -96.837855, 47.331894 ], [ -96.840817, 47.332215 ], [ -96.842894, 47.332058 ], [ -96.844153, 47.331614 ], [ -96.845566, 47.330648 ], [ -96.846138, 47.329762 ], [ -96.846178, 47.329005 ], [ -96.845682, 47.327911 ], [ -96.844364, 47.326946 ], [ -96.842619, 47.326556 ], [ -96.841314, 47.326551 ], [ -96.840092, 47.326871 ], [ -96.838915, 47.327533 ], [ -96.838154, 47.328224 ], [ -96.83689, 47.329965 ], [ -96.83603, 47.330597 ], [ -96.835004, 47.330944 ], [ -96.833488, 47.330878 ], [ -96.8312, 47.330268 ], [ -96.829713, 47.329311 ], [ -96.828769, 47.328031 ], [ -96.829132, 47.326878 ], [ -96.829888, 47.326287 ], [ -96.831093, 47.325783 ], [ -96.835375, 47.325651 ], [ -96.836462, 47.325226 ], [ -96.8369, 47.324822 ], [ -96.837101, 47.324046 ], [ -96.836884, 47.323267 ], [ -96.835083, 47.321487 ], [ -96.834662, 47.320672 ], [ -96.834842, 47.31964 ], [ -96.835451, 47.31906 ], [ -96.837012, 47.318386 ], [ -96.840357, 47.318583 ], [ -96.842763, 47.318243 ], [ -96.846066, 47.316991 ], [ -96.846829, 47.316401 ], [ -96.846985, 47.31569 ], [ -96.846766, 47.315211 ], [ -96.846333, 47.314897 ], [ -96.843812, 47.314364 ], [ -96.842702, 47.313764 ], [ -96.842363, 47.313401 ], [ -96.842165, 47.312787 ], [ -96.842339, 47.312223 ], [ -96.843928, 47.310245 ], [ -96.843712, 47.309335 ], [ -96.843045, 47.308827 ], [ -96.842074, 47.308603 ], [ -96.840817, 47.30884 ], [ -96.840207, 47.309232 ], [ -96.839172, 47.310684 ], [ -96.83846, 47.311258 ], [ -96.837559, 47.311536 ], [ -96.836526, 47.311464 ], [ -96.835528, 47.310947 ], [ -96.833607, 47.308386 ], [ -96.830963, 47.306639 ], [ -96.83066, 47.306066 ], [ -96.830667, 47.305489 ], [ -96.831108, 47.304925 ], [ -96.833868, 47.303738 ], [ -96.834901, 47.303024 ], [ -96.835852, 47.30074 ], [ -96.836629, 47.299519 ], [ -96.838103, 47.298159 ], [ -96.839324, 47.297468 ], [ -96.841223, 47.296022 ], [ -96.842617, 47.294685 ], [ -96.843788, 47.293113 ], [ -96.84403, 47.291752 ], [ -96.843834, 47.289988 ], [ -96.843421, 47.288387 ], [ -96.841126, 47.283243 ], [ -96.840938, 47.279817 ], [ -96.84009, 47.276551 ], [ -96.84009, 47.275576 ], [ -96.840598, 47.27452 ], [ -96.841356, 47.273932 ], [ -96.842741, 47.273506 ], [ -96.845568, 47.273138 ], [ -96.846604, 47.272721 ], [ -96.847359, 47.272043 ], [ -96.84769, 47.271066 ], [ -96.847242, 47.270101 ], [ -96.845917, 47.269176 ], [ -96.844926, 47.268775 ], [ -96.842715, 47.268505 ], [ -96.841057, 47.268671 ], [ -96.838937, 47.269192 ], [ -96.837322, 47.269156 ], [ -96.835935, 47.268752 ], [ -96.835078, 47.268121 ], [ -96.834748, 47.267614 ], [ -96.834578, 47.266651 ], [ -96.834875, 47.265852 ], [ -96.835806, 47.265177 ], [ -96.837048, 47.264719 ], [ -96.839801, 47.264577 ], [ -96.84363, 47.265503 ], [ -96.844408, 47.265458 ], [ -96.845183, 47.265203 ], [ -96.845987, 47.264589 ], [ -96.847048, 47.263304 ], [ -96.847448, 47.261933 ], [ -96.84734, 47.261472 ], [ -96.846986, 47.261117 ], [ -96.84651, 47.260872 ], [ -96.845789, 47.260798 ], [ -96.844598, 47.261057 ], [ -96.842839, 47.262292 ], [ -96.841816, 47.262645 ], [ -96.837304, 47.263046 ], [ -96.836447, 47.262859 ], [ -96.835763, 47.262231 ], [ -96.835419, 47.261034 ], [ -96.835654, 47.259969 ], [ -96.836085, 47.259237 ], [ -96.837268, 47.258482 ], [ -96.838633, 47.258312 ], [ -96.841789, 47.259067 ], [ -96.84345, 47.259202 ], [ -96.844458, 47.259032 ], [ -96.84525, 47.258471 ], [ -96.84527, 47.257834 ], [ -96.844747, 47.257391 ], [ -96.843733, 47.257249 ], [ -96.84127, 47.257596 ], [ -96.839967, 47.25752 ], [ -96.838915, 47.257009 ], [ -96.838542, 47.256225 ], [ -96.838962, 47.255265 ], [ -96.839818, 47.254541 ], [ -96.842879, 47.25331 ], [ -96.84409, 47.252054 ], [ -96.844413, 47.251155 ], [ -96.844206, 47.250558 ], [ -96.843382, 47.249646 ], [ -96.842303, 47.249411 ], [ -96.841218, 47.249496 ], [ -96.840478, 47.249887 ], [ -96.839946, 47.250505 ], [ -96.839777, 47.251833 ], [ -96.839409, 47.252582 ], [ -96.838495, 47.253028 ], [ -96.837306, 47.253022 ], [ -96.836729, 47.252475 ], [ -96.835244, 47.250128 ], [ -96.833213, 47.24868 ], [ -96.83244, 47.247909 ], [ -96.832155, 47.247369 ], [ -96.832193, 47.24683 ], [ -96.83271, 47.246209 ], [ -96.834007, 47.245468 ], [ -96.839033, 47.244255 ], [ -96.84156, 47.243111 ], [ -96.843299, 47.241684 ], [ -96.843698, 47.240903 ], [ -96.843751, 47.239931 ], [ -96.843579, 47.239486 ], [ -96.842836, 47.238981 ], [ -96.841528, 47.238766 ], [ -96.840836, 47.238916 ], [ -96.840154, 47.239545 ], [ -96.839554, 47.241226 ], [ -96.839081, 47.241865 ], [ -96.838134, 47.242431 ], [ -96.836908, 47.242518 ], [ -96.836111, 47.242117 ], [ -96.835859, 47.241802 ], [ -96.835343, 47.239849 ], [ -96.835028, 47.239341 ], [ -96.833393, 47.238041 ], [ -96.847652, 47.237729 ], [ -96.879587, 47.238213 ], [ -96.898437, 47.23827 ], [ -96.942125, 47.238792 ], [ -97.275911, 47.238572 ], [ -97.451512, 47.239061 ], [ -97.451277, 47.296998 ], [ -97.451648, 47.324467 ], [ -97.474228, 47.324621 ], [ -97.474107, 47.338137 ], [ -97.474365, 47.374957 ], [ -97.474023, 47.404286 ], [ -97.473914, 47.439062 ], [ -97.473725, 47.439134 ], [ -97.473514, 47.440904 ], [ -97.473307, 47.45494 ], [ -97.473297, 47.474749 ], [ -97.473516, 47.47501 ], [ -97.473341, 47.484189 ], [ -97.473455, 47.512125 ], [ -97.473236, 47.512965 ], [ -97.473543, 47.514751 ], [ -97.473298, 47.518548 ], [ -97.473175, 47.541592 ], [ -97.472745, 47.672051 ], [ -97.558278, 47.672089 ], [ -97.565042, 47.672207 ], [ -97.643738, 47.67208 ], [ -97.771145, 47.672189 ], [ -97.771618, 47.672055 ], [ -97.79249, 47.672031 ], [ -97.803863, 47.672207 ], [ -97.83875, 47.672263 ], [ -97.882271, 47.672133 ], [ -97.882273, 47.679022 ], [ -97.882469, 47.679169 ], [ -97.882478, 47.680655 ], [ -97.882405, 47.744682 ], [ -97.882692, 47.750242 ], [ -97.882363, 47.759122 ], [ -97.882182, 47.802652 ], [ -97.882065, 48.020844 ], [ -97.903599, 48.020897 ], [ -97.903313, 48.194845 ], [ -97.860222, 48.194954 ], [ -97.83292, 48.194853 ], [ -97.709113, 48.194854 ], [ -97.70388, 48.194747 ], [ -97.693902, 48.194861 ], [ -97.643881, 48.194802 ], [ -97.644038, 48.209389 ], [ -97.643816, 48.228992 ], [ -97.643768, 48.332354 ], [ -97.643542, 48.3692 ], [ -97.384411, 48.369004 ], [ -97.383635, 48.353726 ], [ -97.383241, 48.303048 ], [ -97.383251, 48.29634 ], [ -97.38433, 48.296343 ], [ -97.384439, 48.293287 ], [ -97.383262, 48.293263 ], [ -97.383309, 48.281887 ], [ -97.372315, 48.281481 ], [ -97.340028, 48.281338 ], [ -97.336732, 48.281299 ], [ -97.33604, 48.281161 ], [ -97.335074, 48.281266 ], [ -97.268922, 48.280928 ], [ -97.256432, 48.280939 ], [ -97.254642, 48.281113 ], [ -97.254645, 48.281012 ], [ -97.250718, 48.281087 ], [ -97.230309, 48.28089 ], [ -97.189268, 48.280801 ] ] ] } },
{ "type": "Feature", "properties": { "district": "21", "district_int": 21 }, "geometry": { "type": "Polygon", "coordinates": [ [ [ -96.819474, 46.861464 ], [ -96.861788, 46.861776 ], [ -96.861953, 46.8619 ], [ -96.861823, 46.869062 ], [ -96.872301, 46.869223 ], [ -96.87226, 46.873336 ], [ -96.871613, 46.876445 ], [ -96.840676, 46.876193 ], [ -96.839407, 46.886009 ], [ -96.839283, 46.890489 ], [ -96.815593, 46.890399 ], [ -96.814006, 46.888951 ], [ -96.81066, 46.886702 ], [ -96.805246, 46.884386 ], [ -96.801804, 46.883175 ], [ -96.796996, 46.88315 ], [ -96.796993, 46.882262 ], [ -96.793987, 46.881796 ], [ -96.794114, 46.87476 ], [ -96.779856, 46.873813 ], [ -96.776208, 46.87386 ], [ -96.780919, 46.872063 ], [ -96.781718, 46.871418 ], [ -96.782022, 46.87078 ], [ -96.78181, 46.870138 ], [ -96.780457, 46.868527 ], [ -96.780689, 46.867179 ], [ -96.783972, 46.863034 ], [ -96.783959, 46.861663 ], [ -96.784659, 46.861563 ], [ -96.795006, 46.861599 ], [ -96.794949, 46.865755 ], [ -96.819522, 46.865752 ], [ -96.819474, 46.861464 ] ] ] } },
{ "type": "Feature", "properties": { "district": "22", "district_int": 22 }, "geometry": { "type": "Polygon", "coordinates": [ [ [ -97.262937, 46.629312 ], [ -97.532325, 46.629549 ], [ -97.682006, 46.629928 ], [ -97.681557, 46.891499 ], [ -97.681552, 46.911964 ], [ -97.681779, 46.913234 ], [ -97.681431, 46.914138 ], [ -97.681413, 46.919206 ], [ -97.681581, 46.920056 ], [ -97.681508, 46.978481 ], [ -97.706174, 46.978558 ], [ -97.705831, 47.022109 ], [ -97.705375, 47.049423 ], [ -97.705585, 47.051042 ], [ -97.705537, 47.065307 ], [ -97.705358, 47.066828 ], [ -97.705742, 47.134473 ], [ -97.705652, 47.196321 ], [ -97.705935, 47.239977 ], [ -97.578408, 47.239018 ], [ -97.56512, 47.239066 ], [ -97.552151, 47.238925 ], [ -97.480467, 47.239267 ], [ -97.422046, 47.238945 ], [ -97.275911, 47.238572 ], [ -97.197006, 47.238801 ], [ -97.070137, 47.238779 ], [ -97.070347, 47.20998 ], [ -97.069469, 47.062595 ], [ -97.070361, 46.977319 ], [ -96.95074, 46.977396 ], [ -96.945197, 46.977369 ], [ -96.941063, 46.977147 ], [ -96.924105, 46.977097 ], [ -96.925007, 46.935209 ], [ -96.924968, 46.924201 ], [ -96.925278, 46.920845 ], [ -96.92632, 46.891668 ], [ -96.968572, 46.891573 ], [ -96.968646, 46.877735 ], [ -96.955415, 46.877764 ], [ -96.953449, 46.877653 ], [ -96.949752, 46.877086 ], [ -96.945019, 46.875694 ], [ -96.942257, 46.874444 ], [ -96.94037, 46.873345 ], [ -96.937702, 46.87121 ], [ -96.934776, 46.867928 ], [ -96.932751, 46.866119 ], [ -96.931735, 46.865321 ], [ -96.926206, 46.86184 ], [ -96.926151, 46.845808 ], [ -96.926464, 46.826017 ], [ -96.914274, 46.820742 ], [ -96.914178, 46.819009 ], [ -96.89761, 46.818866 ], [ -96.882584, 46.818546 ], [ -96.882502, 46.818397 ], [ -96.882259, 46.814184 ], [ -96.882086, 46.813908 ], [ -96.882227, 46.813662 ], [ -96.882023, 46.810025 ], [ -96.881829, 46.809724 ], [ -96.881981, 46.80942 ], [ -96.881804, 46.806377 ], [ -96.881621, 46.806096 ], [ -96.882017, 46.805956 ], [ -96.88175, 46.803983 ], [ -96.904153, 46.803991 ], [ -96.905637, 46.803763 ], [ -96.913319, 46.804039 ], [ -96.913345, 46.79344 ], [ -96.926481, 46.793703 ], [ -96.926438, 46.78279 ], [ -96.947441, 46.782832 ], [ -96.947616, 46.777306 ], [ -96.947463, 46.775551 ], [ -96.936898, 46.775541 ], [ -96.936873, 46.768258 ], [ -96.926348, 46.768241 ], [ -96.92632, 46.760954 ], [ -96.925062, 46.760949 ], [ -96.924989, 46.75201 ], [ -96.924571, 46.751343 ], [ -96.923808, 46.751565 ], [ -96.921762, 46.751636 ], [ -96.921707, 46.750891 ], [ -96.92324, 46.750838 ], [ -96.923622, 46.750727 ], [ -96.923602, 46.750548 ], [ -96.925427, 46.750018 ], [ -96.926261, 46.750006 ], [ -96.926085, 46.712996 ], [ -96.923692, 46.712984 ], [ -96.923714, 46.71017 ], [ -96.926131, 46.71018 ], [ -96.926125, 46.706544 ], [ -96.936638, 46.70648 ], [ -96.936673, 46.702875 ], [ -96.926117, 46.702883 ], [ -96.926393, 46.63026 ], [ -97.000428, 46.629974 ], [ -97.004651, 46.629835 ], [ -97.086596, 46.629845 ], [ -97.136594, 46.629534 ], [ -97.22037, 46.629495 ], [ -97.262937, 46.629312 ] ] ] } },
{ "type": "Feature", "properties": { "district": "23", "district_int": 23 }, "geometry": { "type": "Polygon", "coordinates": [ [ [ -103.954119, 48.140363 ], [ -103.802679, 48.140308 ], [ -103.794589, 48.140658 ], [ -103.78773, 48.140178 ], [ -103.778587, 48.140118 ], [ -103.731349, 48.140131 ], [ -103.723394, 48.14034 ], [ -103.72341, 48.146243 ], [ -103.724013, 48.147891 ], [ -103.724814, 48.14886 ], [ -103.725843, 48.149672 ], [ -103.731747, 48.153611 ], [ -103.732671, 48.154555 ], [ -103.733237, 48.155628 ], [ -103.733984, 48.16363 ], [ -103.734078, 48.170467 ], [ -103.734394, 48.171664 ], [ -103.735126, 48.172984 ], [ -103.736762, 48.174673 ], [ -103.738201, 48.175624 ], [ -103.739824, 48.176375 ], [ -103.742165, 48.177057 ], [ -103.746802, 48.177818 ], [ -103.748959, 48.178478 ], [ -103.750714, 48.17933 ], [ -103.752012, 48.180195 ], [ -103.753411, 48.181572 ], [ -103.754662, 48.183881 ], [ -103.755881, 48.193541 ], [ -103.756147, 48.197304 ], [ -103.756096, 48.217618 ], [ -103.755761, 48.21918 ], [ -103.754898, 48.220915 ], [ -103.753728, 48.222278 ], [ -103.752496, 48.223305 ], [ -103.750088, 48.224701 ], [ -103.747155, 48.225688 ], [ -103.743947, 48.226171 ], [ -103.739403, 48.226261 ], [ -103.737399, 48.226479 ], [ -103.735069, 48.227018 ], [ -103.733388, 48.22763 ], [ -103.733388, 48.227353 ], [ -103.73229, 48.22784 ], [ -103.729944, 48.229357 ], [ -103.728474, 48.230834 ], [ -103.725184, 48.236923 ], [ -103.723907, 48.23843 ], [ -103.722185, 48.239662 ], [ -103.721011, 48.240212 ], [ -103.719086, 48.240851 ], [ -103.716689, 48.241253 ], [ -103.700329, 48.241291 ], [ -103.687122, 48.241556 ], [ -103.675057, 48.240878 ], [ -103.670545, 48.240899 ], [ -103.66245, 48.241209 ], [ -103.656672, 48.240955 ], [ -103.651025, 48.240953 ], [ -103.649406, 48.241079 ], [ -103.647725, 48.241425 ], [ -103.641441, 48.24351 ], [ -103.639797, 48.243949 ], [ -103.637788, 48.244243 ], [ -103.634077, 48.244312 ], [ -103.630527, 48.244579 ], [ -103.62581, 48.244582 ], [ -103.62581, 48.244694 ], [ -103.609781, 48.24476 ], [ -103.608604, 48.244683 ], [ -103.60717, 48.244283 ], [ -103.602741, 48.241698 ], [ -103.60063, 48.241173 ], [ -103.582995, 48.241184 ], [ -103.582799, 48.197717 ], [ -103.60401, 48.197686 ], [ -103.604045, 48.169872 ], [ -103.604305, 48.169151 ], [ -103.60509, 48.168817 ], [ -103.606277, 48.168733 ], [ -103.623174, 48.168705 ], [ -103.62768, 48.168785 ], [ -103.627747, 48.168897 ], [ -103.630627, 48.168701 ], [ -103.669047, 48.168678 ], [ -103.669016, 48.161152 ], [ -103.669481, 48.154192 ], [ -103.668929, 48.1388 ], [ -103.66938, 48.121644 ], [ -103.672176, 48.122123 ], [ -103.675176, 48.122423 ], [ -103.677576, 48.122423 ], [ -103.682976, 48.121723 ], [ -103.687276, 48.120723 ], [ -103.690377, 48.119723 ], [ -103.695477, 48.118423 ], [ -103.698277, 48.117423 ], [ -103.702477, 48.115723 ], [ -103.710777, 48.111823 ], [ -103.714798, 48.110304 ], [ -103.716213, 48.109591 ], [ -103.717074, 48.109085 ], [ -103.722351, 48.104666 ], [ -103.736749, 48.095703 ], [ -103.740049, 48.093908 ], [ -103.742216, 48.093403 ], [ -103.743634, 48.092198 ], [ -103.74435, 48.090319 ], [ -103.743881, 48.087561 ], [ -103.740322, 48.083404 ], [ -103.736922, 48.081143 ], [ -103.729603, 48.077241 ], [ -103.721073, 48.072032 ], [ -103.717993, 48.070696 ], [ -103.713064, 48.069468 ], [ -103.710822, 48.067867 ], [ -103.709454, 48.065462 ], [ -103.70947, 48.062359 ], [ -103.711036, 48.058031 ], [ -103.714713, 48.054704 ], [ -103.726156, 48.048979 ], [ -103.730693, 48.047886 ], [ -103.736559, 48.0454 ], [ -103.739361, 48.043724 ], [ -103.741541, 48.041204 ], [ -103.743449, 48.040525 ], [ -103.745748, 48.040515 ], [ -103.747509, 48.040767 ], [ -103.754829, 48.043243 ], [ -103.755963, 48.044026 ], [ -103.759553, 48.047568 ], [ -103.770512, 48.056477 ], [ -103.775781, 48.058251 ], [ -103.780749, 48.059292 ], [ -103.784394, 48.059491 ], [ -103.787674, 48.058049 ], [ -103.790602, 48.055668 ], [ -103.791949, 48.05332 ], [ -103.794221, 48.050518 ], [ -103.795663, 48.047445 ], [ -103.796772, 48.043627 ], [ -103.797764, 48.038961 ], [ -103.79777, 48.035545 ], [ -103.792975, 48.027556 ], [ -103.791286, 48.018458 ], [ -103.791595, 48.013317 ], [ -103.792652, 48.010301 ], [ -103.796917, 48.000022 ], [ -103.799263, 47.996384 ], [ -103.800817, 47.994269 ], [ -103.804256, 47.991252 ], [ -103.811021, 47.985919 ], [ -103.817254, 47.981708 ], [ -103.821323, 47.979853 ], [ -103.824047, 47.978992 ], [ -103.827678, 47.979658 ], [ -103.82883, 47.980121 ], [ -103.829039, 47.980982 ], [ -103.826016, 47.986897 ], [ -103.825472, 47.989753 ], [ -103.825439, 47.992792 ], [ -103.826052, 47.996288 ], [ -103.826495, 47.997088 ], [ -103.827687, 47.99839 ], [ -103.829561, 48.000022 ], [ -103.856306, 48.015072 ], [ -103.857412, 48.015596 ], [ -103.858379, 48.015756 ], [ -103.859766, 48.015065 ], [ -103.862655, 48.012354 ], [ -103.86362, 48.011064 ], [ -103.864373, 48.00866 ], [ -103.864119, 48.00803 ], [ -103.863147, 48.007362 ], [ -103.862415, 48.005866 ], [ -103.860988, 48.004348 ], [ -103.857447, 48.001736 ], [ -103.856704, 48.000957 ], [ -103.85523, 47.997813 ], [ -103.855365, 47.996442 ], [ -103.855943, 47.995139 ], [ -103.857915, 47.993036 ], [ -103.859548, 47.991503 ], [ -103.862475, 47.989743 ], [ -103.863666, 47.988805 ], [ -103.864277, 47.987982 ], [ -103.86499, 47.986108 ], [ -103.866075, 47.981401 ], [ -103.869353, 47.97279 ], [ -103.871013, 47.970845 ], [ -103.873699, 47.968381 ], [ -103.875483, 47.967021 ], [ -103.877783, 47.966021 ], [ -103.881383, 47.964121 ], [ -103.885131, 47.962674 ], [ -103.888053, 47.962026 ], [ -103.895783, 47.961321 ], [ -103.903984, 47.959221 ], [ -103.912284, 47.95752 ], [ -103.916488, 47.956483 ], [ -103.919789, 47.95595 ], [ -103.923284, 47.95762 ], [ -103.926984, 47.96072 ], [ -103.931185, 47.96452 ], [ -103.933185, 47.96662 ], [ -103.935985, 47.97022 ], [ -103.939185, 47.97312 ], [ -103.942685, 47.97572 ], [ -103.949085, 47.97872 ], [ -103.954485, 47.98172 ], [ -103.961086, 47.98412 ], [ -103.963186, 47.98472 ], [ -103.967386, 47.98552 ], [ -103.973186, 47.98542 ], [ -103.981566, 47.985024 ], [ -103.983955, 47.984667 ], [ -103.985476, 47.984035 ], [ -103.986354, 47.983173 ], [ -103.986667, 47.982483 ], [ -103.986599, 47.981033 ], [ -103.985807, 47.97869 ], [ -103.985928, 47.977386 ], [ -103.986338, 47.975988 ], [ -103.987399, 47.974306 ], [ -103.989923, 47.971871 ], [ -103.990886, 47.97122 ], [ -103.999374, 47.967707 ], [ -104.003843, 47.967042 ], [ -104.005556, 47.967087 ], [ -104.007036, 47.967339 ], [ -104.00839, 47.967985 ], [ -104.009239, 47.968651 ], [ -104.010847, 47.970369 ], [ -104.011569, 47.971413 ], [ -104.012335, 47.973278 ], [ -104.01408, 47.97957 ], [ -104.01494, 47.981654 ], [ -104.017119, 47.984858 ], [ -104.020397, 47.98823 ], [ -104.0216, 47.989189 ], [ -104.023141, 47.990053 ], [ -104.027733, 47.991856 ], [ -104.03069, 47.992101 ], [ -104.031691, 47.992397 ], [ -104.035759, 47.994132 ], [ -104.03833, 47.994391 ], [ -104.040253, 47.994799 ], [ -104.044044, 47.996082 ], [ -104.045357, 48.140282 ], [ -104.038502, 48.140256 ], [ -104.038192, 48.140104 ], [ -104.035536, 48.140224 ], [ -104.015216, 48.140271 ], [ -104.014005, 48.140254 ], [ -104.013998, 48.140026 ], [ -104.007985, 48.140378 ], [ -103.988179, 48.140397 ], [ -103.974551, 48.140105 ], [ -103.954119, 48.140363 ] ] ] } },
{ "type": "Feature", "properties": { "district": "24", "district_int": 24 }, "geometry": { "type": "Polygon", "coordinates": [ [ [ -98.034617, 46.393058 ], [ -98.034358, 46.418253 ], [ -98.034701, 46.420422 ], [ -98.034499, 46.420867 ], [ -98.034384, 46.423438 ], [ -98.034106, 46.444563 ], [ -98.034201, 46.457029 ], [ -98.03348, 46.543552 ], [ -98.033862, 46.630727 ], [ -98.219519, 46.631189 ], [ -98.439056, 46.63112 ], [ -98.438858, 46.689127 ], [ -98.439308, 46.747087 ], [ -98.438843, 46.80341 ], [ -98.43907, 46.819648 ], [ -98.438835, 46.820261 ], [ -98.439341, 46.877764 ], [ -98.439283, 46.908226 ], [ -98.439734, 46.979631 ], [ -98.46753, 46.979594 ], [ -98.467253, 47.178302 ], [ -98.466973, 47.21143 ], [ -98.466976, 47.220345 ], [ -98.467217, 47.221018 ], [ -98.466987, 47.227826 ], [ -98.467066, 47.240404 ], [ -98.450577, 47.240413 ], [ -98.446904, 47.240599 ], [ -98.42565, 47.240511 ], [ -98.32167, 47.240603 ], [ -98.214958, 47.241067 ], [ -98.191559, 47.24083 ], [ -98.184231, 47.240916 ], [ -98.174252, 47.240817 ], [ -98.136972, 47.241145 ], [ -98.131039, 47.241071 ], [ -98.088882, 47.241284 ], [ -98.038474, 47.240763 ], [ -98.036602, 47.240866 ], [ -98.003991, 47.240827 ], [ -97.961211, 47.240325 ], [ -97.897583, 47.240661 ], [ -97.882857, 47.240636 ], [ -97.881564, 47.240502 ], [ -97.874026, 47.240569 ], [ -97.855359, 47.240267 ], [ -97.791415, 47.240318 ], [ -97.705935, 47.239977 ], [ -97.705652, 47.196321 ], [ -97.705742, 47.134473 ], [ -97.705358, 47.066828 ], [ -97.705537, 47.065307 ], [ -97.705585, 47.051042 ], [ -97.705375, 47.049423 ], [ -97.705831, 47.022109 ], [ -97.706174, 46.978558 ], [ -97.681508, 46.978481 ], [ -97.681581, 46.920056 ], [ -97.681413, 46.919206 ], [ -97.681431, 46.914138 ], [ -97.681779, 46.913234 ], [ -97.681552, 46.911964 ], [ -97.681557, 46.891499 ], [ -97.682006, 46.629928 ], [ -97.500033, 46.629508 ], [ -97.463339, 46.62961 ], [ -97.439299, 46.629457 ], [ -97.279948, 46.629348 ], [ -97.279651, 46.586272 ], [ -97.280066, 46.499686 ], [ -97.27987, 46.485207 ], [ -97.280317, 46.439258 ], [ -97.2802, 46.398211 ], [ -97.2807, 46.37129 ], [ -97.280451, 46.282393 ], [ -97.321998, 46.282365 ], [ -97.322822, 46.282264 ], [ -97.323294, 46.282363 ], [ -97.364219, 46.282452 ], [ -97.385161, 46.282282 ], [ -97.405271, 46.282432 ], [ -97.670378, 46.282344 ], [ -97.789186, 46.282514 ], [ -97.90926, 46.282326 ], [ -97.951147, 46.282575 ], [ -97.951325, 46.282458 ], [ -98.034556, 46.282657 ], [ -98.034721, 46.355171 ], [ -98.034929, 46.36887 ], [ -98.034507, 46.383994 ], [ -98.034617, 46.393058 ] ] ] } },
{ "type": "Feature", "properties": { "district": "25", "district_int": 25 }, "geometry": { "type": "Polygon", "coordinates": [ [ [ -96.563129, 46.110055 ], [ -96.56321, 46.108818 ], [ -96.562992, 46.108156 ], [ -96.562522, 46.107778 ], [ -96.561302, 46.107262 ], [ -96.560692, 46.106171 ], [ -96.559116, 46.10504 ], [ -96.559127, 46.103621 ], [ -96.558125, 46.102814 ], [ -96.557909, 46.102451 ], [ -96.557988, 46.101851 ], [ -96.558731, 46.100962 ], [ -96.558707, 46.100498 ], [ -96.556808, 46.097596 ], [ -96.556735, 46.096954 ], [ -96.55741, 46.095873 ], [ -96.557463, 46.095482 ], [ -96.556395, 46.094356 ], [ -96.556272, 46.094009 ], [ -96.556709, 46.092986 ], [ -96.556427, 46.091721 ], [ -96.557363, 46.090555 ], [ -96.557365, 46.089984 ], [ -96.55697, 46.088948 ], [ -96.557351, 46.087741 ], [ -96.557061, 46.08729 ], [ -96.555775, 46.08642 ], [ -96.555494, 46.085403 ], [ -96.554642, 46.084552 ], [ -96.554411, 46.084079 ], [ -96.554601, 46.083453 ], [ -96.555523, 46.082078 ], [ -96.555862, 46.079135 ], [ -96.557134, 46.077929 ], [ -96.557346, 46.077233 ], [ -96.557169, 46.076564 ], [ -96.556406, 46.075355 ], [ -96.556558, 46.074762 ], [ -96.557728, 46.073245 ], [ -96.557871, 46.072499 ], [ -96.55765, 46.07082 ], [ -96.556831, 46.069884 ], [ -96.556798, 46.064749 ], [ -96.55846, 46.06327 ], [ -96.558181, 46.061735 ], [ -96.559015, 46.060629 ], [ -96.559076, 46.058628 ], [ -96.560409, 46.055917 ], [ -96.562427, 46.054004 ], [ -96.565878, 46.05195 ], [ -96.566321, 46.051503 ], [ -96.566561, 46.050348 ], [ -96.571373, 46.041441 ], [ -96.574473, 46.036549 ], [ -96.577654, 46.028242 ], [ -96.577882, 46.027177 ], [ -96.577073, 46.022974 ], [ -96.575306, 46.018963 ], [ -96.57469, 46.018091 ], [ -96.574243, 46.016536 ], [ -96.574216, 46.01576 ], [ -96.574821, 46.013643 ], [ -96.575869, 46.007999 ], [ -96.575803, 46.007268 ], [ -96.574064, 46.004434 ], [ -96.573605, 46.002309 ], [ -96.572942, 45.992707 ], [ -96.572417, 45.988229 ], [ -96.572319, 45.981945 ], [ -96.572491, 45.97705 ], [ -96.57122, 45.9705 ], [ -96.570912, 45.966681 ], [ -96.570645, 45.965972 ], [ -96.57035, 45.963595 ], [ -96.569301, 45.960807 ], [ -96.568154, 45.958796 ], [ -96.567859, 45.958477 ], [ -96.566163, 45.957826 ], [ -96.565334, 45.957326 ], [ -96.565219, 45.956144 ], [ -96.565431, 45.953506 ], [ -96.564803, 45.950348 ], [ -96.563963, 45.949291 ], [ -96.562136, 45.947716 ], [ -96.561609, 45.946763 ], [ -96.561334, 45.945655 ], [ -96.561867, 45.942878 ], [ -96.561983, 45.940528 ], [ -96.562804, 45.937095 ], [ -96.563672, 45.935245 ], [ -96.597676, 45.935298 ], [ -96.603828, 45.935196 ], [ -96.617807, 45.935402 ], [ -96.618405, 45.935289 ], [ -96.637502, 45.935359 ], [ -96.716678, 45.935981 ], [ -96.783514, 45.935736 ], [ -96.894044, 45.93585 ], [ -96.906841, 45.935505 ], [ -96.914843, 45.935745 ], [ -96.932883, 45.935452 ], [ -96.946066, 45.935467 ], [ -96.972678, 45.935894 ], [ -96.976365, 45.935755 ], [ -96.977579, 45.935533 ], [ -96.98654, 45.935504 ], [ -96.998477, 45.935757 ], [ -97.105637, 45.935707 ], [ -97.106313, 45.935886 ], [ -97.113371, 45.935645 ], [ -97.122609, 45.935595 ], [ -97.174415, 45.935643 ], [ -97.225797, 45.93537 ], [ -97.265156, 45.93569 ], [ -97.307414, 45.935638 ], [ -97.416837, 45.936139 ], [ -97.430883, 45.935994 ], [ -97.449798, 45.935171 ], [ -97.480413, 45.935135 ], [ -97.492016, 45.973669 ], [ -97.500374, 45.999963 ], [ -97.499923, 45.999963 ], [ -97.509146, 46.029471 ], [ -97.509144, 46.030329 ], [ -97.474784, 46.025902 ], [ -97.446803, 46.022038 ], [ -97.386824, 46.014076 ], [ -97.375385, 46.012699 ], [ -97.375385, 46.012579 ], [ -97.374881, 46.012482 ], [ -97.362634, 46.010702 ], [ -97.311758, 46.003716 ], [ -97.259553, 45.996775 ], [ -97.259754, 46.036966 ], [ -97.259378, 46.144386 ], [ -97.259339, 46.282197 ], [ -97.259414, 46.282353 ], [ -97.280568, 46.282321 ], [ -97.280428, 46.314225 ], [ -97.2807, 46.37129 ], [ -97.2802, 46.398211 ], [ -97.280317, 46.439258 ], [ -97.27987, 46.485207 ], [ -97.280066, 46.499686 ], [ -97.279651, 46.586272 ], [ -97.279948, 46.629348 ], [ -97.136594, 46.629534 ], [ -97.086596, 46.629845 ], [ -97.004651, 46.629835 ], [ -97.000428, 46.629974 ], [ -96.920998, 46.630287 ], [ -96.829218, 46.630157 ], [ -96.79949, 46.630179 ], [ -96.798128, 46.630326 ], [ -96.798069, 46.629226 ], [ -96.79742, 46.628765 ], [ -96.79683, 46.628654 ], [ -96.796322, 46.628709 ], [ -96.795746, 46.629153 ], [ -96.79606, 46.631102 ], [ -96.795944, 46.631334 ], [ -96.795425, 46.631562 ], [ -96.79497, 46.631526 ], [ -96.793869, 46.630771 ], [ -96.791944, 46.630155 ], [ -96.790894, 46.629636 ], [ -96.789829, 46.629297 ], [ -96.788855, 46.629212 ], [ -96.788204, 46.629322 ], [ -96.787102, 46.629855 ], [ -96.784595, 46.631432 ], [ -96.783, 46.631717 ], [ -96.782313, 46.63152 ], [ -96.782068, 46.631178 ], [ -96.782399, 46.630793 ], [ -96.784337, 46.630526 ], [ -96.785117, 46.630138 ], [ -96.785329, 46.628043 ], [ -96.78628, 46.626915 ], [ -96.787468, 46.626386 ], [ -96.790541, 46.625757 ], [ -96.791225, 46.625386 ], [ -96.791306, 46.624971 ], [ -96.790905, 46.624647 ], [ -96.790136, 46.624357 ], [ -96.788632, 46.623983 ], [ -96.787403, 46.623887 ], [ -96.786594, 46.624003 ], [ -96.784517, 46.624929 ], [ -96.7821, 46.625611 ], [ -96.780312, 46.625774 ], [ -96.779126, 46.625685 ], [ -96.778332, 46.625428 ], [ -96.778009, 46.625198 ], [ -96.77788, 46.624817 ], [ -96.778179, 46.624504 ], [ -96.781296, 46.624377 ], [ -96.783484, 46.623518 ], [ -96.784852, 46.623215 ], [ -96.786298, 46.622421 ], [ -96.787406, 46.620944 ], [ -96.787537, 46.620053 ], [ -96.787259, 46.619439 ], [ -96.78647, 46.618885 ], [ -96.785674, 46.618864 ], [ -96.785177, 46.619031 ], [ -96.784856, 46.619581 ], [ -96.784636, 46.621516 ], [ -96.783561, 46.622153 ], [ -96.782862, 46.621957 ], [ -96.782283, 46.621551 ], [ -96.78115, 46.619914 ], [ -96.780676, 46.619637 ], [ -96.779878, 46.619485 ], [ -96.779258, 46.619505 ], [ -96.778616, 46.619736 ], [ -96.776239, 46.621191 ], [ -96.775532, 46.621201 ], [ -96.775115, 46.620739 ], [ -96.774796, 46.618074 ], [ -96.774998, 46.617523 ], [ -96.776243, 46.616852 ], [ -96.779359, 46.61733 ], [ -96.780831, 46.617247 ], [ -96.78129, 46.616971 ], [ -96.781533, 46.616549 ], [ -96.781238, 46.615382 ], [ -96.780508, 46.614732 ], [ -96.779659, 46.614265 ], [ -96.778595, 46.613901 ], [ -96.777883, 46.613822 ], [ -96.777021, 46.613944 ], [ -96.776359, 46.614216 ], [ -96.77458, 46.615842 ], [ -96.773525, 46.616393 ], [ -96.772805, 46.616414 ], [ -96.771964, 46.616142 ], [ -96.770843, 46.61527 ], [ -96.770735, 46.614674 ], [ -96.771123, 46.614305 ], [ -96.773118, 46.614262 ], [ -96.773675, 46.614022 ], [ -96.774008, 46.613661 ], [ -96.774623, 46.612028 ], [ -96.77447, 46.611018 ], [ -96.773796, 46.61048 ], [ -96.772521, 46.609875 ], [ -96.772511, 46.609293 ], [ -96.773209, 46.608882 ], [ -96.774696, 46.608474 ], [ -96.778311, 46.607961 ], [ -96.778832, 46.60746 ], [ -96.778728, 46.606966 ], [ -96.778304, 46.606437 ], [ -96.777226, 46.605712 ], [ -96.776445, 46.605427 ], [ -96.775519, 46.605443 ], [ -96.772466, 46.60632 ], [ -96.769747, 46.606736 ], [ -96.768724, 46.606682 ], [ -96.768246, 46.606324 ], [ -96.768349, 46.605587 ], [ -96.768896, 46.605068 ], [ -96.769926, 46.604665 ], [ -96.771732, 46.604228 ], [ -96.772236, 46.60383 ], [ -96.772251, 46.603471 ], [ -96.77199, 46.603251 ], [ -96.770569, 46.602741 ], [ -96.770104, 46.60238 ], [ -96.770461, 46.601806 ], [ -96.772131, 46.601166 ], [ -96.772529, 46.600718 ], [ -96.771914, 46.599007 ], [ -96.771849, 46.596938 ], [ -96.771579, 46.596213 ], [ -96.770756, 46.595532 ], [ -96.770118, 46.595564 ], [ -96.769844, 46.595943 ], [ -96.76981, 46.597164 ], [ -96.769487, 46.597845 ], [ -96.76818, 46.598655 ], [ -96.767054, 46.598887 ], [ -96.766304, 46.59876 ], [ -96.765732, 46.598348 ], [ -96.76514, 46.597381 ], [ -96.764212, 46.594996 ], [ -96.763863, 46.594599 ], [ -96.763027, 46.594123 ], [ -96.762316, 46.594047 ], [ -96.761351, 46.594166 ], [ -96.757254, 46.595524 ], [ -96.755984, 46.595379 ], [ -96.75544, 46.594907 ], [ -96.755356, 46.594372 ], [ -96.75552, 46.593335 ], [ -96.756191, 46.592288 ], [ -96.757292, 46.591591 ], [ -96.758333, 46.591397 ], [ -96.759339, 46.591556 ], [ -96.760964, 46.592103 ], [ -96.762214, 46.591967 ], [ -96.762886, 46.591473 ], [ -96.763069, 46.590992 ], [ -96.762608, 46.589324 ], [ -96.761735, 46.588618 ], [ -96.760597, 46.587994 ], [ -96.758959, 46.587235 ], [ -96.757493, 46.586882 ], [ -96.756769, 46.586862 ], [ -96.756143, 46.587019 ], [ -96.753584, 46.588302 ], [ -96.753035, 46.588393 ], [ -96.75254, 46.588293 ], [ -96.752137, 46.588025 ], [ -96.750889, 46.586108 ], [ -96.750787, 46.585185 ], [ -96.751325, 46.584674 ], [ -96.754859, 46.583867 ], [ -96.758219, 46.583867 ], [ -96.760383, 46.583541 ], [ -96.761087, 46.583041 ], [ -96.761159, 46.582649 ], [ -96.760901, 46.581843 ], [ -96.760518, 46.581508 ], [ -96.759918, 46.581421 ], [ -96.759147, 46.58162 ], [ -96.757667, 46.582327 ], [ -96.754865, 46.582135 ], [ -96.752523, 46.583519 ], [ -96.750404, 46.583808 ], [ -96.749132, 46.583674 ], [ -96.748531, 46.583394 ], [ -96.747759, 46.582813 ], [ -96.747225, 46.581917 ], [ -96.747237, 46.580959 ], [ -96.747787, 46.580639 ], [ -96.748406, 46.580592 ], [ -96.748803, 46.580665 ], [ -96.750817, 46.582006 ], [ -96.751559, 46.582163 ], [ -96.752103, 46.582084 ], [ -96.752447, 46.581652 ], [ -96.752711, 46.579392 ], [ -96.753243, 46.578661 ], [ -96.753847, 46.578265 ], [ -96.754511, 46.57807 ], [ -96.755592, 46.578008 ], [ -96.757179, 46.578158 ], [ -96.7575, 46.57783 ], [ -96.756494, 46.576631 ], [ -96.75651, 46.575055 ], [ -96.75584, 46.574313 ], [ -96.755479, 46.574312 ], [ -96.755128, 46.574521 ], [ -96.754577, 46.575291 ], [ -96.753722, 46.576005 ], [ -96.752412, 46.576328 ], [ -96.748179, 46.576142 ], [ -96.747425, 46.576008 ], [ -96.746615, 46.575546 ], [ -96.746119, 46.574422 ], [ -96.746221, 46.574035 ], [ -96.746606, 46.573653 ], [ -96.747372, 46.573392 ], [ -96.750129, 46.573673 ], [ -96.75161, 46.573394 ], [ -96.752278, 46.573066 ], [ -96.752669, 46.572606 ], [ -96.752897, 46.571838 ], [ -96.752759, 46.571384 ], [ -96.752071, 46.570776 ], [ -96.751406, 46.570809 ], [ -96.748422, 46.571489 ], [ -96.746926, 46.571397 ], [ -96.74539, 46.570833 ], [ -96.745002, 46.57033 ], [ -96.745009, 46.569833 ], [ -96.745607, 46.56925 ], [ -96.747112, 46.568262 ], [ -96.747447, 46.567452 ], [ -96.746762, 46.567122 ], [ -96.744234, 46.567246 ], [ -96.74367, 46.567079 ], [ -96.743273, 46.566668 ], [ -96.743179, 46.565349 ], [ -96.74175, 46.563997 ], [ -96.741977, 46.563477 ], [ -96.742578, 46.563471 ], [ -96.744773, 46.565049 ], [ -96.745561, 46.565258 ], [ -96.746105, 46.564917 ], [ -96.746368, 46.56302 ], [ -96.747072, 46.562418 ], [ -96.748394, 46.562345 ], [ -96.750921, 46.562857 ], [ -96.751968, 46.56261 ], [ -96.752481, 46.562171 ], [ -96.752344, 46.56167 ], [ -96.75162, 46.561329 ], [ -96.749256, 46.560781 ], [ -96.748077, 46.560327 ], [ -96.746951, 46.559536 ], [ -96.746785, 46.558849 ], [ -96.747028, 46.558579 ], [ -96.747598, 46.558414 ], [ -96.751251, 46.558305 ], [ -96.753592, 46.557865 ], [ -96.754144, 46.557501 ], [ -96.754397, 46.556818 ], [ -96.754215, 46.556449 ], [ -96.753316, 46.555858 ], [ -96.751907, 46.555541 ], [ -96.747287, 46.55631 ], [ -96.746668, 46.55632 ], [ -96.746043, 46.556084 ], [ -96.74583, 46.555723 ], [ -96.745944, 46.555212 ], [ -96.747209, 46.553165 ], [ -96.747896, 46.551579 ], [ -96.749208, 46.550087 ], [ -96.749212, 46.549585 ], [ -96.748871, 46.549375 ], [ -96.748262, 46.549428 ], [ -96.746267, 46.550557 ], [ -96.745214, 46.550598 ], [ -96.743412, 46.549646 ], [ -96.741062, 46.54778 ], [ -96.740569, 46.546838 ], [ -96.740497, 46.546195 ], [ -96.740701, 46.545641 ], [ -96.741242, 46.545318 ], [ -96.741866, 46.545347 ], [ -96.742441, 46.545848 ], [ -96.743591, 46.547804 ], [ -96.744197, 46.548191 ], [ -96.74495, 46.548225 ], [ -96.746172, 46.547576 ], [ -96.748021, 46.54564 ], [ -96.750416, 46.544809 ], [ -96.750544, 46.544131 ], [ -96.749723, 46.543768 ], [ -96.74862, 46.543694 ], [ -96.745564, 46.543026 ], [ -96.744346, 46.543162 ], [ -96.742794, 46.543734 ], [ -96.741797, 46.543916 ], [ -96.739706, 46.543873 ], [ -96.738969, 46.543578 ], [ -96.738715, 46.543228 ], [ -96.738729, 46.542762 ], [ -96.739011, 46.542341 ], [ -96.740422, 46.541077 ], [ -96.741196, 46.540671 ], [ -96.742103, 46.54075 ], [ -96.74411, 46.541821 ], [ -96.745136, 46.542046 ], [ -96.748647, 46.541632 ], [ -96.749579, 46.541308 ], [ -96.750116, 46.540759 ], [ -96.749917, 46.540351 ], [ -96.749146, 46.53982 ], [ -96.746802, 46.538859 ], [ -96.745773, 46.53905 ], [ -96.744527, 46.540053 ], [ -96.743858, 46.540368 ], [ -96.741793, 46.539855 ], [ -96.739016, 46.539692 ], [ -96.73826, 46.539294 ], [ -96.738329, 46.539053 ], [ -96.738687, 46.538925 ], [ -96.741621, 46.538832 ], [ -96.742427, 46.538455 ], [ -96.742655, 46.538104 ], [ -96.74248, 46.537621 ], [ -96.741767, 46.537054 ], [ -96.739698, 46.536493 ], [ -96.738213, 46.535789 ], [ -96.737823, 46.535135 ], [ -96.738011, 46.534602 ], [ -96.738616, 46.534594 ], [ -96.741944, 46.535373 ], [ -96.743227, 46.535488 ], [ -96.745441, 46.535381 ], [ -96.745895, 46.535213 ], [ -96.746165, 46.534881 ], [ -96.745787, 46.534399 ], [ -96.743975, 46.534069 ], [ -96.743244, 46.533623 ], [ -96.742374, 46.531038 ], [ -96.74205, 46.529291 ], [ -96.742059, 46.528716 ], [ -96.743401, 46.526544 ], [ -96.744085, 46.526062 ], [ -96.745281, 46.525573 ], [ -96.745481, 46.525326 ], [ -96.745335, 46.524982 ], [ -96.744768, 46.524711 ], [ -96.742444, 46.524778 ], [ -96.741434, 46.524928 ], [ -96.73991, 46.52545 ], [ -96.73852, 46.525471 ], [ -96.737761, 46.525361 ], [ -96.737173, 46.525074 ], [ -96.736741, 46.52413 ], [ -96.737083, 46.522422 ], [ -96.737601, 46.521861 ], [ -96.739846, 46.521766 ], [ -96.742188, 46.5205 ], [ -96.744593, 46.52067 ], [ -96.74517, 46.520453 ], [ -96.745217, 46.520175 ], [ -96.744027, 46.519391 ], [ -96.743057, 46.51914 ], [ -96.742072, 46.519309 ], [ -96.74082, 46.520294 ], [ -96.740465, 46.520312 ], [ -96.739981, 46.520047 ], [ -96.739145, 46.518975 ], [ -96.737444, 46.517492 ], [ -96.737451, 46.516956 ], [ -96.738014, 46.515659 ], [ -96.737602, 46.514427 ], [ -96.736505, 46.513432 ], [ -96.734601, 46.512582 ], [ -96.734216, 46.512125 ], [ -96.734434, 46.511251 ], [ -96.735259, 46.510723 ], [ -96.736789, 46.510763 ], [ -96.739075, 46.511556 ], [ -96.74, 46.51153 ], [ -96.740445, 46.511104 ], [ -96.740374, 46.510786 ], [ -96.738356, 46.508588 ], [ -96.737615, 46.508198 ], [ -96.735233, 46.507498 ], [ -96.734379, 46.506983 ], [ -96.733991, 46.506436 ], [ -96.733305, 46.504632 ], [ -96.733482, 46.503467 ], [ -96.733982, 46.503333 ], [ -96.734364, 46.503548 ], [ -96.734346, 46.504769 ], [ -96.734612, 46.505109 ], [ -96.735228, 46.505261 ], [ -96.735959, 46.505096 ], [ -96.740148, 46.501499 ], [ -96.742141, 46.500477 ], [ -96.742415, 46.499976 ], [ -96.742276, 46.499458 ], [ -96.741928, 46.499243 ], [ -96.741519, 46.49922 ], [ -96.741181, 46.499486 ], [ -96.740705, 46.500528 ], [ -96.739951, 46.501014 ], [ -96.738271, 46.501349 ], [ -96.737006, 46.501212 ], [ -96.736459, 46.500837 ], [ -96.736466, 46.500519 ], [ -96.738364, 46.499074 ], [ -96.738614, 46.498595 ], [ -96.738577, 46.498039 ], [ -96.737794, 46.497664 ], [ -96.734704, 46.497768 ], [ -96.733923, 46.497502 ], [ -96.733393, 46.496983 ], [ -96.733471, 46.496524 ], [ -96.734701, 46.495574 ], [ -96.734948, 46.49496 ], [ -96.734725, 46.494491 ], [ -96.733612, 46.493548 ], [ -96.733205, 46.492686 ], [ -96.733715, 46.492397 ], [ -96.736328, 46.492235 ], [ -96.736809, 46.491968 ], [ -96.736976, 46.491561 ], [ -96.736703, 46.491063 ], [ -96.734267, 46.489102 ], [ -96.73415, 46.488591 ], [ -96.734894, 46.488081 ], [ -96.736931, 46.488318 ], [ -96.738153, 46.488236 ], [ -96.739289, 46.487511 ], [ -96.739679, 46.486747 ], [ -96.739429, 46.486092 ], [ -96.738639, 46.48548 ], [ -96.735406, 46.484889 ], [ -96.733053, 46.483858 ], [ -96.732556, 46.483358 ], [ -96.732463, 46.482936 ], [ -96.732624, 46.482595 ], [ -96.733133, 46.482243 ], [ -96.736186, 46.481716 ], [ -96.736823, 46.481412 ], [ -96.738602, 46.4797 ], [ -96.7389, 46.479133 ], [ -96.738875, 46.478706 ], [ -96.738609, 46.478164 ], [ -96.738092, 46.477812 ], [ -96.737072, 46.477472 ], [ -96.736001, 46.477497 ], [ -96.735485, 46.477788 ], [ -96.735258, 46.47826 ], [ -96.735699, 46.479579 ], [ -96.735604, 46.480249 ], [ -96.734701, 46.480627 ], [ -96.733554, 46.480472 ], [ -96.732848, 46.479863 ], [ -96.732781, 46.478534 ], [ -96.732494, 46.47824 ], [ -96.731903, 46.478163 ], [ -96.73126, 46.478712 ], [ -96.73057, 46.478756 ], [ -96.729877, 46.478051 ], [ -96.729692, 46.477285 ], [ -96.729202, 46.476915 ], [ -96.728029, 46.476742 ], [ -96.72679, 46.476278 ], [ -96.72651, 46.475269 ], [ -96.727018, 46.474101 ], [ -96.727147, 46.472282 ], [ -96.726422, 46.47168 ], [ -96.723555, 46.470868 ], [ -96.722084, 46.470687 ], [ -96.7216, 46.470803 ], [ -96.721259, 46.471237 ], [ -96.720831, 46.472708 ], [ -96.720234, 46.473201 ], [ -96.719742, 46.473384 ], [ -96.718869, 46.473359 ], [ -96.717351, 46.472753 ], [ -96.715254, 46.472545 ], [ -96.714606, 46.472261 ], [ -96.714115, 46.47134 ], [ -96.714262, 46.470888 ], [ -96.714649, 46.470553 ], [ -96.715571, 46.470479 ], [ -96.718295, 46.470912 ], [ -96.719225, 46.470901 ], [ -96.719991, 46.470551 ], [ -96.720949, 46.46971 ], [ -96.722517, 46.469169 ], [ -96.723017, 46.468515 ], [ -96.722926, 46.467228 ], [ -96.723083, 46.466717 ], [ -96.722358, 46.465729 ], [ -96.721416, 46.465222 ], [ -96.720632, 46.465646 ], [ -96.719282, 46.467336 ], [ -96.71852, 46.467814 ], [ -96.717591, 46.467579 ], [ -96.716895, 46.466744 ], [ -96.716186, 46.466394 ], [ -96.715212, 46.466378 ], [ -96.71383, 46.466673 ], [ -96.713184, 46.466486 ], [ -96.712862, 46.465907 ], [ -96.713303, 46.465306 ], [ -96.713672, 46.465012 ], [ -96.717098, 46.463616 ], [ -96.718658, 46.462209 ], [ -96.718714, 46.46186 ], [ -96.718004, 46.461329 ], [ -96.713146, 46.460835 ], [ -96.712159, 46.460383 ], [ -96.711611, 46.459783 ], [ -96.712381, 46.457863 ], [ -96.712379, 46.456903 ], [ -96.712087, 46.456142 ], [ -96.71222, 46.455446 ], [ -96.712931, 46.455031 ], [ -96.713998, 46.454939 ], [ -96.715585, 46.455836 ], [ -96.716682, 46.455957 ], [ -96.717295, 46.455388 ], [ -96.717593, 46.454365 ], [ -96.717513, 46.4536 ], [ -96.717086, 46.453084 ], [ -96.714954, 46.452857 ], [ -96.714201, 46.452623 ], [ -96.713704, 46.452258 ], [ -96.712961, 46.451011 ], [ -96.713102, 46.450199 ], [ -96.714217, 46.449584 ], [ -96.715474, 46.449383 ], [ -96.720929, 46.449498 ], [ -96.721645, 46.449123 ], [ -96.721706, 46.448822 ], [ -96.721565, 46.448151 ], [ -96.720811, 46.447007 ], [ -96.720358, 46.446701 ], [ -96.717816, 46.446033 ], [ -96.717386, 46.446148 ], [ -96.716772, 46.446613 ], [ -96.716216, 46.446563 ], [ -96.715887, 46.446259 ], [ -96.715529, 46.446409 ], [ -96.715296, 46.447931 ], [ -96.715036, 46.448406 ], [ -96.714208, 46.448708 ], [ -96.713347, 46.448761 ], [ -96.712703, 46.447856 ], [ -96.71127, 46.446705 ], [ -96.711388, 46.446464 ], [ -96.712287, 46.446081 ], [ -96.715294, 46.445271 ], [ -96.716362, 46.444627 ], [ -96.716216, 46.444166 ], [ -96.715838, 46.443877 ], [ -96.71454, 46.443238 ], [ -96.713318, 46.442273 ], [ -96.712396, 46.441982 ], [ -96.712303, 46.441288 ], [ -96.71284, 46.441096 ], [ -96.715976, 46.4418 ], [ -96.718273, 46.441825 ], [ -96.721148, 46.440947 ], [ -96.721736, 46.440454 ], [ -96.721853, 46.439829 ], [ -96.721271, 46.439523 ], [ -96.720302, 46.439978 ], [ -96.71943, 46.440021 ], [ -96.718794, 46.439879 ], [ -96.717927, 46.439374 ], [ -96.717237, 46.437914 ], [ -96.717407, 46.436416 ], [ -96.71707, 46.435216 ], [ -96.716436, 46.434363 ], [ -96.715418, 46.433977 ], [ -96.714597, 46.433959 ], [ -96.714195, 46.434112 ], [ -96.713784, 46.434562 ], [ -96.71375, 46.434955 ], [ -96.714497, 46.435717 ], [ -96.716176, 46.436649 ], [ -96.716103, 46.43713 ], [ -96.71573, 46.437318 ], [ -96.714356, 46.437212 ], [ -96.713755, 46.437547 ], [ -96.71248, 46.437884 ], [ -96.712273, 46.437699 ], [ -96.712485, 46.436704 ], [ -96.71224, 46.436062 ], [ -96.711629, 46.435689 ], [ -96.71045, 46.435605 ], [ -96.708342, 46.435764 ], [ -96.707453, 46.436043 ], [ -96.705997, 46.437009 ], [ -96.705301, 46.438048 ], [ -96.704942, 46.438246 ], [ -96.704603, 46.438178 ], [ -96.703269, 46.437295 ], [ -96.703209, 46.436566 ], [ -96.704396, 46.435184 ], [ -96.704406, 46.433896 ], [ -96.706452, 46.432649 ], [ -96.707037, 46.432102 ], [ -96.707655, 46.430963 ], [ -96.707655, 46.429787 ], [ -96.706751, 46.428975 ], [ -96.705709, 46.428814 ], [ -96.704461, 46.429131 ], [ -96.702832, 46.430177 ], [ -96.702136, 46.430321 ], [ -96.701231, 46.430236 ], [ -96.700753, 46.429714 ], [ -96.701154, 46.42895 ], [ -96.702172, 46.428051 ], [ -96.704597, 46.426912 ], [ -96.704705, 46.426406 ], [ -96.704456, 46.426229 ], [ -96.704148, 46.426233 ], [ -96.702188, 46.427024 ], [ -96.70042, 46.427249 ], [ -96.699214, 46.426906 ], [ -96.698855, 46.426383 ], [ -96.699305, 46.425934 ], [ -96.701087, 46.425983 ], [ -96.701987, 46.425315 ], [ -96.702282, 46.422752 ], [ -96.702761, 46.421844 ], [ -96.704695, 46.419404 ], [ -96.70483, 46.418728 ], [ -96.704581, 46.417995 ], [ -96.70386, 46.417453 ], [ -96.702731, 46.417619 ], [ -96.699551, 46.419282 ], [ -96.69669, 46.420411 ], [ -96.694253, 46.421961 ], [ -96.693313, 46.422085 ], [ -96.692676, 46.421655 ], [ -96.693103, 46.419635 ], [ -96.691984, 46.417142 ], [ -96.691957, 46.416568 ], [ -96.692248, 46.416111 ], [ -96.693082, 46.415582 ], [ -96.693941, 46.4155 ], [ -96.694373, 46.415627 ], [ -96.695923, 46.416686 ], [ -96.69699, 46.417122 ], [ -96.698525, 46.417234 ], [ -96.699652, 46.41713 ], [ -96.701011, 46.416789 ], [ -96.701665, 46.416335 ], [ -96.701853, 46.415893 ], [ -96.701496, 46.415002 ], [ -96.699068, 46.41304 ], [ -96.698114, 46.412676 ], [ -96.697197, 46.412576 ], [ -96.695831, 46.41275 ], [ -96.69292, 46.413909 ], [ -96.691595, 46.414204 ], [ -96.688032, 46.414396 ], [ -96.686675, 46.414596 ], [ -96.68587, 46.414488 ], [ -96.685355, 46.414212 ], [ -96.68486, 46.413386 ], [ -96.68497, 46.412364 ], [ -96.686143, 46.411666 ], [ -96.689208, 46.410255 ], [ -96.689881, 46.409672 ], [ -96.689113, 46.406834 ], [ -96.688307, 46.405836 ], [ -96.687484, 46.405564 ], [ -96.686017, 46.405913 ], [ -96.682344, 46.407515 ], [ -96.681322, 46.407538 ], [ -96.680505, 46.407108 ], [ -96.678319, 46.404492 ], [ -96.676056, 46.399556 ], [ -96.674841, 46.398485 ], [ -96.673802, 46.396768 ], [ -96.672913, 46.395964 ], [ -96.672486, 46.39528 ], [ -96.672451, 46.394348 ], [ -96.672875, 46.393655 ], [ -96.674899, 46.392214 ], [ -96.675199, 46.391839 ], [ -96.675078, 46.390962 ], [ -96.674413, 46.390573 ], [ -96.673801, 46.390536 ], [ -96.669257, 46.391628 ], [ -96.668381, 46.391624 ], [ -96.667709, 46.391244 ], [ -96.667516, 46.390514 ], [ -96.668007, 46.389981 ], [ -96.668855, 46.389866 ], [ -96.670593, 46.390002 ], [ -96.67098, 46.389779 ], [ -96.671027, 46.389494 ], [ -96.670709, 46.389046 ], [ -96.668552, 46.387998 ], [ -96.668178, 46.387618 ], [ -96.668357, 46.386528 ], [ -96.669289, 46.385496 ], [ -96.669637, 46.384379 ], [ -96.669284, 46.383516 ], [ -96.667677, 46.381588 ], [ -96.666818, 46.379889 ], [ -96.667464, 46.376872 ], [ -96.667422, 46.376117 ], [ -96.667135, 46.375579 ], [ -96.666026, 46.374744 ], [ -96.664277, 46.374325 ], [ -96.659642, 46.37435 ], [ -96.658329, 46.374537 ], [ -96.657804, 46.374419 ], [ -96.657558, 46.374115 ], [ -96.657689, 46.373631 ], [ -96.659955, 46.372279 ], [ -96.660379, 46.371563 ], [ -96.659731, 46.370926 ], [ -96.657881, 46.370378 ], [ -96.656714, 46.369621 ], [ -96.656075, 46.368525 ], [ -96.6556, 46.366755 ], [ -96.654977, 46.365937 ], [ -96.652547, 46.364436 ], [ -96.649103, 46.363062 ], [ -96.647658, 46.362794 ], [ -96.64441, 46.362554 ], [ -96.643756, 46.362347 ], [ -96.643185, 46.361935 ], [ -96.643134, 46.361267 ], [ -96.643694, 46.360695 ], [ -96.645645, 46.359731 ], [ -96.647605, 46.359089 ], [ -96.648156, 46.358618 ], [ -96.64845, 46.358081 ], [ -96.648356, 46.357184 ], [ -96.647134, 46.354735 ], [ -96.646466, 46.352705 ], [ -96.645655, 46.351504 ], [ -96.645604, 46.351086 ], [ -96.645194, 46.350669 ], [ -96.644185, 46.350122 ], [ -96.643333, 46.34998 ], [ -96.642566, 46.35004 ], [ -96.641973, 46.350256 ], [ -96.640747, 46.351228 ], [ -96.639692, 46.351737 ], [ -96.63752, 46.352196 ], [ -96.636789, 46.35248 ], [ -96.63428, 46.352585 ], [ -96.632905, 46.352833 ], [ -96.630679, 46.354264 ], [ -96.630095, 46.354403 ], [ -96.629403, 46.354319 ], [ -96.629039, 46.353974 ], [ -96.629392, 46.351567 ], [ -96.628622, 46.349987 ], [ -96.627844, 46.349417 ], [ -96.621219, 46.347628 ], [ -96.617565, 46.34772 ], [ -96.616674, 46.347388 ], [ -96.616202, 46.34642 ], [ -96.616202, 46.345895 ], [ -96.619169, 46.343243 ], [ -96.620415, 46.341176 ], [ -96.620414, 46.340423 ], [ -96.620245, 46.340243 ], [ -96.619524, 46.339908 ], [ -96.616645, 46.339525 ], [ -96.614985, 46.337899 ], [ -96.614129, 46.337325 ], [ -96.612995, 46.336989 ], [ -96.611201, 46.336855 ], [ -96.609614, 46.336193 ], [ -96.608954, 46.335639 ], [ -96.608514, 46.333559 ], [ -96.607879, 46.332556 ], [ -96.606159, 46.331191 ], [ -96.604067, 46.330974 ], [ -96.602578, 46.331171 ], [ -96.601444, 46.331139 ], [ -96.599937, 46.330693 ], [ -96.599379, 46.329984 ], [ -96.599583, 46.329411 ], [ -96.600672, 46.328814 ], [ -96.604512, 46.327982 ], [ -96.605715, 46.327203 ], [ -96.606138, 46.326604 ], [ -96.605931, 46.326133 ], [ -96.605174, 46.325885 ], [ -96.603661, 46.326411 ], [ -96.602152, 46.326639 ], [ -96.601036, 46.327008 ], [ -96.600027, 46.326817 ], [ -96.599775, 46.326466 ], [ -96.599788, 46.325571 ], [ -96.600792, 46.324247 ], [ -96.600903, 46.323642 ], [ -96.600599, 46.322218 ], [ -96.601204, 46.319498 ], [ -96.600971, 46.319144 ], [ -96.600181, 46.318633 ], [ -96.597349, 46.317853 ], [ -96.596999, 46.31759 ], [ -96.596767, 46.317004 ], [ -96.59701, 46.316059 ], [ -96.598225, 46.314732 ], [ -96.598353, 46.313947 ], [ -96.598176, 46.312511 ], [ -96.598483, 46.311017 ], [ -96.59907, 46.309972 ], [ -96.600275, 46.308838 ], [ -96.600307, 46.308039 ], [ -96.600044, 46.307396 ], [ -96.599957, 46.306285 ], [ -96.600181, 46.305293 ], [ -96.60092, 46.304368 ], [ -96.603047, 46.303244 ], [ -96.603586, 46.30253 ], [ -96.603405, 46.302087 ], [ -96.602344, 46.301073 ], [ -96.601461, 46.300607 ], [ -96.60096, 46.30061 ], [ -96.600728, 46.300351 ], [ -96.597581, 46.298623 ], [ -96.59721, 46.298165 ], [ -96.597286, 46.29776 ], [ -96.597733, 46.297121 ], [ -96.598437, 46.296819 ], [ -96.600818, 46.296285 ], [ -96.604516, 46.294987 ], [ -96.605411, 46.294489 ], [ -96.605833, 46.293867 ], [ -96.605678, 46.293282 ], [ -96.605332, 46.293034 ], [ -96.6029, 46.292696 ], [ -96.602042, 46.292413 ], [ -96.599579, 46.292334 ], [ -96.598273, 46.292132 ], [ -96.596682, 46.291527 ], [ -96.596219, 46.290962 ], [ -96.595867, 46.289186 ], [ -96.595879, 46.288725 ], [ -96.596287, 46.288019 ], [ -96.597964, 46.287611 ], [ -96.600742, 46.287476 ], [ -96.601855, 46.287209 ], [ -96.602366, 46.286552 ], [ -96.601968, 46.285904 ], [ -96.600931, 46.285683 ], [ -96.599843, 46.28571 ], [ -96.596288, 46.286591 ], [ -96.595232, 46.286519 ], [ -96.594864, 46.286344 ], [ -96.594953, 46.285678 ], [ -96.595247, 46.285323 ], [ -96.598049, 46.283901 ], [ -96.599467, 46.282767 ], [ -96.600025, 46.282111 ], [ -96.600451, 46.281095 ], [ -96.600451, 46.280634 ], [ -96.600002, 46.279853 ], [ -96.599656, 46.279596 ], [ -96.598823, 46.279508 ], [ -96.598388, 46.279295 ], [ -96.596206, 46.277607 ], [ -96.595406, 46.27558 ], [ -96.595264, 46.274247 ], [ -96.59566, 46.273568 ], [ -96.596603, 46.273375 ], [ -96.597202, 46.273081 ], [ -96.597346, 46.272813 ], [ -96.597233, 46.272496 ], [ -96.596262, 46.271904 ], [ -96.59604, 46.271511 ], [ -96.597126, 46.270732 ], [ -96.597612, 46.270006 ], [ -96.59683, 46.268142 ], [ -96.596899, 46.267805 ], [ -96.598736, 46.265283 ], [ -96.598911, 46.264105 ], [ -96.599348, 46.26326 ], [ -96.600355, 46.26217 ], [ -96.600402, 46.26175 ], [ -96.599898, 46.261272 ], [ -96.597959, 46.261091 ], [ -96.596305, 46.260525 ], [ -96.594369, 46.259179 ], [ -96.592928, 46.257313 ], [ -96.592637, 46.256558 ], [ -96.59293, 46.255651 ], [ -96.593497, 46.254967 ], [ -96.595238, 46.253848 ], [ -96.595375, 46.253398 ], [ -96.595091, 46.252907 ], [ -96.593913, 46.252 ], [ -96.5923, 46.250338 ], [ -96.591343, 46.249741 ], [ -96.589951, 46.24948 ], [ -96.588525, 46.249605 ], [ -96.585202, 46.250514 ], [ -96.584196, 46.250416 ], [ -96.583715, 46.249807 ], [ -96.583902, 46.249177 ], [ -96.584665, 46.24808 ], [ -96.586053, 46.247025 ], [ -96.588182, 46.246017 ], [ -96.590737, 46.245092 ], [ -96.591619, 46.245058 ], [ -96.593105, 46.245622 ], [ -96.593906, 46.245524 ], [ -96.594374, 46.245194 ], [ -96.594855, 46.24436 ], [ -96.595234, 46.244065 ], [ -96.597954, 46.243168 ], [ -96.598529, 46.242758 ], [ -96.598729, 46.242317 ], [ -96.598211, 46.240484 ], [ -96.597966, 46.238259 ], [ -96.59905, 46.235723 ], [ -96.598783, 46.235056 ], [ -96.597157, 46.233296 ], [ -96.596865, 46.232266 ], [ -96.597201, 46.230723 ], [ -96.59779, 46.229454 ], [ -96.597792, 46.22888 ], [ -96.596914, 46.226111 ], [ -96.594994, 46.224119 ], [ -96.594713, 46.223507 ], [ -96.594789, 46.222506 ], [ -96.595698, 46.220712 ], [ -96.595777, 46.219788 ], [ -96.595209, 46.219342 ], [ -96.592643, 46.218872 ], [ -96.591987, 46.21847 ], [ -96.591742, 46.218115 ], [ -96.591525, 46.216411 ], [ -96.592852, 46.214402 ], [ -96.592792, 46.213914 ], [ -96.592179, 46.213542 ], [ -96.589059, 46.213277 ], [ -96.58844, 46.212879 ], [ -96.589523, 46.210853 ], [ -96.591162, 46.209118 ], [ -96.591114, 46.20869 ], [ -96.590792, 46.208463 ], [ -96.589988, 46.208562 ], [ -96.588209, 46.209697 ], [ -96.587056, 46.209967 ], [ -96.584069, 46.208568 ], [ -96.583761, 46.208059 ], [ -96.583949, 46.207616 ], [ -96.584404, 46.207335 ], [ -96.586962, 46.207198 ], [ -96.587595, 46.206967 ], [ -96.588768, 46.205525 ], [ -96.589027, 46.204946 ], [ -96.588919, 46.20449 ], [ -96.588277, 46.204213 ], [ -96.5873, 46.204163 ], [ -96.58496, 46.204395 ], [ -96.584258, 46.204094 ], [ -96.58449, 46.203419 ], [ -96.586618, 46.202423 ], [ -96.587227, 46.201971 ], [ -96.587349, 46.201625 ], [ -96.587016, 46.201315 ], [ -96.586579, 46.201215 ], [ -96.584461, 46.20146 ], [ -96.584008, 46.201403 ], [ -96.583674, 46.201163 ], [ -96.583677, 46.200735 ], [ -96.584429, 46.199293 ], [ -96.584345, 46.198445 ], [ -96.584629, 46.197511 ], [ -96.585047, 46.197106 ], [ -96.585483, 46.197002 ], [ -96.588988, 46.196994 ], [ -96.589635, 46.196879 ], [ -96.590776, 46.196333 ], [ -96.591226, 46.195747 ], [ -96.591031, 46.195424 ], [ -96.590523, 46.195194 ], [ -96.585993, 46.19507 ], [ -96.58546, 46.194948 ], [ -96.585077, 46.194624 ], [ -96.585102, 46.194198 ], [ -96.585397, 46.193958 ], [ -96.586045, 46.193879 ], [ -96.587362, 46.194002 ], [ -96.587801, 46.193831 ], [ -96.587943, 46.193378 ], [ -96.58734, 46.192546 ], [ -96.587459, 46.192067 ], [ -96.588918, 46.191278 ], [ -96.590226, 46.190794 ], [ -96.590538, 46.190474 ], [ -96.590494, 46.190123 ], [ -96.590189, 46.189887 ], [ -96.589169, 46.189875 ], [ -96.588505, 46.189691 ], [ -96.587413, 46.188655 ], [ -96.587293, 46.188199 ], [ -96.587485, 46.187912 ], [ -96.589391, 46.187321 ], [ -96.589641, 46.186918 ], [ -96.589004, 46.186386 ], [ -96.587652, 46.186198 ], [ -96.587428, 46.185801 ], [ -96.591277, 46.185063 ], [ -96.591572, 46.184682 ], [ -96.590727, 46.183987 ], [ -96.586559, 46.182775 ], [ -96.586182, 46.182342 ], [ -96.586151, 46.181812 ], [ -96.586551, 46.181479 ], [ -96.587234, 46.181296 ], [ -96.588467, 46.181675 ], [ -96.589233, 46.181395 ], [ -96.588387, 46.179084 ], [ -96.589332, 46.178734 ], [ -96.591665, 46.178496 ], [ -96.592076, 46.178107 ], [ -96.591847, 46.176948 ], [ -96.592682, 46.175211 ], [ -96.592044, 46.174603 ], [ -96.591059, 46.174544 ], [ -96.590163, 46.174905 ], [ -96.588884, 46.176235 ], [ -96.588087, 46.176417 ], [ -96.58748, 46.176361 ], [ -96.586247, 46.175466 ], [ -96.585627, 46.175417 ], [ -96.586007, 46.176851 ], [ -96.585619, 46.177344 ], [ -96.580632, 46.177317 ], [ -96.579598, 46.177127 ], [ -96.579141, 46.176832 ], [ -96.579683, 46.176361 ], [ -96.582292, 46.174918 ], [ -96.583324, 46.174154 ], [ -96.583779, 46.173563 ], [ -96.583818, 46.173072 ], [ -96.583522, 46.172663 ], [ -96.582944, 46.172772 ], [ -96.582264, 46.173799 ], [ -96.581617, 46.173932 ], [ -96.580693, 46.173366 ], [ -96.580044, 46.173363 ], [ -96.579059, 46.174126 ], [ -96.578459, 46.174372 ], [ -96.577822, 46.174376 ], [ -96.576636, 46.173944 ], [ -96.5771, 46.172795 ], [ -96.577011, 46.171546 ], [ -96.578159, 46.171281 ], [ -96.579498, 46.171691 ], [ -96.580147, 46.171719 ], [ -96.58253, 46.171421 ], [ -96.583476, 46.171149 ], [ -96.583862, 46.170599 ], [ -96.583774, 46.170132 ], [ -96.583179, 46.169838 ], [ -96.582112, 46.169773 ], [ -96.579654, 46.169725 ], [ -96.579006, 46.169801 ], [ -96.577601, 46.170382 ], [ -96.576623, 46.170265 ], [ -96.575642, 46.16964 ], [ -96.575281, 46.169011 ], [ -96.57529, 46.168486 ], [ -96.576742, 46.167972 ], [ -96.579202, 46.168173 ], [ -96.580608, 46.167648 ], [ -96.580573, 46.166811 ], [ -96.580071, 46.166572 ], [ -96.578642, 46.166372 ], [ -96.577519, 46.166436 ], [ -96.57702, 46.166036 ], [ -96.577864, 46.164755 ], [ -96.57732, 46.163838 ], [ -96.577289, 46.162899 ], [ -96.579547, 46.161866 ], [ -96.579917, 46.161481 ], [ -96.579913, 46.161151 ], [ -96.579332, 46.160766 ], [ -96.578002, 46.160674 ], [ -96.576265, 46.159582 ], [ -96.578357, 46.156532 ], [ -96.578349, 46.153186 ], [ -96.578554, 46.152882 ], [ -96.58012, 46.151801 ], [ -96.58029, 46.151147 ], [ -96.579202, 46.149106 ], [ -96.579281, 46.147441 ], [ -96.578181, 46.147019 ], [ -96.577527, 46.146569 ], [ -96.577471, 46.145321 ], [ -96.577175, 46.144873 ], [ -96.575417, 46.144222 ], [ -96.574884, 46.143886 ], [ -96.574741, 46.143296 ], [ -96.574968, 46.142179 ], [ -96.572785, 46.14049 ], [ -96.572875, 46.138687 ], [ -96.57152, 46.137354 ], [ -96.571209, 46.136826 ], [ -96.57183, 46.13555 ], [ -96.571778, 46.134923 ], [ -96.57118, 46.13448 ], [ -96.569201, 46.133642 ], [ -96.568705, 46.133157 ], [ -96.568632, 46.132303 ], [ -96.57023, 46.131769 ], [ -96.571379, 46.131101 ], [ -96.57134, 46.130819 ], [ -96.570919, 46.130564 ], [ -96.569032, 46.130577 ], [ -96.56858, 46.130352 ], [ -96.570069, 46.128577 ], [ -96.569679, 46.126061 ], [ -96.571299, 46.125911 ], [ -96.57171, 46.12567 ], [ -96.572181, 46.12491 ], [ -96.571999, 46.124567 ], [ -96.571523, 46.124209 ], [ -96.570188, 46.123995 ], [ -96.568399, 46.123294 ], [ -96.567852, 46.122291 ], [ -96.567464, 46.12 ], [ -96.566899, 46.119516 ], [ -96.566086, 46.119384 ], [ -96.563339, 46.119655 ], [ -96.56257, 46.119515 ], [ -96.562083, 46.11913 ], [ -96.560234, 46.116568 ], [ -96.56117, 46.1162 ], [ -96.562815, 46.116251 ], [ -96.566358, 46.115115 ], [ -96.56692, 46.11475 ], [ -96.565718, 46.112544 ], [ -96.565723, 46.111963 ], [ -96.564938, 46.110934 ], [ -96.563129, 46.110055 ] ] ] } },
{ "type": "Feature", "properties": { "district": "26", "district_int": 26 }, "geometry": { "type": "Polygon", "coordinates": [ [ [ -102.269602, 47.154426 ], [ -102.269804, 47.154521 ], [ -102.270285, 47.154262 ], [ -102.270707, 47.15429 ], [ -102.271934, 47.15531 ], [ -102.384113, 47.155369 ], [ -102.383868, 47.155624 ], [ -102.384037, 47.155707 ], [ -102.384499, 47.155652 ], [ -102.385423, 47.155188 ], [ -102.398875, 47.155285 ], [ -102.398761, 47.155068 ], [ -102.398962, 47.154931 ], [ -102.399926, 47.154754 ], [ -102.400206, 47.155673 ], [ -102.400668, 47.155591 ], [ -102.401111, 47.15514 ], [ -102.401431, 47.155236 ], [ -102.420183, 47.155276 ], [ -102.461558, 47.155233 ], [ -102.461551, 47.154935 ], [ -102.503558, 47.154924 ], [ -102.504062, 47.154673 ], [ -102.504584, 47.154639 ], [ -102.505849, 47.155027 ], [ -102.506772, 47.154863 ], [ -102.525006, 47.154793 ], [ -102.525012, 47.154363 ], [ -102.546079, 47.15426 ], [ -102.567644, 47.154566 ], [ -102.567644, 47.154741 ], [ -102.60677, 47.154613 ], [ -102.620264, 47.154715 ], [ -102.621275, 47.154936 ], [ -102.625748, 47.154814 ], [ -102.63128, 47.154919 ], [ -102.631363, 47.140433 ], [ -102.660905, 47.140409 ], [ -102.715846, 47.140668 ], [ -102.775462, 47.140149 ], [ -102.773471, 47.132774 ], [ -102.773003, 47.130743 ], [ -102.773036, 47.12996 ], [ -102.773627, 47.128416 ], [ -102.774503, 47.127357 ], [ -102.775296, 47.126729 ], [ -102.777989, 47.125255 ], [ -102.778871, 47.125627 ], [ -102.780188, 47.125652 ], [ -102.832996, 47.125576 ], [ -102.833269, 47.125844 ], [ -102.834748, 47.130358 ], [ -102.842185, 47.136344 ], [ -102.84229, 47.140082 ], [ -102.864291, 47.139935 ], [ -102.918172, 47.139915 ], [ -102.919008, 47.139823 ], [ -102.921597, 47.139101 ], [ -102.922892, 47.13902 ], [ -102.92436, 47.139228 ], [ -102.925598, 47.139735 ], [ -102.92561, 47.140001 ], [ -102.926841, 47.140958 ], [ -102.927081, 47.141764 ], [ -102.927886, 47.140536 ], [ -102.928945, 47.140594 ], [ -102.934719, 47.139868 ], [ -102.946401, 47.139865 ], [ -102.948232, 47.140184 ], [ -102.949493, 47.14081 ], [ -102.950776, 47.140178 ], [ -102.95242, 47.139868 ], [ -102.963821, 47.139847 ], [ -102.965764, 47.139479 ], [ -102.96629, 47.139842 ], [ -102.969584, 47.139866 ], [ -102.969591, 47.135921 ], [ -102.968967, 47.13463 ], [ -102.969608, 47.133725 ], [ -102.969626, 47.132777 ], [ -102.968899, 47.131924 ], [ -102.968554, 47.129547 ], [ -102.968036, 47.129112 ], [ -102.969999, 47.126493 ], [ -102.970241, 47.125796 ], [ -102.970184, 47.124733 ], [ -102.965472, 47.116905 ], [ -102.965322, 47.115895 ], [ -102.965638, 47.115237 ], [ -102.966412, 47.114634 ], [ -102.972894, 47.111556 ], [ -102.978293, 47.108545 ], [ -102.979503, 47.107705 ], [ -102.979887, 47.106762 ], [ -102.979838, 47.098363 ], [ -102.980069, 47.097653 ], [ -102.98046, 47.097209 ], [ -102.981654, 47.096563 ], [ -102.98275, 47.096429 ], [ -102.988466, 47.096334 ], [ -103.01129, 47.096509 ], [ -103.011594, 47.096214 ], [ -103.011527, 47.08227 ], [ -103.011626, 47.081826 ], [ -103.012078, 47.081403 ], [ -103.012879, 47.081799 ], [ -103.014355, 47.081931 ], [ -103.03266, 47.081835 ], [ -103.032963, 47.139721 ], [ -103.032763, 47.154252 ], [ -103.032865, 47.183256 ], [ -103.032465, 47.197626 ], [ -103.032767, 47.241017 ], [ -103.032566, 47.249957 ], [ -103.032691, 47.269473 ], [ -103.032372, 47.297969 ], [ -103.032569, 47.302431 ], [ -103.032395, 47.302823 ], [ -103.032533, 47.314559 ], [ -103.032366, 47.328686 ], [ -103.109816, 47.328694 ], [ -103.123702, 47.328822 ], [ -103.163004, 47.328576 ], [ -103.2231, 47.328617 ], [ -103.250367, 47.328555 ], [ -103.265697, 47.328376 ], [ -103.286552, 47.328828 ], [ -103.307768, 47.328579 ], [ -103.350369, 47.328492 ], [ -103.439071, 47.328575 ], [ -103.460471, 47.328795 ], [ -103.482047, 47.328783 ], [ -103.500518, 47.328696 ], [ -103.502572, 47.328556 ], [ -103.518972, 47.328426 ], [ -103.560625, 47.328375 ], [ -103.609379, 47.328487 ], [ -103.609474, 47.328756 ], [ -103.666675, 47.329256 ], [ -103.666675, 47.329354 ], [ -103.694706, 47.329203 ], [ -103.750504, 47.329397 ], [ -103.791876, 47.329686 ], [ -103.800079, 47.329566 ], [ -103.827745, 47.32957 ], [ -103.897984, 47.32994 ], [ -103.918212, 47.329858 ], [ -103.976175, 47.329985 ], [ -103.977802, 47.33011 ], [ -103.991467, 47.330172 ], [ -104.044968, 47.330141 ], [ -104.045164, 47.342195 ], [ -104.044937, 47.34438 ], [ -104.044853, 47.406722 ], [ -104.044432, 47.455867 ], [ -104.043948, 47.571162 ], [ -104.043878, 47.646465 ], [ -104.043284, 47.717228 ], [ -104.043441, 47.732483 ], [ -104.042507, 47.806987 ], [ -104.04232, 47.808546 ], [ -104.041416, 47.862685 ], [ -104.042098, 47.889539 ], [ -104.041969, 47.894501 ], [ -104.042291, 47.90265 ], [ -104.042205, 47.90812 ], [ -104.042622, 47.930795 ], [ -104.042704, 47.934292 ], [ -104.043049, 47.935667 ], [ -104.042825, 47.938987 ], [ -104.043019, 47.939634 ], [ -104.042942, 47.942795 ], [ -104.043428, 47.95612 ], [ -104.043902, 47.991952 ], [ -104.044144, 47.993884 ], [ -104.044044, 47.996082 ], [ -104.040253, 47.994799 ], [ -104.03833, 47.994391 ], [ -104.035759, 47.994132 ], [ -104.031691, 47.992397 ], [ -104.03069, 47.992101 ], [ -104.027733, 47.991856 ], [ -104.023141, 47.990053 ], [ -104.0216, 47.989189 ], [ -104.020397, 47.98823 ], [ -104.017119, 47.984858 ], [ -104.01494, 47.981654 ], [ -104.01408, 47.97957 ], [ -104.012335, 47.973278 ], [ -104.011569, 47.971413 ], [ -104.010847, 47.970369 ], [ -104.009239, 47.968651 ], [ -104.00839, 47.967985 ], [ -104.007036, 47.967339 ], [ -104.005556, 47.967087 ], [ -104.003843, 47.967042 ], [ -103.999374, 47.967707 ], [ -103.990886, 47.97122 ], [ -103.989923, 47.971871 ], [ -103.987399, 47.974306 ], [ -103.986338, 47.975988 ], [ -103.985928, 47.977386 ], [ -103.985807, 47.97869 ], [ -103.986599, 47.981033 ], [ -103.986667, 47.982483 ], [ -103.986354, 47.983173 ], [ -103.985476, 47.984035 ], [ -103.983955, 47.984667 ], [ -103.981566, 47.985024 ], [ -103.973186, 47.98542 ], [ -103.967386, 47.98552 ], [ -103.963186, 47.98472 ], [ -103.961086, 47.98412 ], [ -103.954485, 47.98172 ], [ -103.949085, 47.97872 ], [ -103.942685, 47.97572 ], [ -103.939185, 47.97312 ], [ -103.935985, 47.97022 ], [ -103.933185, 47.96662 ], [ -103.931185, 47.96452 ], [ -103.926984, 47.96072 ], [ -103.923284, 47.95762 ], [ -103.919789, 47.95595 ], [ -103.916488, 47.956483 ], [ -103.912284, 47.95752 ], [ -103.903984, 47.959221 ], [ -103.895783, 47.961321 ], [ -103.888053, 47.962026 ], [ -103.885131, 47.962674 ], [ -103.881383, 47.964121 ], [ -103.877783, 47.966021 ], [ -103.875483, 47.967021 ], [ -103.873699, 47.968381 ], [ -103.871013, 47.970845 ], [ -103.869353, 47.97279 ], [ -103.866075, 47.981401 ], [ -103.86499, 47.986108 ], [ -103.864277, 47.987982 ], [ -103.863666, 47.988805 ], [ -103.862475, 47.989743 ], [ -103.859548, 47.991503 ], [ -103.857915, 47.993036 ], [ -103.855943, 47.995139 ], [ -103.855365, 47.996442 ], [ -103.85523, 47.997813 ], [ -103.856704, 48.000957 ], [ -103.857447, 48.001736 ], [ -103.860988, 48.004348 ], [ -103.862415, 48.005866 ], [ -103.863147, 48.007362 ], [ -103.864119, 48.00803 ], [ -103.864373, 48.00866 ], [ -103.86362, 48.011064 ], [ -103.862655, 48.012354 ], [ -103.859766, 48.015065 ], [ -103.858379, 48.015756 ], [ -103.857412, 48.015596 ], [ -103.856306, 48.015072 ], [ -103.829561, 48.000022 ], [ -103.827687, 47.99839 ], [ -103.826495, 47.997088 ], [ -103.826052, 47.996288 ], [ -103.825439, 47.992792 ], [ -103.825472, 47.989753 ], [ -103.826016, 47.986897 ], [ -103.829039, 47.980982 ], [ -103.829037, 47.980595 ], [ -103.82883, 47.980121 ], [ -103.827678, 47.979658 ], [ -103.824047, 47.978992 ], [ -103.821323, 47.979853 ], [ -103.817254, 47.981708 ], [ -103.811021, 47.985919 ], [ -103.804256, 47.991252 ], [ -103.800817, 47.994269 ], [ -103.796917, 48.000022 ], [ -103.792652, 48.010301 ], [ -103.791595, 48.013317 ], [ -103.791286, 48.018458 ], [ -103.792975, 48.027556 ], [ -103.79777, 48.035545 ], [ -103.797764, 48.038961 ], [ -103.796772, 48.043627 ], [ -103.795663, 48.047445 ], [ -103.794221, 48.050518 ], [ -103.791949, 48.05332 ], [ -103.790602, 48.055668 ], [ -103.787674, 48.058049 ], [ -103.784394, 48.059491 ], [ -103.780749, 48.059292 ], [ -103.775781, 48.058251 ], [ -103.770512, 48.056477 ], [ -103.759553, 48.047568 ], [ -103.755963, 48.044026 ], [ -103.754829, 48.043243 ], [ -103.747509, 48.040767 ], [ -103.745748, 48.040515 ], [ -103.743449, 48.040525 ], [ -103.741541, 48.041204 ], [ -103.739361, 48.043724 ], [ -103.736559, 48.0454 ], [ -103.730693, 48.047886 ], [ -103.726156, 48.048979 ], [ -103.714713, 48.054704 ], [ -103.711036, 48.058031 ], [ -103.70947, 48.062359 ], [ -103.709454, 48.065462 ], [ -103.710822, 48.067867 ], [ -103.713064, 48.069468 ], [ -103.717993, 48.070696 ], [ -103.721073, 48.072032 ], [ -103.729603, 48.077241 ], [ -103.736922, 48.081143 ], [ -103.740322, 48.083404 ], [ -103.743881, 48.087561 ], [ -103.74435, 48.090319 ], [ -103.743634, 48.092198 ], [ -103.742216, 48.093403 ], [ -103.740049, 48.093908 ], [ -103.736749, 48.095703 ], [ -103.729375, 48.10023 ], [ -103.722351, 48.104666 ], [ -103.717074, 48.109085 ], [ -103.714798, 48.110304 ], [ -103.710777, 48.111823 ], [ -103.702477, 48.115723 ], [ -103.698277, 48.117423 ], [ -103.695477, 48.118423 ], [ -103.690377, 48.119723 ], [ -103.687276, 48.120723 ], [ -103.682976, 48.121723 ], [ -103.677576, 48.122423 ], [ -103.675176, 48.122423 ], [ -103.672176, 48.122123 ], [ -103.669276, 48.121623 ], [ -103.663276, 48.120123 ], [ -103.659376, 48.118723 ], [ -103.656575, 48.117023 ], [ -103.650875, 48.113923 ], [ -103.649284, 48.113126 ], [ -103.646475, 48.112023 ], [ -103.643675, 48.111523 ], [ -103.638675, 48.110923 ], [ -103.634775, 48.111024 ], [ -103.632775, 48.111324 ], [ -103.630075, 48.112224 ], [ -103.627811, 48.113356 ], [ -103.625475, 48.114265 ], [ -103.622774, 48.115924 ], [ -103.620974, 48.116824 ], [ -103.612774, 48.122824 ], [ -103.610674, 48.124924 ], [ -103.60638, 48.130304 ], [ -103.603871, 48.132063 ], [ -103.600936, 48.133464 ], [ -103.599153, 48.134102 ], [ -103.597614, 48.134392 ], [ -103.595517, 48.134134 ], [ -103.59021, 48.134107 ], [ -103.588916, 48.133296 ], [ -103.587646, 48.132032 ], [ -103.587005, 48.13105 ], [ -103.586094, 48.128692 ], [ -103.585639, 48.126666 ], [ -103.585712, 48.124553 ], [ -103.587673, 48.123024 ], [ -103.592373, 48.120524 ], [ -103.594974, 48.119524 ], [ -103.596974, 48.119024 ], [ -103.603274, 48.117024 ], [ -103.606474, 48.115424 ], [ -103.608174, 48.114124 ], [ -103.608674, 48.113024 ], [ -103.608674, 48.111224 ], [ -103.607674, 48.109424 ], [ -103.604274, 48.106424 ], [ -103.600874, 48.103824 ], [ -103.598874, 48.102524 ], [ -103.597174, 48.101024 ], [ -103.594974, 48.099424 ], [ -103.593174, 48.097724 ], [ -103.589174, 48.094724 ], [ -103.588174, 48.094124 ], [ -103.584673, 48.092524 ], [ -103.579373, 48.090824 ], [ -103.575973, 48.090024 ], [ -103.571773, 48.088724 ], [ -103.568173, 48.087924 ], [ -103.566673, 48.087724 ], [ -103.565573, 48.087824 ], [ -103.561773, 48.087324 ], [ -103.558273, 48.087224 ], [ -103.549472, 48.087824 ], [ -103.548572, 48.087724 ], [ -103.548172, 48.087524 ], [ -103.547572, 48.086824 ], [ -103.547172, 48.085824 ], [ -103.547672, 48.083524 ], [ -103.548472, 48.081924 ], [ -103.551473, 48.077824 ], [ -103.554073, 48.075524 ], [ -103.559173, 48.071924 ], [ -103.564773, 48.068924 ], [ -103.568373, 48.067224 ], [ -103.573973, 48.064124 ], [ -103.576274, 48.062624 ], [ -103.578074, 48.061124 ], [ -103.579674, 48.060124 ], [ -103.581874, 48.058424 ], [ -103.583874, 48.055724 ], [ -103.584774, 48.054124 ], [ -103.585574, 48.050724 ], [ -103.585574, 48.048824 ], [ -103.585174, 48.046124 ], [ -103.584674, 48.044224 ], [ -103.583974, 48.043224 ], [ -103.582074, 48.041524 ], [ -103.577274, 48.039124 ], [ -103.572474, 48.037224 ], [ -103.569374, 48.035724 ], [ -103.566074, 48.035024 ], [ -103.557073, 48.034224 ], [ -103.547173, 48.034124 ], [ -103.535773, 48.035025 ], [ -103.531873, 48.035825 ], [ -103.530373, 48.035725 ], [ -103.527972, 48.035125 ], [ -103.526672, 48.034325 ], [ -103.525472, 48.033325 ], [ -103.524272, 48.031825 ], [ -103.522972, 48.029425 ], [ -103.520672, 48.026825 ], [ -103.519972, 48.025725 ], [ -103.517672, 48.021225 ], [ -103.516572, 48.019525 ], [ -103.509972, 48.011625 ], [ -103.507372, 48.009625 ], [ -103.502572, 48.006525 ], [ -103.501172, 48.005925 ], [ -103.496472, 48.005225 ], [ -103.493972, 48.005225 ], [ -103.488372, 48.005825 ], [ -103.485072, 48.006725 ], [ -103.480972, 48.008825 ], [ -103.474771, 48.012625 ], [ -103.470571, 48.016525 ], [ -103.466471, 48.020825 ], [ -103.463071, 48.023225 ], [ -103.461371, 48.024025 ], [ -103.457971, 48.025125 ], [ -103.456071, 48.025525 ], [ -103.452871, 48.025725 ], [ -103.449371, 48.026625 ], [ -103.44727, 48.027325 ], [ -103.44217, 48.029424 ], [ -103.43567, 48.033624 ], [ -103.43397, 48.034524 ], [ -103.43117, 48.035524 ], [ -103.42837, 48.035924 ], [ -103.42397, 48.035924 ], [ -103.41997, 48.035624 ], [ -103.41517, 48.034524 ], [ -103.408469, 48.032224 ], [ -103.404469, 48.030524 ], [ -103.396369, 48.027824 ], [ -103.394869, 48.027524 ], [ -103.385369, 48.026324 ], [ -103.379769, 48.025124 ], [ -103.376869, 48.025024 ], [ -103.376069, 48.025224 ], [ -103.375069, 48.025224 ], [ -103.372969, 48.025524 ], [ -103.367768, 48.026724 ], [ -103.360468, 48.027924 ], [ -103.359568, 48.028224 ], [ -103.355468, 48.029024 ], [ -103.348668, 48.031324 ], [ -103.346668, 48.031724 ], [ -103.341368, 48.033924 ], [ -103.336968, 48.035224 ], [ -103.336468, 48.035524 ], [ -103.332867, 48.036824 ], [ -103.331267, 48.037124 ], [ -103.328867, 48.037924 ], [ -103.326067, 48.038624 ], [ -103.322767, 48.039924 ], [ -103.315767, 48.041623 ], [ -103.312967, 48.042023 ], [ -103.309167, 48.042123 ], [ -103.305567, 48.041623 ], [ -103.296666, 48.039623 ], [ -103.294166, 48.039323 ], [ -103.291266, 48.039423 ], [ -103.288366, 48.040123 ], [ -103.284866, 48.042123 ], [ -103.283666, 48.043123 ], [ -103.281266, 48.045823 ], [ -103.279966, 48.048123 ], [ -103.278766, 48.051223 ], [ -103.278466, 48.053623 ], [ -103.278066, 48.054423 ], [ -103.277966, 48.055923 ], [ -103.277266, 48.058023 ], [ -103.275866, 48.059423 ], [ -103.272866, 48.061023 ], [ -103.267766, 48.062123 ], [ -103.263665, 48.062623 ], [ -103.260165, 48.062623 ], [ -103.255265, 48.061623 ], [ -103.254565, 48.061623 ], [ -103.253465, 48.061323 ], [ -103.250565, 48.060923 ], [ -103.249265, 48.060523 ], [ -103.243965, 48.060023 ], [ -103.239065, 48.060223 ], [ -103.236165, 48.061123 ], [ -103.232965, 48.063323 ], [ -103.227665, 48.068123 ], [ -103.226965, 48.069723 ], [ -103.226165, 48.072523 ], [ -103.225965, 48.075123 ], [ -103.226265, 48.076423 ], [ -103.227165, 48.077922 ], [ -103.230565, 48.080922 ], [ -103.233265, 48.082422 ], [ -103.235765, 48.083522 ], [ -103.238965, 48.084222 ], [ -103.242865, 48.084822 ], [ -103.246765, 48.085722 ], [ -103.250465, 48.086831 ], [ -103.251623, 48.087334 ], [ -103.253153, 48.088458 ], [ -103.253903, 48.089549 ], [ -103.253937, 48.090186 ], [ -103.25362, 48.091226 ], [ -103.252497, 48.092974 ], [ -103.250465, 48.094922 ], [ -103.241365, 48.105022 ], [ -103.237264, 48.108922 ], [ -103.227264, 48.116622 ], [ -103.217265, 48.125022 ], [ -103.213794, 48.128588 ], [ -103.207265, 48.133223 ], [ -103.20189, 48.135208 ], [ -103.19767, 48.135307 ], [ -103.194817, 48.134766 ], [ -103.191767, 48.134391 ], [ -103.184843, 48.134177 ], [ -103.172399, 48.134889 ], [ -103.15711, 48.136193 ], [ -103.145334, 48.138434 ], [ -103.138603, 48.141362 ], [ -103.131859, 48.142895 ], [ -103.125463, 48.142886 ], [ -103.121387, 48.143608 ], [ -103.1165, 48.145243 ], [ -103.109808, 48.146228 ], [ -103.107083, 48.146494 ], [ -103.101603, 48.146495 ], [ -103.096796, 48.145768 ], [ -103.093345, 48.144453 ], [ -103.092056, 48.143137 ], [ -103.091352, 48.140906 ], [ -103.091273, 48.137986 ], [ -103.092018, 48.134511 ], [ -103.092975, 48.131859 ], [ -103.093227, 48.129452 ], [ -103.09313, 48.127746 ], [ -103.092167, 48.126395 ], [ -103.088818, 48.124648 ], [ -103.086069, 48.124691 ], [ -103.085009, 48.125022 ], [ -103.080898, 48.126751 ], [ -103.078502, 48.128292 ], [ -103.074716, 48.130396 ], [ -103.071429, 48.131953 ], [ -103.069081, 48.132418 ], [ -103.060733, 48.133049 ], [ -103.04415, 48.135131 ], [ -103.039691, 48.135164 ], [ -103.034701, 48.135596 ], [ -103.027459, 48.135489 ], [ -103.012654, 48.132543 ], [ -103.008915, 48.13196 ], [ -103.006791, 48.131865 ], [ -103.005128, 48.132012 ], [ -103.003784, 48.1323 ], [ -102.998649, 48.134551 ], [ -102.993812, 48.135877 ], [ -102.98762, 48.1367 ], [ -102.981175, 48.137084 ], [ -102.972885, 48.138011 ], [ -102.967588, 48.138122 ], [ -102.958088, 48.137634 ], [ -102.953986, 48.137269 ], [ -102.950434, 48.136668 ], [ -102.94743, 48.135965 ], [ -102.93846, 48.132506 ], [ -102.9364, 48.130789 ], [ -102.934385, 48.128364 ], [ -102.931921, 48.126041 ], [ -102.931465, 48.125021 ], [ -102.930277, 48.124598 ], [ -102.928665, 48.123629 ], [ -102.923999, 48.122463 ], [ -102.919889, 48.121767 ], [ -102.913535, 48.12161 ], [ -102.906885, 48.12179 ], [ -102.8997, 48.123278 ], [ -102.896959, 48.124154 ], [ -102.892496, 48.126265 ], [ -102.889758, 48.12809 ], [ -102.88398, 48.131469 ], [ -102.877303, 48.134984 ], [ -102.875462, 48.13537 ], [ -102.874562, 48.13602 ], [ -102.871862, 48.13652 ], [ -102.866762, 48.13702 ], [ -102.864862, 48.13692 ], [ -102.859462, 48.13552 ], [ -102.854962, 48.13472 ], [ -102.847762, 48.13262 ], [ -102.840062, 48.12982 ], [ -102.833662, 48.12642 ], [ -102.831889, 48.12502 ], [ -102.831039, 48.124892 ], [ -102.829025, 48.123789 ], [ -102.826111, 48.123124 ], [ -102.8241, 48.122424 ], [ -102.813352, 48.120299 ], [ -102.811445, 48.120034 ], [ -102.809786, 48.119568 ], [ -102.806472, 48.118937 ], [ -102.803211, 48.118743 ], [ -102.796845, 48.118958 ], [ -102.79479, 48.11913 ], [ -102.790534, 48.120113 ], [ -102.78528, 48.121769 ], [ -102.782831, 48.122916 ], [ -102.777347, 48.125019 ], [ -102.775999, 48.125946 ], [ -102.769498, 48.129533 ], [ -102.766283, 48.130354 ], [ -102.762314, 48.129962 ], [ -102.75779, 48.128866 ], [ -102.750462, 48.126206 ], [ -102.748462, 48.125018 ], [ -102.744816, 48.123863 ], [ -102.742302, 48.122293 ], [ -102.739783, 48.119886 ], [ -102.73756, 48.116608 ], [ -102.737445, 48.113661 ], [ -102.737826, 48.109842 ], [ -102.738807, 48.105956 ], [ -102.739846, 48.10351 ], [ -102.741635, 48.10076 ], [ -102.744533, 48.099349 ], [ -102.747234, 48.098575 ], [ -102.750462, 48.097993 ], [ -102.752132, 48.097386 ], [ -102.755735, 48.09644 ], [ -102.757335, 48.095732 ], [ -102.758333, 48.095092 ], [ -102.758531, 48.094722 ], [ -102.758326, 48.09395 ], [ -102.757721, 48.093347 ], [ -102.75586, 48.092443 ], [ -102.754756, 48.092143 ], [ -102.749162, 48.091319 ], [ -102.744162, 48.091019 ], [ -102.741862, 48.090619 ], [ -102.740462, 48.090319 ], [ -102.739462, 48.089919 ], [ -102.736162, 48.089219 ], [ -102.734162, 48.088518 ], [ -102.733162, 48.088318 ], [ -102.724062, 48.087818 ], [ -102.718062, 48.087818 ], [ -102.714061, 48.088018 ], [ -102.712661, 48.088218 ], [ -102.710361, 48.088018 ], [ -102.703661, 48.087918 ], [ -102.692617, 48.084924 ], [ -102.688906, 48.083689 ], [ -102.684346, 48.083058 ], [ -102.677233, 48.082665 ], [ -102.671067, 48.081164 ], [ -102.667707, 48.079895 ], [ -102.665045, 48.078089 ], [ -102.663487, 48.076651 ], [ -102.662679, 48.07491 ], [ -102.662317, 48.071796 ], [ -102.662304, 48.068548 ], [ -102.663718, 48.058834 ], [ -102.667203, 48.054243 ], [ -102.667797, 48.052568 ], [ -102.668041, 48.050859 ], [ -102.667583, 48.049152 ], [ -102.666324, 48.047043 ], [ -102.661653, 48.042862 ], [ -102.658192, 48.040688 ], [ -102.654684, 48.039252 ], [ -102.650327, 48.038318 ], [ -102.639766, 48.03712 ], [ -102.632414, 48.038331 ], [ -102.62546, 48.040781 ], [ -102.616359, 48.046287 ], [ -102.615123, 48.04669 ], [ -102.612661, 48.047101 ], [ -102.610427, 48.046867 ], [ -102.60836, 48.046351 ], [ -102.606161, 48.044722 ], [ -102.602398, 48.041318 ], [ -102.600367, 48.039068 ], [ -102.599405, 48.037246 ], [ -102.598825, 48.032843 ], [ -102.598699, 48.026626 ], [ -102.599174, 48.019668 ], [ -102.597693, 48.014603 ], [ -102.593862, 48.011619 ], [ -102.584594, 48.007851 ], [ -102.572613, 48.004208 ], [ -102.561692, 48.001583 ], [ -102.55916, 48.001323 ], [ -102.5567, 48.000757 ], [ -102.555015, 48.000016 ], [ -102.552981, 47.998646 ], [ -102.625461, 47.998698 ], [ -102.754098, 47.999169 ], [ -102.759234, 47.999107 ], [ -102.759849, 47.998964 ], [ -102.78485, 47.998957 ], [ -102.784582, 47.977525 ], [ -102.785105, 47.977516 ], [ -102.785221, 47.967155 ], [ -102.785227, 47.963449 ], [ -102.78494, 47.963063 ], [ -102.785331, 47.890935 ], [ -102.785075, 47.874777 ], [ -102.784694, 47.866835 ], [ -102.784995, 47.750014 ], [ -102.783934, 47.636793 ], [ -102.784702, 47.607269 ], [ -102.785294, 47.594403 ], [ -102.780093, 47.596526 ], [ -102.774837, 47.598248 ], [ -102.770764, 47.598626 ], [ -102.767929, 47.59833 ], [ -102.766563, 47.598034 ], [ -102.758572, 47.595396 ], [ -102.755643, 47.593433 ], [ -102.750457, 47.588845 ], [ -102.7492, 47.588564 ], [ -102.748506, 47.588666 ], [ -102.747226, 47.590277 ], [ -102.747083, 47.591115 ], [ -102.747637, 47.592488 ], [ -102.749884, 47.594796 ], [ -102.750185, 47.595432 ], [ -102.750041, 47.59617 ], [ -102.749299, 47.596439 ], [ -102.747313, 47.596276 ], [ -102.745921, 47.59591 ], [ -102.74378, 47.594641 ], [ -102.742729, 47.593336 ], [ -102.742423, 47.591996 ], [ -102.742611, 47.590387 ], [ -102.743293, 47.588175 ], [ -102.744612, 47.585524 ], [ -102.747564, 47.581966 ], [ -102.747904, 47.580893 ], [ -102.747204, 47.580291 ], [ -102.745068, 47.57965 ], [ -102.743429, 47.579259 ], [ -102.740649, 47.578997 ], [ -102.736235, 47.578938 ], [ -102.731922, 47.57928 ], [ -102.728406, 47.580191 ], [ -102.727513, 47.580293 ], [ -102.726818, 47.580026 ], [ -102.725971, 47.579391 ], [ -102.72522, 47.578253 ], [ -102.724713, 47.576645 ], [ -102.724504, 47.574802 ], [ -102.724991, 47.573327 ], [ -102.728388, 47.569501 ], [ -102.728547, 47.569031 ], [ -102.728148, 47.568515 ], [ -102.727239, 47.568264 ], [ -102.726148, 47.568266 ], [ -102.72224, 47.569948 ], [ -102.71502, 47.573512 ], [ -102.702121, 47.580419 ], [ -102.700979, 47.580791 ], [ -102.700133, 47.580874 ], [ -102.698594, 47.580474 ], [ -102.694064, 47.577431 ], [ -102.688728, 47.572042 ], [ -102.683844, 47.567625 ], [ -102.67547, 47.559493 ], [ -102.675266, 47.558354 ], [ -102.676547, 47.556978 ], [ -102.679857, 47.55503 ], [ -102.684161, 47.553517 ], [ -102.689112, 47.552337 ], [ -102.689852, 47.551833 ], [ -102.691676, 47.550021 ], [ -102.692166, 47.548948 ], [ -102.692595, 47.545865 ], [ -102.69109, 47.542381 ], [ -102.68814, 47.537526 ], [ -102.682414, 47.532306 ], [ -102.678235, 47.529128 ], [ -102.6757, 47.527556 ], [ -102.673267, 47.526352 ], [ -102.671582, 47.526254 ], [ -102.66693, 47.527198 ], [ -102.662182, 47.528778 ], [ -102.656252, 47.532035 ], [ -102.649039, 47.536332 ], [ -102.64514, 47.539721 ], [ -102.643361, 47.540862 ], [ -102.641633, 47.542338 ], [ -102.639653, 47.542675 ], [ -102.63762, 47.542442 ], [ -102.634986, 47.540669 ], [ -102.63279, 47.537252 ], [ -102.631148, 47.535679 ], [ -102.630057, 47.535345 ], [ -102.628769, 47.535446 ], [ -102.625462, 47.536353 ], [ -102.618708, 47.539741 ], [ -102.605507, 47.545627 ], [ -102.602668, 47.546538 ], [ -102.599717, 47.546809 ], [ -102.596053, 47.546579 ], [ -102.592833, 47.546081 ], [ -102.590801, 47.545212 ], [ -102.587873, 47.542601 ], [ -102.586233, 47.540055 ], [ -102.585975, 47.535899 ], [ -102.584931, 47.534124 ], [ -102.578191, 47.530411 ], [ -102.568832, 47.528344 ], [ -102.56096, 47.527079 ], [ -102.554532, 47.526315 ], [ -102.540613, 47.523109 ], [ -102.532443, 47.520568 ], [ -102.52581, 47.519065 ], [ -102.523433, 47.518095 ], [ -102.520905, 47.514309 ], [ -102.518279, 47.511193 ], [ -102.516052, 47.510122 ], [ -102.512934, 47.509856 ], [ -102.508434, 47.511635 ], [ -102.503785, 47.513716 ], [ -102.50329, 47.513616 ], [ -102.50329, 47.512979 ], [ -102.505116, 47.508319 ], [ -102.50477, 47.508084 ], [ -102.503878, 47.507984 ], [ -102.503087, 47.509192 ], [ -102.500458, 47.511606 ], [ -102.49575, 47.516738 ], [ -102.493879, 47.517614 ], [ -102.492102, 47.517856 ], [ -102.484333, 47.517021 ], [ -102.475077, 47.515592 ], [ -102.469329, 47.51388 ], [ -102.463524, 47.511234 ], [ -102.460497, 47.512476 ], [ -102.460513, 47.500008 ], [ -102.459833, 47.476262 ], [ -102.45976, 47.465805 ], [ -102.438382, 47.466246 ], [ -102.438475, 47.461117 ], [ -102.375456, 47.462112 ], [ -102.374705, 47.462359 ], [ -102.374789, 47.46933 ], [ -102.342369, 47.469374 ], [ -102.289771, 47.469017 ], [ -102.290665, 47.473649 ], [ -102.290581, 47.475277 ], [ -102.290189, 47.476721 ], [ -102.250453, 47.476659 ], [ -102.242889, 47.476357 ], [ -102.232634, 47.476366 ], [ -102.226866, 47.476165 ], [ -102.226753, 47.479915 ], [ -102.205555, 47.479911 ], [ -102.205341, 47.45804 ], [ -102.205556, 47.429287 ], [ -102.205456, 47.400378 ], [ -102.205752, 47.370925 ], [ -102.205556, 47.328071 ], [ -102.144453, 47.328079 ], [ -102.14425, 47.299911 ], [ -102.144398, 47.299512 ], [ -102.144654, 47.24156 ], [ -102.144353, 47.183796 ], [ -102.144446, 47.155885 ], [ -102.208632, 47.155811 ], [ -102.224281, 47.155432 ], [ -102.241931, 47.155612 ], [ -102.269601, 47.15524 ], [ -102.269803, 47.154962 ], [ -102.269522, 47.15473 ], [ -102.269602, 47.154426 ] ] ] } },
{ "type": "Feature", "properties": { "district": "27", "district_int": 27 }, "geometry": { "type": "Polygon", "coordinates": [ [ [ -96.936673, 46.702875 ], [ -96.936638, 46.70648 ], [ -96.926125, 46.706544 ], [ -96.926131, 46.71018 ], [ -96.923714, 46.71017 ], [ -96.923692, 46.712984 ], [ -96.926085, 46.712996 ], [ -96.926261, 46.750006 ], [ -96.925427, 46.750018 ], [ -96.923602, 46.750548 ], [ -96.923622, 46.750727 ], [ -96.92324, 46.750838 ], [ -96.921707, 46.750891 ], [ -96.921762, 46.751636 ], [ -96.923808, 46.751565 ], [ -96.924571, 46.751343 ], [ -96.924989, 46.75201 ], [ -96.925062, 46.760949 ], [ -96.92632, 46.760954 ], [ -96.926348, 46.768241 ], [ -96.936873, 46.768258 ], [ -96.936898, 46.775541 ], [ -96.947463, 46.775551 ], [ -96.947616, 46.777306 ], [ -96.947441, 46.782832 ], [ -96.926438, 46.78279 ], [ -96.926481, 46.793703 ], [ -96.913345, 46.79344 ], [ -96.913319, 46.804039 ], [ -96.905637, 46.803763 ], [ -96.904153, 46.803991 ], [ -96.88175, 46.803983 ], [ -96.882017, 46.805956 ], [ -96.881621, 46.806096 ], [ -96.881804, 46.806377 ], [ -96.881981, 46.80942 ], [ -96.881829, 46.809724 ], [ -96.882023, 46.810025 ], [ -96.882227, 46.813662 ], [ -96.882086, 46.813908 ], [ -96.882259, 46.814184 ], [ -96.882584, 46.818546 ], [ -96.883055, 46.829436 ], [ -96.878614, 46.829698 ], [ -96.874048, 46.829234 ], [ -96.866203, 46.829393 ], [ -96.864043, 46.829875 ], [ -96.861963, 46.829881 ], [ -96.860906, 46.804757 ], [ -96.860956, 46.797036 ], [ -96.850403, 46.796893 ], [ -96.850385, 46.797334 ], [ -96.850082, 46.797334 ], [ -96.85012, 46.795791 ], [ -96.847885, 46.795761 ], [ -96.847894, 46.795295 ], [ -96.847475, 46.79529 ], [ -96.847032, 46.79565 ], [ -96.846314, 46.795641 ], [ -96.846317, 46.796817 ], [ -96.84489, 46.796805 ], [ -96.844886, 46.797276 ], [ -96.839866, 46.797201 ], [ -96.839864, 46.797331 ], [ -96.838642, 46.796914 ], [ -96.838777, 46.789507 ], [ -96.826969, 46.789222 ], [ -96.827049, 46.781955 ], [ -96.829734, 46.782011 ], [ -96.829758, 46.780196 ], [ -96.82868, 46.780173 ], [ -96.828488, 46.779437 ], [ -96.828666, 46.778799 ], [ -96.829562, 46.778286 ], [ -96.819805, 46.778055 ], [ -96.81941, 46.778172 ], [ -96.808075, 46.778065 ], [ -96.808014, 46.775222 ], [ -96.804948, 46.775154 ], [ -96.80483, 46.774436 ], [ -96.798737, 46.774396 ], [ -96.798738, 46.77426 ], [ -96.798395, 46.77426 ], [ -96.798341, 46.777953 ], [ -96.795996, 46.779605 ], [ -96.794842, 46.780996 ], [ -96.797135, 46.781005 ], [ -96.797128, 46.781623 ], [ -96.798343, 46.781626 ], [ -96.798952, 46.784066 ], [ -96.799699, 46.785248 ], [ -96.78714, 46.785146 ], [ -96.788214, 46.783686 ], [ -96.790675, 46.782501 ], [ -96.793322, 46.779923 ], [ -96.796365, 46.77786 ], [ -96.796722, 46.777464 ], [ -96.796756, 46.776999 ], [ -96.795924, 46.776285 ], [ -96.795056, 46.775947 ], [ -96.794444, 46.775834 ], [ -96.792155, 46.77593 ], [ -96.791379, 46.776168 ], [ -96.788145, 46.77803 ], [ -96.787209, 46.778356 ], [ -96.785886, 46.778547 ], [ -96.784192, 46.778407 ], [ -96.783793, 46.778247 ], [ -96.783161, 46.777219 ], [ -96.783095, 46.776396 ], [ -96.783542, 46.774963 ], [ -96.784294, 46.774312 ], [ -96.785923, 46.773993 ], [ -96.788882, 46.775002 ], [ -96.789514, 46.774911 ], [ -96.790079, 46.774569 ], [ -96.790048, 46.773404 ], [ -96.789217, 46.77121 ], [ -96.78802, 46.769976 ], [ -96.786059, 46.76913 ], [ -96.778976, 46.76842 ], [ -96.776183, 46.767802 ], [ -96.775485, 46.767185 ], [ -96.775686, 46.766043 ], [ -96.776418, 46.76522 ], [ -96.776817, 46.764969 ], [ -96.778396, 46.764506 ], [ -96.780992, 46.765312 ], [ -96.785689, 46.76623 ], [ -96.788388, 46.766503 ], [ -96.789352, 46.766252 ], [ -96.789519, 46.766024 ], [ -96.789519, 46.765361 ], [ -96.78912, 46.764858 ], [ -96.786494, 46.763601 ], [ -96.785397, 46.763258 ], [ -96.78297, 46.762892 ], [ -96.779645, 46.763051 ], [ -96.778913, 46.762845 ], [ -96.778249, 46.762433 ], [ -96.77785, 46.761588 ], [ -96.777851, 46.760925 ], [ -96.778217, 46.760422 ], [ -96.779081, 46.760194 ], [ -96.780345, 46.760195 ], [ -96.781076, 46.7604 ], [ -96.784001, 46.762001 ], [ -96.784766, 46.762115 ], [ -96.786395, 46.761864 ], [ -96.787293, 46.761042 ], [ -96.787294, 46.760356 ], [ -96.786529, 46.759739 ], [ -96.785831, 46.759488 ], [ -96.783604, 46.759076 ], [ -96.783238, 46.758687 ], [ -96.782906, 46.757819 ], [ -96.78294, 46.756745 ], [ -96.783505, 46.756471 ], [ -96.784769, 46.756403 ], [ -96.785932, 46.756951 ], [ -96.787129, 46.757774 ], [ -96.78766, 46.757934 ], [ -96.788359, 46.757866 ], [ -96.789389, 46.757501 ], [ -96.789789, 46.756701 ], [ -96.78871, 46.755655 ], [ -96.787235, 46.755095 ], [ -96.785965, 46.754924 ], [ -96.784329, 46.754985 ], [ -96.783492, 46.754832 ], [ -96.782988, 46.754516 ], [ -96.782708, 46.75305 ], [ -96.783139, 46.752769 ], [ -96.784171, 46.752439 ], [ -96.785107, 46.752407 ], [ -96.786579, 46.752783 ], [ -96.788383, 46.752858 ], [ -96.789181, 46.752529 ], [ -96.789377, 46.751999 ], [ -96.788838, 46.751567 ], [ -96.787304, 46.751697 ], [ -96.786268, 46.751615 ], [ -96.784663, 46.751424 ], [ -96.783289, 46.750909 ], [ -96.782783, 46.750409 ], [ -96.782537, 46.749548 ], [ -96.782599, 46.74916 ], [ -96.782997, 46.748835 ], [ -96.784465, 46.748684 ], [ -96.786674, 46.749167 ], [ -96.787474, 46.748976 ], [ -96.787668, 46.748239 ], [ -96.787128, 46.747694 ], [ -96.785518, 46.746906 ], [ -96.784312, 46.746505 ], [ -96.780834, 46.745963 ], [ -96.780499, 46.745737 ], [ -96.780298, 46.745004 ], [ -96.780737, 46.744178 ], [ -96.782105, 46.743935 ], [ -96.785206, 46.744618 ], [ -96.786475, 46.744513 ], [ -96.787215, 46.743782 ], [ -96.787353, 46.74314 ], [ -96.786889, 46.742725 ], [ -96.786321, 46.74256 ], [ -96.782282, 46.742604 ], [ -96.781215, 46.742392 ], [ -96.780451, 46.741769 ], [ -96.780352, 46.741423 ], [ -96.780522, 46.741195 ], [ -96.781088, 46.740968 ], [ -96.782193, 46.740928 ], [ -96.782829, 46.740588 ], [ -96.782864, 46.740291 ], [ -96.781105, 46.738696 ], [ -96.780943, 46.737938 ], [ -96.781513, 46.737207 ], [ -96.782821, 46.736733 ], [ -96.783122, 46.73646 ], [ -96.783156, 46.736138 ], [ -96.783091, 46.735955 ], [ -96.78176, 46.735258 ], [ -96.780897, 46.734565 ], [ -96.780768, 46.733807 ], [ -96.781105, 46.733349 ], [ -96.78184, 46.733125 ], [ -96.784212, 46.733001 ], [ -96.784546, 46.732705 ], [ -96.784551, 46.731878 ], [ -96.784223, 46.731142 ], [ -96.784075, 46.730061 ], [ -96.783016, 46.728994 ], [ -96.781976, 46.728844 ], [ -96.78142, 46.729038 ], [ -96.78096, 46.729344 ], [ -96.780494, 46.730032 ], [ -96.779971, 46.730136 ], [ -96.779321, 46.729567 ], [ -96.779136, 46.726642 ], [ -96.779988, 46.725752 ], [ -96.78203, 46.725193 ], [ -96.781795, 46.724718 ], [ -96.780507, 46.724296 ], [ -96.77981, 46.723688 ], [ -96.779904, 46.722917 ], [ -96.7811, 46.722048 ], [ -96.786348, 46.719902 ], [ -96.790267, 46.71965 ], [ -96.790931, 46.719284 ], [ -96.791197, 46.718874 ], [ -96.791232, 46.718004 ], [ -96.7908, 46.717614 ], [ -96.790169, 46.717453 ], [ -96.789137, 46.717542 ], [ -96.788404, 46.717999 ], [ -96.787772, 46.718158 ], [ -96.783781, 46.717807 ], [ -96.782817, 46.717508 ], [ -96.78212, 46.716888 ], [ -96.782121, 46.716499 ], [ -96.784411, 46.715918 ], [ -96.786471, 46.714791 ], [ -96.787468, 46.713998 ], [ -96.787503, 46.713589 ], [ -96.786877, 46.713084 ], [ -96.784001, 46.712202 ], [ -96.78354, 46.711768 ], [ -96.783574, 46.711423 ], [ -96.784967, 46.710711 ], [ -96.786231, 46.710411 ], [ -96.788059, 46.710246 ], [ -96.789188, 46.709946 ], [ -96.789553, 46.709557 ], [ -96.789452, 46.709077 ], [ -96.788619, 46.708392 ], [ -96.784894, 46.707213 ], [ -96.783859, 46.706442 ], [ -96.783827, 46.705977 ], [ -96.784505, 46.705585 ], [ -96.785922, 46.705547 ], [ -96.787948, 46.705163 ], [ -96.789503, 46.704684 ], [ -96.791204, 46.703747 ], [ -96.791204, 46.703359 ], [ -96.790905, 46.702969 ], [ -96.789807, 46.702304 ], [ -96.785779, 46.702115 ], [ -96.784514, 46.70177 ], [ -96.784215, 46.701448 ], [ -96.784415, 46.700853 ], [ -96.786879, 46.700971 ], [ -96.787578, 46.700927 ], [ -96.788012, 46.700629 ], [ -96.788079, 46.70024 ], [ -96.787116, 46.698818 ], [ -96.786418, 46.69813 ], [ -96.78519, 46.695792 ], [ -96.784925, 46.694372 ], [ -96.785126, 46.693891 ], [ -96.785559, 46.693662 ], [ -96.786858, 46.693549 ], [ -96.787292, 46.693229 ], [ -96.787292, 46.693 ], [ -96.785995, 46.691898 ], [ -96.786095, 46.691463 ], [ -96.786829, 46.691121 ], [ -96.789625, 46.690666 ], [ -96.790325, 46.690324 ], [ -96.790625, 46.689957 ], [ -96.790626, 46.689133 ], [ -96.789296, 46.688192 ], [ -96.787866, 46.687823 ], [ -96.786201, 46.687821 ], [ -96.785069, 46.687591 ], [ -96.784123, 46.68672 ], [ -96.783928, 46.685729 ], [ -96.784269, 46.684996 ], [ -96.785073, 46.684634 ], [ -96.785707, 46.684615 ], [ -96.787073, 46.685199 ], [ -96.787607, 46.685203 ], [ -96.787842, 46.684974 ], [ -96.787846, 46.684561 ], [ -96.787557, 46.682973 ], [ -96.787729, 46.682307 ], [ -96.788434, 46.681691 ], [ -96.789236, 46.681697 ], [ -96.789703, 46.681885 ], [ -96.791298, 46.68309 ], [ -96.792031, 46.683303 ], [ -96.793967, 46.683569 ], [ -96.794799, 46.683297 ], [ -96.7947, 46.682428 ], [ -96.793903, 46.681423 ], [ -96.793173, 46.680943 ], [ -96.790417, 46.679754 ], [ -96.787696, 46.678223 ], [ -96.78743, 46.677446 ], [ -96.78753, 46.677103 ], [ -96.788095, 46.676737 ], [ -96.788825, 46.676555 ], [ -96.792145, 46.676555 ], [ -96.793142, 46.677173 ], [ -96.793904, 46.679138 ], [ -96.794767, 46.679549 ], [ -96.795996, 46.679275 ], [ -96.7967, 46.678714 ], [ -96.798842, 46.678647 ], [ -96.79911, 46.678518 ], [ -96.79946, 46.677807 ], [ -96.79951, 46.675245 ], [ -96.798879, 46.674032 ], [ -96.797735, 46.673353 ], [ -96.796731, 46.673172 ], [ -96.794233, 46.673904 ], [ -96.79327, 46.674089 ], [ -96.792683, 46.674017 ], [ -96.791555, 46.673229 ], [ -96.791324, 46.67239 ], [ -96.791427, 46.672045 ], [ -96.792189, 46.67155 ], [ -96.794172, 46.671575 ], [ -96.794474, 46.671344 ], [ -96.794424, 46.670908 ], [ -96.793511, 46.669772 ], [ -96.793447, 46.669202 ], [ -96.794072, 46.667972 ], [ -96.795034, 46.667228 ], [ -96.795594, 46.667228 ], [ -96.796132, 46.66753 ], [ -96.797117, 46.668567 ], [ -96.797786, 46.668919 ], [ -96.798823, 46.669018 ], [ -96.801342, 46.668428 ], [ -96.801962, 46.668175 ], [ -96.802165, 46.667897 ], [ -96.801863, 46.667164 ], [ -96.800736, 46.666576 ], [ -96.799831, 46.666452 ], [ -96.79756, 46.667011 ], [ -96.796523, 46.667035 ], [ -96.795503, 46.666601 ], [ -96.795237, 46.666203 ], [ -96.795511, 46.665854 ], [ -96.797505, 46.665779 ], [ -96.798186, 46.665613 ], [ -96.798601, 46.665272 ], [ -96.798477, 46.664234 ], [ -96.797389, 46.662813 ], [ -96.797222, 46.662282 ], [ -96.797646, 46.661775 ], [ -96.798161, 46.661584 ], [ -96.799648, 46.661401 ], [ -96.800023, 46.661104 ], [ -96.799857, 46.660613 ], [ -96.79718, 46.659935 ], [ -96.796917, 46.659562 ], [ -96.79717, 46.658756 ], [ -96.798667, 46.658092 ], [ -96.799037, 46.657596 ], [ -96.798798, 46.655613 ], [ -96.79895, 46.654112 ], [ -96.798131, 46.653532 ], [ -96.796679, 46.653377 ], [ -96.79507, 46.652492 ], [ -96.790653, 46.649066 ], [ -96.790531, 46.648313 ], [ -96.790869, 46.647794 ], [ -96.791134, 46.647616 ], [ -96.793854, 46.646899 ], [ -96.794158, 46.646447 ], [ -96.791471, 46.644683 ], [ -96.790826, 46.64256 ], [ -96.790491, 46.642132 ], [ -96.789461, 46.641642 ], [ -96.786615, 46.641129 ], [ -96.785982, 46.640772 ], [ -96.785878, 46.640249 ], [ -96.790782, 46.638669 ], [ -96.791076, 46.638346 ], [ -96.791568, 46.636162 ], [ -96.792301, 46.634823 ], [ -96.792964, 46.634258 ], [ -96.79604, 46.63318 ], [ -96.798039, 46.630327 ], [ -96.799227, 46.630196 ], [ -96.926393, 46.63026 ], [ -96.926117, 46.702883 ], [ -96.936673, 46.702875 ] ] ] } },
{ "type": "Feature", "properties": { "district": "28", "district_int": 28 }, "geometry": { "type": "Polygon", "coordinates": [ [ [ -98.382318, 45.936371 ], [ -98.487945, 45.936927 ], [ -98.600282, 45.937997 ], [ -98.704361, 45.938646 ], [ -98.777039, 45.938858 ], [ -98.881355, 45.939366 ], [ -98.88504, 45.939246 ], [ -98.892046, 45.939392 ], [ -98.915936, 45.939328 ], [ -99.097387, 45.940037 ], [ -99.201485, 45.93994 ], [ -99.296714, 45.940059 ], [ -99.36053, 45.940332 ], [ -99.365624, 45.940223 ], [ -99.386569, 45.940334 ], [ -99.442795, 45.94026 ], [ -99.490471, 45.940396 ], [ -99.58861, 45.940976 ], [ -99.635392, 45.941084 ], [ -99.692919, 45.941054 ], [ -99.748892, 45.940789 ], [ -99.849767, 45.941129 ], [ -99.859898, 45.941308 ], [ -99.865596, 45.941245 ], [ -99.867801, 45.941408 ], [ -99.869499, 45.941275 ], [ -99.88006, 45.941423 ], [ -99.879877, 45.955867 ], [ -99.879886, 46.000006 ], [ -99.879559, 46.018298 ], [ -99.879126, 46.09129 ], [ -99.87928, 46.101608 ], [ -99.878882, 46.130013 ], [ -99.878863, 46.14353 ], [ -99.879028, 46.144602 ], [ -99.878875, 46.17333 ], [ -99.878484, 46.175254 ], [ -99.878366, 46.188033 ], [ -99.878434, 46.215588 ], [ -99.878647, 46.216946 ], [ -99.878624, 46.222961 ], [ -99.878938, 46.229253 ], [ -99.878575, 46.231054 ], [ -99.878351, 46.283102 ], [ -99.899506, 46.282908 ], [ -99.906955, 46.282973 ], [ -99.909916, 46.283161 ], [ -99.916758, 46.283171 ], [ -99.91718, 46.283735 ], [ -99.91729, 46.297606 ], [ -99.917096, 46.298593 ], [ -99.916929, 46.312103 ], [ -99.91706, 46.370541 ], [ -99.916874, 46.370575 ], [ -99.917039, 46.370885 ], [ -99.917082, 46.377807 ], [ -99.917026, 46.383922 ], [ -99.916812, 46.384248 ], [ -99.917022, 46.384783 ], [ -99.916802, 46.461799 ], [ -99.916497, 46.516043 ], [ -99.916044, 46.545384 ], [ -99.915586, 46.632926 ], [ -99.863377, 46.632769 ], [ -99.852742, 46.632658 ], [ -99.852513, 46.632534 ], [ -99.849647, 46.632713 ], [ -99.789561, 46.632412 ], [ -99.783183, 46.632506 ], [ -99.781327, 46.632196 ], [ -99.779618, 46.632496 ], [ -99.765516, 46.632511 ], [ -99.764601, 46.632413 ], [ -99.702188, 46.632391 ], [ -99.625289, 46.632021 ], [ -99.527331, 46.631809 ], [ -99.513701, 46.631666 ], [ -99.5121, 46.631767 ], [ -99.496181, 46.631752 ], [ -99.357157, 46.631393 ], [ -99.356583, 46.631518 ], [ -99.353711, 46.631415 ], [ -99.166813, 46.630799 ], [ -99.155738, 46.630619 ], [ -99.145518, 46.630813 ], [ -99.125855, 46.630652 ], [ -99.047816, 46.630442 ], [ -99.041067, 46.630597 ], [ -99.040377, 46.630586 ], [ -99.040505, 46.628826 ], [ -99.037232, 46.630084 ], [ -99.035383, 46.630462 ], [ -99.033275, 46.630597 ], [ -98.877416, 46.630685 ], [ -98.582257, 46.63085 ], [ -98.578601, 46.63095 ], [ -98.546581, 46.630876 ], [ -98.536334, 46.630991 ], [ -98.222353, 46.631192 ], [ -98.033862, 46.630727 ], [ -98.03348, 46.543552 ], [ -98.034201, 46.457029 ], [ -98.034106, 46.444563 ], [ -98.034384, 46.423438 ], [ -98.034499, 46.420867 ], [ -98.034701, 46.420422 ], [ -98.034358, 46.418253 ], [ -98.034617, 46.393058 ], [ -98.034507, 46.383994 ], [ -98.034929, 46.36887 ], [ -98.034721, 46.355171 ], [ -98.034556, 46.282657 ], [ -97.951325, 46.282458 ], [ -97.951147, 46.282575 ], [ -97.90926, 46.282326 ], [ -97.789186, 46.282514 ], [ -97.670378, 46.282344 ], [ -97.405271, 46.282432 ], [ -97.385161, 46.282282 ], [ -97.364219, 46.282452 ], [ -97.323294, 46.282363 ], [ -97.322822, 46.282264 ], [ -97.321998, 46.282365 ], [ -97.259399, 46.282336 ], [ -97.259378, 46.144386 ], [ -97.259754, 46.036966 ], [ -97.259553, 45.996775 ], [ -97.311758, 46.003716 ], [ -97.362634, 46.010702 ], [ -97.374881, 46.012482 ], [ -97.375385, 46.012579 ], [ -97.375385, 46.012699 ], [ -97.386824, 46.014076 ], [ -97.446803, 46.022038 ], [ -97.474784, 46.025902 ], [ -97.509144, 46.030329 ], [ -97.509146, 46.029471 ], [ -97.499923, 45.999963 ], [ -97.500374, 45.999963 ], [ -97.492016, 45.973669 ], [ -97.480413, 45.935135 ], [ -97.50977, 45.935125 ], [ -97.518108, 45.93534 ], [ -97.52069, 45.935187 ], [ -97.569319, 45.935246 ], [ -97.812243, 45.93551 ], [ -97.902115, 45.935722 ], [ -97.903031, 45.935882 ], [ -97.978778, 45.935863 ], [ -97.987146, 45.935992 ], [ -98.019707, 45.935918 ], [ -98.0285, 45.935777 ], [ -98.215975, 45.93624 ], [ -98.227883, 45.936128 ], [ -98.311488, 45.93612 ], [ -98.382318, 45.936371 ] ] ] } },
{ "type": "Feature", "properties": { "district": "29", "district_int": 29 }, "geometry": { "type": "Polygon", "coordinates": [ [ [ -98.546581, 46.630876 ], [ -98.830964, 46.630737 ], [ -99.033275, 46.630597 ], [ -99.035383, 46.630462 ], [ -99.037232, 46.630084 ], [ -99.040505, 46.628826 ], [ -99.040377, 46.630586 ], [ -99.041067, 46.630597 ], [ -99.047816, 46.630442 ], [ -99.125855, 46.630652 ], [ -99.145518, 46.630813 ], [ -99.155738, 46.630619 ], [ -99.166813, 46.630799 ], [ -99.44972, 46.63163 ], [ -99.449358, 46.660647 ], [ -99.449154, 46.662526 ], [ -99.448826, 46.681837 ], [ -99.449063, 46.682688 ], [ -99.448413, 46.720731 ], [ -99.448565, 46.733109 ], [ -99.448316, 46.747729 ], [ -99.448499, 46.750022 ], [ -99.4479, 46.791164 ], [ -99.445891, 46.980189 ], [ -99.48102, 46.980369 ], [ -99.480959, 46.994709 ], [ -99.481263, 47.009246 ], [ -99.481209, 47.066123 ], [ -99.481394, 47.084858 ], [ -99.480936, 47.183221 ], [ -99.480971, 47.221155 ], [ -99.480773, 47.227695 ], [ -99.480764, 47.240796 ], [ -99.481155, 47.250037 ], [ -99.481155, 47.284227 ], [ -99.480895, 47.313307 ], [ -99.481095, 47.327027 ], [ -99.376294, 47.326936 ], [ -99.322875, 47.326973 ], [ -99.319048, 47.327128 ], [ -99.266892, 47.327198 ], [ -99.266215, 47.326999 ], [ -99.266333, 47.457519 ], [ -99.265798, 47.5876 ], [ -99.137331, 47.587824 ], [ -99.022753, 47.587418 ], [ -98.999661, 47.587534 ], [ -98.967366, 47.587346 ], [ -98.947289, 47.587447 ], [ -98.862827, 47.587237 ], [ -98.841612, 47.587439 ], [ -98.777305, 47.587601 ], [ -98.650259, 47.587255 ], [ -98.500085, 47.587228 ], [ -98.50017, 47.626891 ], [ -98.499981, 47.644622 ], [ -98.500144, 47.645143 ], [ -98.500181, 47.672413 ], [ -98.525391, 47.672318 ], [ -98.525781, 47.730069 ], [ -98.525602, 47.730342 ], [ -98.525516, 47.740139 ], [ -98.525582, 47.744487 ], [ -98.52577, 47.74511 ], [ -98.52569, 47.773497 ], [ -98.524661, 47.773288 ], [ -98.52398, 47.772947 ], [ -98.522295, 47.773237 ], [ -98.522122, 47.773685 ], [ -98.522833, 47.774699 ], [ -98.523778, 47.774942 ], [ -98.52398, 47.775275 ], [ -98.523889, 47.775623 ], [ -98.523299, 47.775943 ], [ -98.522708, 47.776054 ], [ -98.52178, 47.775735 ], [ -98.5212, 47.775279 ], [ -98.520965, 47.774516 ], [ -98.520144, 47.774032 ], [ -98.519558, 47.774032 ], [ -98.51881, 47.774369 ], [ -98.518474, 47.774334 ], [ -98.518062, 47.773813 ], [ -98.516552, 47.773974 ], [ -98.514802, 47.77494 ], [ -98.514265, 47.774941 ], [ -98.513151, 47.775308 ], [ -98.512726, 47.775308 ], [ -98.513034, 47.774897 ], [ -98.512843, 47.774399 ], [ -98.512066, 47.774721 ], [ -98.511821, 47.775106 ], [ -98.511216, 47.77522 ], [ -98.510498, 47.775586 ], [ -98.510131, 47.77544 ], [ -98.510131, 47.774824 ], [ -98.509545, 47.774502 ], [ -98.508548, 47.774839 ], [ -98.508416, 47.775569 ], [ -98.507939, 47.776044 ], [ -98.506745, 47.7761 ], [ -98.50607, 47.775235 ], [ -98.505191, 47.775381 ], [ -98.504802, 47.775608 ], [ -98.521212, 47.805062 ], [ -98.521245, 47.805407 ], [ -98.525405, 47.812596 ], [ -98.525618, 47.877589 ], [ -98.525609, 48.021121 ], [ -98.461578, 48.02124 ], [ -98.422474, 48.02108 ], [ -98.422057, 48.194782 ], [ -98.383832, 48.194823 ], [ -98.380085, 48.194956 ], [ -98.293925, 48.195184 ], [ -98.202271, 48.195005 ], [ -98.162692, 48.194747 ], [ -98.134948, 48.194884 ], [ -98.054743, 48.194739 ], [ -98.032934, 48.194558 ], [ -98.011473, 48.194736 ], [ -98.000268, 48.194547 ], [ -97.929258, 48.194909 ], [ -97.903313, 48.194845 ], [ -97.903599, 48.020897 ], [ -97.882065, 48.020844 ], [ -97.882182, 47.802652 ], [ -97.882363, 47.759122 ], [ -97.882692, 47.750242 ], [ -97.882405, 47.744682 ], [ -97.882478, 47.680655 ], [ -97.882469, 47.679169 ], [ -97.882273, 47.679022 ], [ -97.882271, 47.672133 ], [ -97.83875, 47.672263 ], [ -97.803863, 47.672207 ], [ -97.79249, 47.672031 ], [ -97.771618, 47.672055 ], [ -97.771145, 47.672189 ], [ -97.643738, 47.67208 ], [ -97.565042, 47.672207 ], [ -97.558278, 47.672089 ], [ -97.472745, 47.672051 ], [ -97.473175, 47.541592 ], [ -97.473298, 47.518548 ], [ -97.473543, 47.514751 ], [ -97.473236, 47.512965 ], [ -97.473455, 47.512125 ], [ -97.473341, 47.484189 ], [ -97.473516, 47.47501 ], [ -97.473297, 47.474749 ], [ -97.473307, 47.45494 ], [ -97.473514, 47.440904 ], [ -97.473725, 47.439134 ], [ -97.473914, 47.439062 ], [ -97.474023, 47.404286 ], [ -97.474365, 47.374957 ], [ -97.474107, 47.338137 ], [ -97.474228, 47.324621 ], [ -97.451648, 47.324467 ], [ -97.451277, 47.296998 ], [ -97.451512, 47.239061 ], [ -97.480467, 47.239267 ], [ -97.552151, 47.238925 ], [ -97.56512, 47.239066 ], [ -97.578408, 47.239018 ], [ -97.706034, 47.239978 ], [ -97.791415, 47.240318 ], [ -97.855359, 47.240267 ], [ -97.874026, 47.240569 ], [ -97.881564, 47.240502 ], [ -97.882857, 47.240636 ], [ -97.928491, 47.240578 ], [ -97.961211, 47.240325 ], [ -98.003991, 47.240827 ], [ -98.036602, 47.240866 ], [ -98.038474, 47.240763 ], [ -98.088882, 47.241284 ], [ -98.131039, 47.241071 ], [ -98.136972, 47.241145 ], [ -98.174252, 47.240817 ], [ -98.184231, 47.240916 ], [ -98.191559, 47.24083 ], [ -98.214958, 47.241067 ], [ -98.32167, 47.240603 ], [ -98.42565, 47.240511 ], [ -98.446904, 47.240599 ], [ -98.450577, 47.240413 ], [ -98.467066, 47.240404 ], [ -98.467456, 47.241605 ], [ -98.467176, 47.254957 ], [ -98.466917, 47.298444 ], [ -98.467217, 47.326531 ], [ -98.648365, 47.326507 ], [ -98.721067, 47.326649 ], [ -98.721044, 47.249084 ], [ -98.721197, 47.241231 ], [ -98.721131, 47.228745 ], [ -98.720968, 47.226848 ], [ -98.721175, 47.211455 ], [ -98.721095, 47.189703 ], [ -98.721372, 47.189054 ], [ -98.72137, 47.182905 ], [ -98.721104, 47.182422 ], [ -98.721249, 47.170185 ], [ -98.721008, 47.160921 ], [ -98.721131, 47.149212 ], [ -98.721432, 47.148609 ], [ -98.721347, 47.144297 ], [ -98.721117, 47.143119 ], [ -98.721073, 47.111408 ], [ -98.72129, 47.107533 ], [ -98.721398, 47.06687 ], [ -98.721127, 47.047618 ], [ -98.720939, 47.046141 ], [ -98.721168, 47.034562 ], [ -98.721408, 47.033565 ], [ -98.721845, 47.010301 ], [ -98.721839, 46.99999 ], [ -98.721231, 46.994986 ], [ -98.721374, 46.979375 ], [ -98.715828, 46.97938 ], [ -98.715587, 46.979255 ], [ -98.715161, 46.979387 ], [ -98.710359, 46.979412 ], [ -98.708385, 46.96706 ], [ -98.707059, 46.954468 ], [ -98.709196, 46.942509 ], [ -98.707956, 46.937357 ], [ -98.708938, 46.930977 ], [ -98.712949, 46.931201 ], [ -98.712949, 46.928554 ], [ -98.714415, 46.928085 ], [ -98.725789, 46.92818 ], [ -98.726868, 46.928316 ], [ -98.728302, 46.928215 ], [ -98.734327, 46.928266 ], [ -98.73412, 46.928006 ], [ -98.734098, 46.921007 ], [ -98.727566, 46.920978 ], [ -98.728496, 46.919503 ], [ -98.728599, 46.919587 ], [ -98.729909, 46.918829 ], [ -98.733789, 46.915766 ], [ -98.733879, 46.910263 ], [ -98.73423, 46.909413 ], [ -98.733931, 46.908881 ], [ -98.734101, 46.907664 ], [ -98.733107, 46.907546 ], [ -98.732638, 46.907234 ], [ -98.732137, 46.906365 ], [ -98.730836, 46.905817 ], [ -98.730336, 46.905795 ], [ -98.729869, 46.906 ], [ -98.729636, 46.906526 ], [ -98.729269, 46.906778 ], [ -98.728469, 46.906938 ], [ -98.726801, 46.906893 ], [ -98.725266, 46.906528 ], [ -98.722198, 46.906163 ], [ -98.720464, 46.906803 ], [ -98.720164, 46.906735 ], [ -98.719628, 46.90605 ], [ -98.719592, 46.905823 ], [ -98.720022, 46.905299 ], [ -98.720023, 46.904749 ], [ -98.719695, 46.904172 ], [ -98.719328, 46.90399 ], [ -98.718228, 46.904105 ], [ -98.717594, 46.903625 ], [ -98.71736, 46.903123 ], [ -98.716826, 46.902643 ], [ -98.716013, 46.902465 ], [ -98.715876, 46.901592 ], [ -98.716478, 46.900077 ], [ -98.716015, 46.899836 ], [ -98.714961, 46.899743 ], [ -98.714087, 46.899868 ], [ -98.712855, 46.899573 ], [ -98.711223, 46.899902 ], [ -98.71073, 46.899866 ], [ -98.710468, 46.899758 ], [ -98.710018, 46.899094 ], [ -98.708834, 46.899119 ], [ -98.708615, 46.898957 ], [ -98.711797, 46.897814 ], [ -98.713193, 46.896923 ], [ -98.717393, 46.891891 ], [ -98.740066, 46.892257 ], [ -98.755334, 46.892328 ], [ -98.755595, 46.892106 ], [ -98.763981, 46.892132 ], [ -98.760519, 46.89046 ], [ -98.760486, 46.888645 ], [ -98.755338, 46.888609 ], [ -98.755305, 46.884897 ], [ -98.723306, 46.884722 ], [ -98.723332, 46.883274 ], [ -98.725636, 46.883269 ], [ -98.725644, 46.881893 ], [ -98.724587, 46.881894 ], [ -98.724587, 46.878887 ], [ -98.723358, 46.878874 ], [ -98.723371, 46.877559 ], [ -98.71252, 46.877654 ], [ -98.681404, 46.877392 ], [ -98.671311, 46.877505 ], [ -98.671393, 46.888899 ], [ -98.67074, 46.88898 ], [ -98.670117, 46.889463 ], [ -98.660793, 46.884268 ], [ -98.658077, 46.883024 ], [ -98.652404, 46.881105 ], [ -98.650365, 46.879686 ], [ -98.650216, 46.880435 ], [ -98.661835, 46.887683 ], [ -98.665155, 46.890755 ], [ -98.665744, 46.890927 ], [ -98.664974, 46.891303 ], [ -98.662276, 46.89153 ], [ -98.659861, 46.891544 ], [ -98.659812, 46.890721 ], [ -98.658185, 46.890498 ], [ -98.657809, 46.888652 ], [ -98.650279, 46.888633 ], [ -98.650187, 46.884665 ], [ -98.644968, 46.884649 ], [ -98.644977, 46.881039 ], [ -98.62863, 46.881003 ], [ -98.628664, 46.892416 ], [ -98.594974, 46.892432 ], [ -98.575076, 46.89213 ], [ -98.565815, 46.892127 ], [ -98.565733, 46.883682 ], [ -98.565439, 46.877527 ], [ -98.565617, 46.863028 ], [ -98.565172, 46.809676 ], [ -98.565013, 46.808667 ], [ -98.565408, 46.806182 ], [ -98.5653, 46.804739 ], [ -98.515159, 46.80508 ], [ -98.492726, 46.80494 ], [ -98.492163, 46.805088 ], [ -98.489381, 46.805146 ], [ -98.481276, 46.805122 ], [ -98.481277, 46.804951 ], [ -98.438949, 46.805003 ], [ -98.438892, 46.790713 ], [ -98.439308, 46.747087 ], [ -98.438858, 46.689127 ], [ -98.439056, 46.63112 ], [ -98.546581, 46.630876 ] ] ] } },
{ "type": "Feature", "properties": { "district": "3", "district_int": 3 }, "geometry": { "type": "Polygon", "coordinates": [ [ [ -101.295916, 48.23246 ], [ -101.296031, 48.247273 ], [ -101.295813, 48.248342 ], [ -101.294793, 48.250152 ], [ -101.294582, 48.25132 ], [ -101.295258, 48.254464 ], [ -101.294485, 48.254504 ], [ -101.293623, 48.254842 ], [ -101.29264, 48.254418 ], [ -101.289692, 48.254429 ], [ -101.288823, 48.254236 ], [ -101.288131, 48.254421 ], [ -101.263764, 48.254287 ], [ -101.263619, 48.254448 ], [ -101.252779, 48.254465 ], [ -101.252772, 48.283473 ], [ -101.13876, 48.283701 ], [ -101.057731, 48.283509 ], [ -101.033597, 48.283509 ], [ -101.032773, 48.283638 ], [ -101.03162, 48.283488 ], [ -101.026812, 48.283357 ], [ -101.0252, 48.283479 ], [ -101.014257, 48.283466 ], [ -101.014553, 48.166284 ], [ -101.014727, 48.15725 ], [ -101.014449, 48.15185 ], [ -101.014831, 48.132792 ], [ -101.014671, 48.125946 ], [ -101.014783, 48.109544 ], [ -101.1194, 48.109707 ], [ -101.125434, 48.109485 ], [ -101.14905, 48.109673 ], [ -101.149405, 48.109782 ], [ -101.233053, 48.109757 ], [ -101.24207, 48.109782 ], [ -101.243463, 48.109921 ], [ -101.244391, 48.109806 ], [ -101.246398, 48.109967 ], [ -101.249463, 48.10981 ], [ -101.274244, 48.109982 ], [ -101.274391, 48.143648 ], [ -101.274204, 48.16906 ], [ -101.274359, 48.173123 ], [ -101.274173, 48.173737 ], [ -101.274157, 48.176513 ], [ -101.274316, 48.177087 ], [ -101.27437, 48.182252 ], [ -101.274186, 48.190542 ], [ -101.273897, 48.190729 ], [ -101.274205, 48.191667 ], [ -101.27412, 48.196475 ], [ -101.27438, 48.196802 ], [ -101.274359, 48.220967 ], [ -101.27419, 48.223998 ], [ -101.27332, 48.225374 ], [ -101.274339, 48.225468 ], [ -101.274295, 48.227701 ], [ -101.28267, 48.230614 ], [ -101.2822, 48.231183 ], [ -101.284558, 48.232254 ], [ -101.284989, 48.232656 ], [ -101.294554, 48.232649 ], [ -101.295916, 48.23246 ] ] ] } },
{ "type": "Feature", "properties": { "district": "30", "district_int": 30 }, "geometry": { "type": "Polygon", "coordinates": [ [ [ -100.72835, 46.655764 ], [ -100.733227, 46.656662 ], [ -100.736897, 46.658015 ], [ -100.74013, 46.659797 ], [ -100.744056, 46.662363 ], [ -100.745215, 46.663845 ], [ -100.745458, 46.665785 ], [ -100.744986, 46.668293 ], [ -100.744078, 46.670675 ], [ -100.742652, 46.67286 ], [ -100.73843, 46.676416 ], [ -100.737977, 46.678014 ], [ -100.738274, 46.680404 ], [ -100.739783, 46.684614 ], [ -100.742741, 46.688742 ], [ -100.743859, 46.689854 ], [ -100.745423, 46.690979 ], [ -100.748293, 46.692546 ], [ -100.749682, 46.693027 ], [ -100.751404, 46.69304 ], [ -100.756242, 46.691899 ], [ -100.769661, 46.687263 ], [ -100.772696, 46.686797 ], [ -100.778156, 46.686486 ], [ -100.782504, 46.68733 ], [ -100.784153, 46.688005 ], [ -100.787809, 46.69063 ], [ -100.788768, 46.691701 ], [ -100.790432, 46.696357 ], [ -100.790698, 46.698028 ], [ -100.792227, 46.703196 ], [ -100.7935, 46.7067 ], [ -100.795814, 46.712043 ], [ -100.797939, 46.715594 ], [ -100.79745, 46.716554 ], [ -100.795863, 46.717447 ], [ -100.793756, 46.718084 ], [ -100.790978, 46.718763 ], [ -100.7886, 46.719161 ], [ -100.785524, 46.719351 ], [ -100.782034, 46.719275 ], [ -100.779942, 46.719491 ], [ -100.778478, 46.720029 ], [ -100.775956, 46.721575 ], [ -100.775081, 46.722491 ], [ -100.774952, 46.724802 ], [ -100.774015, 46.72742 ], [ -100.773873, 46.728734 ], [ -100.774334, 46.730613 ], [ -100.77522, 46.73236 ], [ -100.777014, 46.734631 ], [ -100.779477, 46.736571 ], [ -100.780505, 46.736975 ], [ -100.782905, 46.73733 ], [ -100.7852, 46.73723 ], [ -100.787736, 46.736637 ], [ -100.789389, 46.736429 ], [ -100.790448, 46.736508 ], [ -100.791158, 46.736332 ], [ -100.79374, 46.736637 ], [ -100.794896, 46.737089 ], [ -100.798512, 46.736272 ], [ -100.803278, 46.735575 ], [ -100.805577, 46.735471 ], [ -100.809534, 46.735576 ], [ -100.813419, 46.736197 ], [ -100.817587, 46.737363 ], [ -100.821932, 46.739331 ], [ -100.828282, 46.742755 ], [ -100.830341, 46.744233 ], [ -100.833483, 46.747326 ], [ -100.834782, 46.749131 ], [ -100.836301, 46.757169 ], [ -100.836729, 46.758276 ], [ -100.838865, 46.762014 ], [ -100.839414, 46.763776 ], [ -100.839216, 46.766546 ], [ -100.837797, 46.769193 ], [ -100.835233, 46.772001 ], [ -100.833692, 46.773321 ], [ -100.831754, 46.774313 ], [ -100.830061, 46.77606 ], [ -100.829115, 46.777998 ], [ -100.826353, 46.781032 ], [ -100.824644, 46.783864 ], [ -100.822355, 46.786801 ], [ -100.821592, 46.788197 ], [ -100.820081, 46.790242 ], [ -100.819257, 46.791935 ], [ -100.818876, 46.793606 ], [ -100.818983, 46.794697 ], [ -100.819608, 46.796444 ], [ -100.815791, 46.795504 ], [ -100.812604, 46.794986 ], [ -100.809557, 46.794802 ], [ -100.801781, 46.794833 ], [ -100.801781, 46.794205 ], [ -100.801181, 46.79304 ], [ -100.800791, 46.791464 ], [ -100.799633, 46.789582 ], [ -100.799633, 46.787452 ], [ -100.794585, 46.787435 ], [ -100.794839, 46.76571 ], [ -100.773776, 46.765713 ], [ -100.773559, 46.783905 ], [ -100.767862, 46.783961 ], [ -100.766534, 46.783749 ], [ -100.766454, 46.785716 ], [ -100.76616, 46.786299 ], [ -100.765486, 46.786792 ], [ -100.763565, 46.7875 ], [ -100.76295, 46.788398 ], [ -100.762783, 46.806215 ], [ -100.763357, 46.806222 ], [ -100.763276, 46.816478 ], [ -100.760708, 46.816519 ], [ -100.760337, 46.816884 ], [ -100.760105, 46.817524 ], [ -100.758779, 46.81777 ], [ -100.757397, 46.818557 ], [ -100.753186, 46.818631 ], [ -100.751997, 46.819206 ], [ -100.751978, 46.820921 ], [ -100.752399, 46.821728 ], [ -100.753396, 46.822735 ], [ -100.753567, 46.823567 ], [ -100.730464, 46.823549 ], [ -100.730658, 46.831234 ], [ -100.730489, 46.831234 ], [ -100.730484, 46.828869 ], [ -100.720353, 46.828869 ], [ -100.719043, 46.828612 ], [ -100.716768, 46.827479 ], [ -100.715681, 46.827157 ], [ -100.709699, 46.827072 ], [ -100.709903, 46.800218 ], [ -100.710513, 46.767677 ], [ -100.714499, 46.76768 ], [ -100.716111, 46.76689 ], [ -100.716133, 46.765631 ], [ -100.710503, 46.765642 ], [ -100.710687, 46.751119 ], [ -100.689525, 46.751009 ], [ -100.689837, 46.73656 ], [ -100.690078, 46.73373 ], [ -100.690001, 46.722109 ], [ -100.657788, 46.72188 ], [ -100.647921, 46.722006 ], [ -100.647952, 46.708471 ], [ -100.64852, 46.694165 ], [ -100.64843, 46.679706 ], [ -100.652041, 46.679898 ], [ -100.654094, 46.679531 ], [ -100.656017, 46.679029 ], [ -100.660389, 46.677319 ], [ -100.662373, 46.677033 ], [ -100.666715, 46.675637 ], [ -100.670805, 46.674661 ], [ -100.675739, 46.673736 ], [ -100.682108, 46.671094 ], [ -100.682812, 46.670501 ], [ -100.688407, 46.667051 ], [ -100.697094, 46.662468 ], [ -100.701869, 46.66048 ], [ -100.7057, 46.659472 ], [ -100.7087, 46.658445 ], [ -100.712309, 46.657439 ], [ -100.720112, 46.656235 ], [ -100.724594, 46.655738 ], [ -100.72835, 46.655764 ] ] ] } },
{ "type": "Feature", "properties": { "district": "31", "district_int": 31 }, "geometry": { "type": "Polygon", "coordinates": [ [ [ -100.72835, 46.655764 ], [ -100.724594, 46.655738 ], [ -100.720112, 46.656235 ], [ -100.712309, 46.657439 ], [ -100.7087, 46.658445 ], [ -100.7057, 46.659472 ], [ -100.701869, 46.66048 ], [ -100.697094, 46.662468 ], [ -100.695412, 46.663325 ], [ -100.688407, 46.667051 ], [ -100.682812, 46.670501 ], [ -100.682108, 46.671094 ], [ -100.679156, 46.672377 ], [ -100.675739, 46.673736 ], [ -100.670805, 46.674661 ], [ -100.666715, 46.675637 ], [ -100.662373, 46.677033 ], [ -100.660389, 46.677319 ], [ -100.656017, 46.679029 ], [ -100.654094, 46.679531 ], [ -100.652041, 46.679898 ], [ -100.646046, 46.67958 ], [ -100.643241, 46.678953 ], [ -100.641665, 46.678391 ], [ -100.64008, 46.677208 ], [ -100.639649, 46.675729 ], [ -100.639969, 46.672046 ], [ -100.641115, 46.667311 ], [ -100.641817, 46.665728 ], [ -100.64421, 46.663081 ], [ -100.646002, 46.661669 ], [ -100.648127, 46.660665 ], [ -100.65223, 46.658175 ], [ -100.655389, 46.655184 ], [ -100.659545, 46.650124 ], [ -100.661338, 46.646585 ], [ -100.662352, 46.644058 ], [ -100.663664, 46.639612 ], [ -100.662736, 46.635462 ], [ -100.661712, 46.634236 ], [ -100.660636, 46.633413 ], [ -100.656512, 46.631183 ], [ -100.653502, 46.629228 ], [ -100.651703, 46.62849 ], [ -100.641011, 46.622727 ], [ -100.637929, 46.620643 ], [ -100.634032, 46.617449 ], [ -100.629481, 46.614225 ], [ -100.6254, 46.612184 ], [ -100.601776, 46.603674 ], [ -100.584742, 46.599471 ], [ -100.568141, 46.594025 ], [ -100.561035, 46.587847 ], [ -100.561071, 46.584272 ], [ -100.565369, 46.578449 ], [ -100.571421, 46.577677 ], [ -100.576161, 46.578925 ], [ -100.580887, 46.580649 ], [ -100.585738, 46.579234 ], [ -100.587791, 46.576633 ], [ -100.587027, 46.573435 ], [ -100.576281, 46.562647 ], [ -100.571481, 46.558219 ], [ -100.56855, 46.555967 ], [ -100.557958, 46.545719 ], [ -100.544555, 46.533766 ], [ -100.544136, 46.530431 ], [ -100.545821, 46.525191 ], [ -100.550675, 46.519637 ], [ -100.558797, 46.514198 ], [ -100.562832, 46.512031 ], [ -100.570878, 46.508955 ], [ -100.574729, 46.507812 ], [ -100.578739, 46.505556 ], [ -100.583298, 46.499294 ], [ -100.584198, 46.497094 ], [ -100.586599, 46.492694 ], [ -100.589999, 46.482594 ], [ -100.590899, 46.478894 ], [ -100.591199, 46.472994 ], [ -100.592399, 46.466194 ], [ -100.598099, 46.451294 ], [ -100.598599, 46.447694 ], [ -100.598499, 46.444494 ], [ -100.597999, 46.441894 ], [ -100.597199, 46.439094 ], [ -100.595299, 46.435494 ], [ -100.594299, 46.434694 ], [ -100.591799, 46.430694 ], [ -100.589999, 46.428293 ], [ -100.590199, 46.427894 ], [ -100.588199, 46.424594 ], [ -100.585899, 46.422194 ], [ -100.580799, 46.415994 ], [ -100.577999, 46.410894 ], [ -100.573599, 46.404294 ], [ -100.568599, 46.394794 ], [ -100.563599, 46.388094 ], [ -100.559399, 46.381694 ], [ -100.557599, 46.377694 ], [ -100.556599, 46.376194 ], [ -100.556299, 46.375194 ], [ -100.555699, 46.374694 ], [ -100.555499, 46.374294 ], [ -100.551199, 46.363494 ], [ -100.550299, 46.357594 ], [ -100.549699, 46.349094 ], [ -100.549499, 46.340693 ], [ -100.548599, 46.333293 ], [ -100.548799, 46.330993 ], [ -100.549199, 46.329293 ], [ -100.553299, 46.319394 ], [ -100.559099, 46.307994 ], [ -100.562199, 46.303994 ], [ -100.5667, 46.297194 ], [ -100.5699, 46.293394 ], [ -100.5752, 46.288794 ], [ -100.5766, 46.286994 ], [ -100.581, 46.280294 ], [ -100.5816, 46.278594 ], [ -100.5817, 46.277294 ], [ -100.5815, 46.275894 ], [ -100.5809, 46.274294 ], [ -100.5798, 46.272294 ], [ -100.5786, 46.270694 ], [ -100.5664, 46.256994 ], [ -100.5644, 46.255494 ], [ -100.5594, 46.250493 ], [ -100.558549, 46.249993 ], [ -100.5582, 46.249293 ], [ -100.5582, 46.247694 ], [ -100.5576, 46.243694 ], [ -100.5576, 46.241594 ], [ -100.5588, 46.236694 ], [ -100.5612, 46.231794 ], [ -100.5621, 46.230694 ], [ -100.564501, 46.226794 ], [ -100.569001, 46.218694 ], [ -100.575301, 46.209394 ], [ -100.578001, 46.206794 ], [ -100.581502, 46.204494 ], [ -100.584402, 46.202994 ], [ -100.585402, 46.202194 ], [ -100.587602, 46.199894 ], [ -100.592202, 46.196394 ], [ -100.593002, 46.195594 ], [ -100.594402, 46.193994 ], [ -100.597402, 46.189894 ], [ -100.608503, 46.177395 ], [ -100.611903, 46.173095 ], [ -100.615303, 46.169695 ], [ -100.618303, 46.165895 ], [ -100.619703, 46.163795 ], [ -100.625404, 46.153595 ], [ -100.626135, 46.152766 ], [ -100.629145, 46.145608 ], [ -100.629364, 46.143132 ], [ -100.629275, 46.137671 ], [ -100.629015, 46.134051 ], [ -100.627952, 46.129915 ], [ -100.626329, 46.126983 ], [ -100.625404, 46.126295 ], [ -100.623004, 46.123195 ], [ -100.618904, 46.119095 ], [ -100.617204, 46.117095 ], [ -100.615304, 46.114395 ], [ -100.614604, 46.112295 ], [ -100.613904, 46.107596 ], [ -100.613904, 46.104596 ], [ -100.613604, 46.101396 ], [ -100.613704, 46.097996 ], [ -100.616304, 46.091096 ], [ -100.617104, 46.087896 ], [ -100.617004, 46.082796 ], [ -100.614504, 46.071796 ], [ -100.611804, 46.065596 ], [ -100.609804, 46.062096 ], [ -100.608004, 46.059296 ], [ -100.605904, 46.056596 ], [ -100.604404, 46.054796 ], [ -100.600804, 46.051096 ], [ -100.600005, 46.049896 ], [ -100.597705, 46.047996 ], [ -100.595105, 46.045496 ], [ -100.591305, 46.042696 ], [ -100.588705, 46.039796 ], [ -100.582205, 46.033496 ], [ -100.579205, 46.030096 ], [ -100.574605, 46.026296 ], [ -100.572905, 46.023996 ], [ -100.571205, 46.021096 ], [ -100.568905, 46.018096 ], [ -100.567805, 46.016196 ], [ -100.565005, 46.012796 ], [ -100.561905, 46.009696 ], [ -100.560205, 46.008396 ], [ -100.556605, 46.006196 ], [ -100.550005, 46.003396 ], [ -100.543005, 46.001496 ], [ -100.541005, 46.001096 ], [ -100.539605, 46.000896 ], [ -100.533105, 46.000496 ], [ -100.531254, 45.999996 ], [ -100.531003, 45.999282 ], [ -100.52764, 45.996212 ], [ -100.521885, 45.98942 ], [ -100.516556, 45.982292 ], [ -100.513943, 45.977885 ], [ -100.511038, 45.973913 ], [ -100.50876, 45.970113 ], [ -100.507026, 45.966548 ], [ -100.506772, 45.964552 ], [ -100.506719, 45.961568 ], [ -100.507681, 45.955325 ], [ -100.508837, 45.952331 ], [ -100.511809, 45.947837 ], [ -100.512061, 45.94513 ], [ -100.511949, 45.943712 ], [ -100.54903, 45.943681 ], [ -100.577032, 45.94381 ], [ -100.622886, 45.943579 ], [ -100.627633, 45.943698 ], [ -100.649018, 45.943649 ], [ -100.721111, 45.944044 ], [ -100.750596, 45.943662 ], [ -100.772181, 45.943871 ], [ -100.85759, 45.943624 ], [ -100.889876, 45.943855 ], [ -100.938385, 45.943891 ], [ -101.05888, 45.943449 ], [ -101.079451, 45.943549 ], [ -101.113694, 45.944083 ], [ -101.128372, 45.943883 ], [ -101.175296, 45.94402 ], [ -101.205771, 45.943928 ], [ -101.218703, 45.944056 ], [ -101.241726, 45.943987 ], [ -101.250238, 45.944186 ], [ -101.287197, 45.944008 ], [ -101.332033, 45.944157 ], [ -101.354892, 45.944034 ], [ -101.366749, 45.944238 ], [ -101.368469, 45.944127 ], [ -101.373605, 45.944218 ], [ -101.429901, 45.943814 ], [ -101.476079, 45.944006 ], [ -101.499808, 45.944302 ], [ -101.500469, 45.944117 ], [ -101.52153, 45.944043 ], [ -101.529718, 45.944175 ], [ -101.61946, 45.944289 ], [ -101.62481, 45.944391 ], [ -101.639244, 45.94426 ], [ -101.666796, 45.944316 ], [ -101.680179, 45.944165 ], [ -101.683677, 45.944331 ], [ -101.726817, 45.944277 ], [ -101.752404, 45.944443 ], [ -101.786099, 45.944341 ], [ -101.886874, 45.944845 ], [ -101.93921, 45.944461 ], [ -101.945977, 45.944575 ], [ -101.976763, 45.944529 ], [ -101.998733, 45.944653 ], [ -101.998618, 46.003293 ], [ -101.99833, 46.030802 ], [ -101.998326, 46.074994 ], [ -101.998029, 46.08951 ], [ -101.998123, 46.103315 ], [ -101.998338, 46.104029 ], [ -101.998128, 46.10695 ], [ -101.998328, 46.133074 ], [ -101.997853, 46.206741 ], [ -101.997908, 46.283631 ], [ -102.014596, 46.283674 ], [ -102.015899, 46.283473 ], [ -102.018945, 46.283449 ], [ -102.028659, 46.283677 ], [ -102.080212, 46.283602 ], [ -102.081206, 46.283314 ], [ -102.124284, 46.283789 ], [ -102.130425, 46.283573 ], [ -102.143412, 46.283561 ], [ -102.143835, 46.283487 ], [ -102.143841, 46.28318 ], [ -102.151654, 46.283655 ], [ -102.152444, 46.283531 ], [ -102.163898, 46.283552 ], [ -102.164444, 46.283423 ], [ -102.172192, 46.283632 ], [ -102.204171, 46.283653 ], [ -102.260947, 46.284074 ], [ -102.268005, 46.284103 ], [ -102.268373, 46.283957 ], [ -102.273151, 46.283939 ], [ -102.297151, 46.284115 ], [ -102.310323, 46.284503 ], [ -102.310446, 46.284211 ], [ -102.374222, 46.284015 ], [ -102.391401, 46.283831 ], [ -102.40141, 46.28383 ], [ -102.401722, 46.283982 ], [ -102.402311, 46.283832 ], [ -102.433401, 46.283699 ], [ -102.455792, 46.283439 ], [ -102.566009, 46.28275 ], [ -102.568362, 46.282839 ], [ -102.569631, 46.28388 ], [ -102.570658, 46.283103 ], [ -102.571665, 46.282805 ], [ -102.572681, 46.28274 ], [ -102.64959, 46.28259 ], [ -102.650363, 46.282913 ], [ -102.650985, 46.282643 ], [ -102.651719, 46.282614 ], [ -102.6737, 46.282526 ], [ -102.67454, 46.335321 ], [ -102.675585, 46.369474 ], [ -102.67542, 46.373389 ], [ -102.675866, 46.437498 ], [ -102.676237, 46.456693 ], [ -102.646448, 46.456525 ], [ -102.629351, 46.456608 ], [ -102.614167, 46.456493 ], [ -102.613759, 46.456346 ], [ -102.611645, 46.456325 ], [ -102.544664, 46.456668 ], [ -102.455893, 46.457407 ], [ -102.422997, 46.457484 ], [ -102.423025, 46.478761 ], [ -102.422753, 46.486904 ], [ -102.422764, 46.610396 ], [ -102.422935, 46.629997 ], [ -102.37545, 46.630086 ], [ -102.327449, 46.630426 ], [ -102.318348, 46.630376 ], [ -102.297725, 46.630611 ], [ -102.296108, 46.630513 ], [ -102.260449, 46.630636 ], [ -102.260057, 46.630744 ], [ -102.221504, 46.630996 ], [ -102.219967, 46.630849 ], [ -102.214934, 46.630991 ], [ -102.204644, 46.630878 ], [ -102.18193, 46.631044 ], [ -102.169898, 46.630931 ], [ -102.096744, 46.631026 ], [ -102.096143, 46.674549 ], [ -102.096142, 46.687713 ], [ -102.096395, 46.68895 ], [ -102.096432, 46.703357 ], [ -102.09624, 46.717772 ], [ -102.083042, 46.717868 ], [ -102.06806, 46.717734 ], [ -102.027303, 46.717824 ], [ -101.979031, 46.717702 ], [ -101.87731, 46.717846 ], [ -101.842223, 46.717631 ], [ -101.802387, 46.717929 ], [ -101.800797, 46.71779 ], [ -101.777828, 46.717722 ], [ -101.718228, 46.717834 ], [ -101.718133, 46.703884 ], [ -101.718287, 46.703363 ], [ -101.718322, 46.699269 ], [ -101.718557, 46.634577 ], [ -101.718459, 46.631256 ], [ -101.718105, 46.630999 ], [ -101.613526, 46.630905 ], [ -101.500425, 46.630494 ], [ -101.487186, 46.630665 ], [ -101.468661, 46.630583 ], [ -101.467557, 46.630703 ], [ -101.463122, 46.63056 ], [ -101.406002, 46.630495 ], [ -101.309198, 46.630533 ], [ -101.308893, 46.632962 ], [ -101.309412, 46.656819 ], [ -101.309091, 46.657695 ], [ -101.308584, 46.658359 ], [ -101.307336, 46.659091 ], [ -101.305549, 46.659407 ], [ -101.281744, 46.659202 ], [ -101.280404, 46.659509 ], [ -101.279144, 46.66015 ], [ -101.278378, 46.66089 ], [ -101.277961, 46.661799 ], [ -101.279061, 46.731766 ], [ -101.279148, 46.748154 ], [ -101.28068, 46.791076 ], [ -101.280919, 46.802649 ], [ -101.280851, 46.818508 ], [ -101.260227, 46.818453 ], [ -101.260014, 46.849601 ], [ -101.253214, 46.851181 ], [ -101.253439, 46.85196 ], [ -101.252705, 46.853011 ], [ -101.253204, 46.853719 ], [ -101.254968, 46.855091 ], [ -101.255733, 46.856005 ], [ -101.255799, 46.856485 ], [ -101.255565, 46.856851 ], [ -101.254866, 46.85685 ], [ -101.2541, 46.856576 ], [ -101.253134, 46.856552 ], [ -101.252202, 46.856301 ], [ -101.250778, 46.855339 ], [ -101.249606, 46.855154 ], [ -101.24864, 46.855178 ], [ -101.248141, 46.855818 ], [ -101.248909, 46.857165 ], [ -101.248743, 46.858308 ], [ -101.249077, 46.858605 ], [ -101.250419, 46.858686 ], [ -101.253865, 46.858495 ], [ -101.254831, 46.858678 ], [ -101.255164, 46.858884 ], [ -101.255163, 46.85925 ], [ -101.254729, 46.8603 ], [ -101.254796, 46.860529 ], [ -101.255195, 46.860735 ], [ -101.255895, 46.86053 ], [ -101.256562, 46.859547 ], [ -101.257295, 46.858954 ], [ -101.258161, 46.85884 ], [ -101.259094, 46.859229 ], [ -101.259026, 46.860005 ], [ -101.259259, 46.860211 ], [ -101.26239, 46.860829 ], [ -101.26269, 46.861058 ], [ -101.262356, 46.861515 ], [ -101.261656, 46.861789 ], [ -101.26029, 46.86204 ], [ -101.259957, 46.862245 ], [ -101.259842, 46.863241 ], [ -101.246626, 46.862048 ], [ -101.242161, 46.861865 ], [ -101.218569, 46.862235 ], [ -101.218571, 46.862474 ], [ -101.213626, 46.862616 ], [ -101.209265, 46.862998 ], [ -101.197726, 46.864589 ], [ -101.192862, 46.864765 ], [ -101.187545, 46.864159 ], [ -101.18533, 46.863629 ], [ -101.179666, 46.861916 ], [ -101.177426, 46.861414 ], [ -101.175256, 46.86109 ], [ -101.171921, 46.860879 ], [ -101.152562, 46.86107 ], [ -101.137403, 46.862427 ], [ -101.108469, 46.862647 ], [ -101.075166, 46.865482 ], [ -101.072215, 46.865424 ], [ -101.050629, 46.86356 ], [ -101.04088, 46.862891 ], [ -100.987172, 46.863458 ], [ -100.987175, 46.863927 ], [ -100.9661, 46.864254 ], [ -100.954939, 46.864245 ], [ -100.95487, 46.871533 ], [ -100.933324, 46.871686 ], [ -100.933351, 46.869377 ], [ -100.933166, 46.868696 ], [ -100.930567, 46.864268 ], [ -100.930772, 46.863777 ], [ -100.924235, 46.858806 ], [ -100.920967, 46.853151 ], [ -100.920219, 46.852359 ], [ -100.912756, 46.847922 ], [ -100.911207, 46.847445 ], [ -100.907349, 46.847151 ], [ -100.906676, 46.846821 ], [ -100.905793, 46.847289 ], [ -100.90647, 46.8473 ], [ -100.906773, 46.847597 ], [ -100.906994, 46.850153 ], [ -100.902119, 46.850216 ], [ -100.902034, 46.844493 ], [ -100.899168, 46.843705 ], [ -100.899271, 46.843513 ], [ -100.896232, 46.843027 ], [ -100.878686, 46.843241 ], [ -100.878442, 46.843139 ], [ -100.871111, 46.843395 ], [ -100.871355, 46.84395 ], [ -100.870176, 46.84396 ], [ -100.871337, 46.847071 ], [ -100.870411, 46.847076 ], [ -100.869366, 46.845193 ], [ -100.868937, 46.844816 ], [ -100.868073, 46.843434 ], [ -100.861404, 46.843472 ], [ -100.858566, 46.84023 ], [ -100.853668, 46.836087 ], [ -100.841628, 46.828 ], [ -100.832087, 46.820532 ], [ -100.828907, 46.819393 ], [ -100.826507, 46.818193 ], [ -100.818944, 46.807904 ], [ -100.821525, 46.807393 ], [ -100.823412, 46.807351 ], [ -100.829136, 46.808165 ], [ -100.832596, 46.809339 ], [ -100.86621, 46.826433 ], [ -100.868762, 46.827013 ], [ -100.870065, 46.827551 ], [ -100.87073, 46.828136 ], [ -100.871054, 46.828965 ], [ -100.868681, 46.82933 ], [ -100.868491, 46.829905 ], [ -100.869206, 46.83355 ], [ -100.869986, 46.833553 ], [ -100.871072, 46.835221 ], [ -100.874282, 46.837881 ], [ -100.892863, 46.841261 ], [ -100.892802, 46.837721 ], [ -100.892403, 46.835814 ], [ -100.905126, 46.835742 ], [ -100.905375, 46.835865 ], [ -100.906509, 46.835667 ], [ -100.907265, 46.835877 ], [ -100.907411, 46.835704 ], [ -100.909252, 46.835654 ], [ -100.910002, 46.835689 ], [ -100.910398, 46.835925 ], [ -100.911212, 46.835839 ], [ -100.911163, 46.835622 ], [ -100.923221, 46.8354 ], [ -100.923195, 46.828534 ], [ -100.912812, 46.828389 ], [ -100.912808, 46.827988 ], [ -100.912549, 46.82799 ], [ -100.912483, 46.824493 ], [ -100.911767, 46.824572 ], [ -100.911555, 46.82417 ], [ -100.912654, 46.824049 ], [ -100.912529, 46.823335 ], [ -100.913202, 46.822565 ], [ -100.904864, 46.823695 ], [ -100.904764, 46.815703 ], [ -100.90569, 46.806787 ], [ -100.884286, 46.806916 ], [ -100.884393, 46.80299 ], [ -100.884044, 46.802769 ], [ -100.883065, 46.802769 ], [ -100.883065, 46.801985 ], [ -100.884044, 46.802087 ], [ -100.884185, 46.80169 ], [ -100.88392, 46.800952 ], [ -100.882587, 46.800098 ], [ -100.881167, 46.800712 ], [ -100.880509, 46.800716 ], [ -100.880498, 46.800178 ], [ -100.878824, 46.800183 ], [ -100.878578, 46.79969 ], [ -100.874732, 46.799785 ], [ -100.874562, 46.798966 ], [ -100.873986, 46.798805 ], [ -100.873696, 46.798497 ], [ -100.873642, 46.797312 ], [ -100.8733, 46.796856 ], [ -100.872513, 46.7973 ], [ -100.872265, 46.798077 ], [ -100.871873, 46.798559 ], [ -100.87261, 46.799142 ], [ -100.87282, 46.799792 ], [ -100.87398, 46.799788 ], [ -100.874005, 46.802372 ], [ -100.872841, 46.802398 ], [ -100.872818, 46.800728 ], [ -100.871509, 46.800754 ], [ -100.871528, 46.803213 ], [ -100.872871, 46.803201 ], [ -100.872952, 46.804023 ], [ -100.871566, 46.804037 ], [ -100.871593, 46.805543 ], [ -100.873063, 46.805541 ], [ -100.87308, 46.806965 ], [ -100.868706, 46.807053 ], [ -100.868028, 46.807356 ], [ -100.865307, 46.804816 ], [ -100.859885, 46.797893 ], [ -100.857558, 46.79209 ], [ -100.857431, 46.79093 ], [ -100.857752, 46.789657 ], [ -100.856941, 46.78944 ], [ -100.856452, 46.789121 ], [ -100.853506, 46.783839 ], [ -100.851288, 46.7806 ], [ -100.850382, 46.776063 ], [ -100.848015, 46.771222 ], [ -100.847902, 46.76929 ], [ -100.84877, 46.767712 ], [ -100.848786, 46.767018 ], [ -100.844834, 46.763123 ], [ -100.83887, 46.749374 ], [ -100.838777, 46.748579 ], [ -100.839387, 46.74764 ], [ -100.838177, 46.746792 ], [ -100.837064, 46.745365 ], [ -100.832275, 46.734812 ], [ -100.829276, 46.734801 ], [ -100.827911, 46.735002 ], [ -100.813824, 46.734764 ], [ -100.803278, 46.735575 ], [ -100.798512, 46.736272 ], [ -100.794896, 46.737089 ], [ -100.79374, 46.736637 ], [ -100.791158, 46.736332 ], [ -100.790448, 46.736508 ], [ -100.789389, 46.736429 ], [ -100.787736, 46.736637 ], [ -100.786333, 46.737014 ], [ -100.784105, 46.737339 ], [ -100.781712, 46.737228 ], [ -100.780505, 46.736975 ], [ -100.779477, 46.736571 ], [ -100.777014, 46.734631 ], [ -100.77522, 46.73236 ], [ -100.774334, 46.730613 ], [ -100.773873, 46.728734 ], [ -100.774015, 46.72742 ], [ -100.774952, 46.724802 ], [ -100.775081, 46.722491 ], [ -100.775956, 46.721575 ], [ -100.778478, 46.720029 ], [ -100.779942, 46.719491 ], [ -100.782034, 46.719275 ], [ -100.785524, 46.719351 ], [ -100.7886, 46.719161 ], [ -100.790978, 46.718763 ], [ -100.793756, 46.718084 ], [ -100.795863, 46.717447 ], [ -100.79745, 46.716554 ], [ -100.797939, 46.715594 ], [ -100.795814, 46.712043 ], [ -100.7935, 46.7067 ], [ -100.792227, 46.703196 ], [ -100.790698, 46.698028 ], [ -100.790432, 46.696357 ], [ -100.788768, 46.691701 ], [ -100.787809, 46.69063 ], [ -100.784153, 46.688005 ], [ -100.782504, 46.68733 ], [ -100.778156, 46.686486 ], [ -100.772696, 46.686797 ], [ -100.769661, 46.687263 ], [ -100.756242, 46.691899 ], [ -100.751404, 46.69304 ], [ -100.749682, 46.693027 ], [ -100.748293, 46.692546 ], [ -100.745423, 46.690979 ], [ -100.743859, 46.689854 ], [ -100.742741, 46.688742 ], [ -100.739783, 46.684614 ], [ -100.738274, 46.680404 ], [ -100.737977, 46.678014 ], [ -100.73843, 46.676416 ], [ -100.742652, 46.67286 ], [ -100.744078, 46.670675 ], [ -100.744986, 46.668293 ], [ -100.745458, 46.665785 ], [ -100.745215, 46.663845 ], [ -100.744056, 46.662363 ], [ -100.74013, 46.659797 ], [ -100.736897, 46.658015 ], [ -100.733227, 46.656662 ], [ -100.72835, 46.655764 ] ] ] } },
{ "type": "Feature", "properties": { "district": "32", "district_int": 32 }, "geometry": { "type": "Polygon", "coordinates": [ [ [ -100.810025, 46.794814 ], [ -100.814231, 46.795213 ], [ -100.819608, 46.796444 ], [ -100.819685, 46.797596 ], [ -100.817411, 46.805195 ], [ -100.817792, 46.806225 ], [ -100.819015, 46.808008 ], [ -100.813575, 46.809075 ], [ -100.803751, 46.80901 ], [ -100.801887, 46.808719 ], [ -100.801853, 46.8119 ], [ -100.80031, 46.811872 ], [ -100.800296, 46.817273 ], [ -100.794186, 46.817187 ], [ -100.794259, 46.811787 ], [ -100.790569, 46.811742 ], [ -100.790699, 46.80653 ], [ -100.778533, 46.806404 ], [ -100.778356, 46.81397 ], [ -100.763278, 46.813926 ], [ -100.763357, 46.806222 ], [ -100.762783, 46.806215 ], [ -100.76298, 46.788255 ], [ -100.76365, 46.787446 ], [ -100.765486, 46.786792 ], [ -100.76616, 46.786299 ], [ -100.766454, 46.785716 ], [ -100.766534, 46.783749 ], [ -100.767862, 46.783961 ], [ -100.773559, 46.783905 ], [ -100.773776, 46.765713 ], [ -100.794839, 46.76571 ], [ -100.794585, 46.787435 ], [ -100.799633, 46.787476 ], [ -100.799633, 46.789582 ], [ -100.800791, 46.791464 ], [ -100.801181, 46.79304 ], [ -100.801781, 46.794205 ], [ -100.801781, 46.794833 ], [ -100.810025, 46.794814 ] ] ] } },
{ "type": "Feature", "properties": { "district": "33", "district_int": 33 }, "geometry": { "type": "Polygon", "coordinates": [ [ [ -101.65546, 46.981156 ], [ -101.870411, 46.981259 ], [ -101.91244, 46.981397 ], [ -101.933798, 46.981278 ], [ -102.055046, 46.981238 ], [ -102.144878, 46.981425 ], [ -102.144352, 47.1693 ], [ -102.144654, 47.24156 ], [ -102.144398, 47.299512 ], [ -102.14425, 47.299911 ], [ -102.144453, 47.328079 ], [ -102.205556, 47.328071 ], [ -102.205752, 47.370925 ], [ -102.205456, 47.400378 ], [ -102.205556, 47.429287 ], [ -102.205341, 47.45804 ], [ -102.205555, 47.479911 ], [ -102.136602, 47.479562 ], [ -102.125419, 47.479316 ], [ -102.109836, 47.479964 ], [ -102.09933, 47.480025 ], [ -102.099344, 47.476389 ], [ -102.072885, 47.47614 ], [ -102.068572, 47.476284 ], [ -102.043364, 47.476111 ], [ -102.035784, 47.476175 ], [ -102.035777, 47.472427 ], [ -102.024579, 47.472642 ], [ -101.993162, 47.472417 ], [ -101.993149, 47.467415 ], [ -101.992889, 47.465937 ], [ -101.992584, 47.465898 ], [ -101.940054, 47.465879 ], [ -101.940091, 47.457885 ], [ -101.90747, 47.457921 ], [ -101.869587, 47.477958 ], [ -101.835827, 47.495474 ], [ -101.832848, 47.494802 ], [ -101.830648, 47.494602 ], [ -101.823848, 47.494402 ], [ -101.820948, 47.494902 ], [ -101.817148, 47.495902 ], [ -101.813848, 47.496502 ], [ -101.812048, 47.497002 ], [ -101.810148, 47.497702 ], [ -101.808448, 47.498602 ], [ -101.805648, 47.499702 ], [ -101.804497, 47.500002 ], [ -101.801196, 47.501968 ], [ -101.797527, 47.503768 ], [ -101.789707, 47.506133 ], [ -101.750447, 47.525096 ], [ -101.746956, 47.526912 ], [ -101.741827, 47.529229 ], [ -101.733725, 47.532171 ], [ -101.707537, 47.538278 ], [ -101.697637, 47.539019 ], [ -101.69418, 47.538613 ], [ -101.685444, 47.538004 ], [ -101.6747, 47.536499 ], [ -101.66474, 47.534632 ], [ -101.641696, 47.528379 ], [ -101.63793, 47.527589 ], [ -101.634997, 47.527615 ], [ -101.630814, 47.528553 ], [ -101.626571, 47.529119 ], [ -101.625444, 47.528846 ], [ -101.618268, 47.52863 ], [ -101.611423, 47.52879 ], [ -101.604269, 47.529956 ], [ -101.596188, 47.531011 ], [ -101.577908, 47.534053 ], [ -101.570967, 47.535564 ], [ -101.564453, 47.537518 ], [ -101.561017, 47.537946 ], [ -101.555691, 47.539834 ], [ -101.553609, 47.541373 ], [ -101.549971, 47.542769 ], [ -101.542623, 47.544447 ], [ -101.53713, 47.545875 ], [ -101.534359, 47.54648 ], [ -101.528997, 47.547287 ], [ -101.522896, 47.548585 ], [ -101.518306, 47.549811 ], [ -101.512537, 47.550988 ], [ -101.509099, 47.552253 ], [ -101.500441, 47.555813 ], [ -101.498705, 47.556353 ], [ -101.490899, 47.556668 ], [ -101.487682, 47.555961 ], [ -101.479654, 47.555414 ], [ -101.473219, 47.556996 ], [ -101.45417, 47.563159 ], [ -101.446536, 47.564375 ], [ -101.436521, 47.564157 ], [ -101.428037, 47.561986 ], [ -101.421441, 47.557989 ], [ -101.417397, 47.554707 ], [ -101.375437, 47.578037 ], [ -101.3563, 47.588879 ], [ -101.339957, 47.589044 ], [ -101.260154, 47.589037 ], [ -101.259928, 47.564921 ], [ -101.259385, 47.562869 ], [ -101.258072, 47.561017 ], [ -101.255989, 47.559418 ], [ -101.249587, 47.555995 ], [ -101.24966, 47.555733 ], [ -101.230633, 47.545521 ], [ -101.230205, 47.545478 ], [ -101.227354, 47.5438 ], [ -101.227325, 47.542613 ], [ -101.219126, 47.538237 ], [ -101.216965, 47.538362 ], [ -101.214616, 47.537234 ], [ -101.202062, 47.530565 ], [ -101.19967, 47.529039 ], [ -101.187321, 47.519366 ], [ -101.185442, 47.517591 ], [ -101.159498, 47.484651 ], [ -101.157445, 47.48229 ], [ -101.154595, 47.480034 ], [ -101.127657, 47.461194 ], [ -101.125449, 47.459286 ], [ -101.123946, 47.457502 ], [ -101.122922, 47.455928 ], [ -101.122246, 47.454389 ], [ -101.12175, 47.452796 ], [ -101.121517, 47.451128 ], [ -101.121505, 47.43527 ], [ -101.121127, 47.432961 ], [ -101.120272, 47.430751 ], [ -101.117691, 47.425379 ], [ -101.111358, 47.416795 ], [ -101.109726, 47.41377 ], [ -101.106695, 47.404595 ], [ -101.105063, 47.400528 ], [ -101.100045, 47.386333 ], [ -101.100465, 47.386533 ], [ -101.099216, 47.382989 ], [ -101.099674, 47.382866 ], [ -101.099786, 47.382171 ], [ -101.099734, 47.373695 ], [ -101.098152, 47.373704 ], [ -101.097378, 47.37352 ], [ -101.096673, 47.373039 ], [ -101.096308, 47.371448 ], [ -101.094859, 47.371401 ], [ -101.091861, 47.367538 ], [ -101.082973, 47.356897 ], [ -101.082586, 47.356901 ], [ -101.079885, 47.353428 ], [ -101.078913, 47.351448 ], [ -101.078219, 47.348694 ], [ -101.078162, 47.333521 ], [ -101.077385, 47.330058 ], [ -101.075693, 47.327103 ], [ -101.063139, 47.310082 ], [ -101.062369, 47.309263 ], [ -101.059715, 47.307269 ], [ -101.057922, 47.306311 ], [ -101.055591, 47.3054 ], [ -101.053111, 47.30471 ], [ -101.05148, 47.304428 ], [ -101.045416, 47.303948 ], [ -101.045425, 47.305606 ], [ -101.035586, 47.305582 ], [ -101.035657, 47.304132 ], [ -101.030833, 47.302018 ], [ -101.01896, 47.301982 ], [ -101.019073, 47.294721 ], [ -101.013371, 47.294712 ], [ -101.013301, 47.287498 ], [ -101.010589, 47.287341 ], [ -101.006891, 47.286748 ], [ -101.005553, 47.2868 ], [ -101.002159, 47.287446 ], [ -100.972835, 47.287566 ], [ -100.971305, 47.287437 ], [ -100.968339, 47.286436 ], [ -100.966451, 47.286186 ], [ -100.965345, 47.286297 ], [ -100.96205, 47.287334 ], [ -100.960677, 47.287556 ], [ -100.874961, 47.287453 ], [ -100.749131, 47.287901 ], [ -100.749, 47.242904 ], [ -100.749259, 47.177387 ], [ -100.749492, 47.175256 ], [ -100.74926, 47.174936 ], [ -100.74937, 47.157245 ], [ -100.772847, 47.157209 ], [ -100.775688, 47.157645 ], [ -100.776973, 47.157997 ], [ -100.779509, 47.159544 ], [ -100.779859, 47.159591 ], [ -100.781084, 47.16049 ], [ -100.782145, 47.160404 ], [ -100.784419, 47.164316 ], [ -100.784832, 47.164318 ], [ -100.785027, 47.164651 ], [ -100.789356, 47.164637 ], [ -100.789364, 47.164876 ], [ -100.789788, 47.164877 ], [ -100.791482, 47.164872 ], [ -100.791472, 47.164278 ], [ -100.794026, 47.164265 ], [ -100.794035, 47.157417 ], [ -100.794292, 47.157412 ], [ -100.794295, 47.157251 ], [ -100.794023, 47.157243 ], [ -100.794024, 47.157124 ], [ -100.926222, 47.15694 ], [ -100.96544, 47.157134 ], [ -100.963854, 47.155129 ], [ -100.960517, 47.152192 ], [ -100.957217, 47.150392 ], [ -100.953717, 47.148692 ], [ -100.953017, 47.148492 ], [ -100.948817, 47.145092 ], [ -100.946616, 47.142692 ], [ -100.944716, 47.139492 ], [ -100.943016, 47.134892 ], [ -100.942616, 47.133092 ], [ -100.942216, 47.132392 ], [ -100.939741, 47.12365 ], [ -100.939795, 47.121129 ], [ -100.939626, 47.119955 ], [ -100.93986, 47.119041 ], [ -100.939558, 47.115224 ], [ -100.9381, 47.105798 ], [ -100.937483, 47.093629 ], [ -100.935808, 47.089563 ], [ -100.930366, 47.082455 ], [ -100.925455, 47.076898 ], [ -100.919706, 47.072415 ], [ -100.912598, 47.06751 ], [ -100.907763, 47.064656 ], [ -100.902012, 47.060229 ], [ -100.892772, 47.054658 ], [ -100.888067, 47.050927 ], [ -100.884241, 47.047284 ], [ -100.880959, 47.042169 ], [ -100.880406, 47.040207 ], [ -100.87861, 47.038264 ], [ -100.878371, 47.035978 ], [ -100.879007, 47.033796 ], [ -100.879186, 47.026838 ], [ -100.879741, 47.022167 ], [ -100.880487, 47.019413 ], [ -100.882172, 47.015115 ], [ -100.895729, 47.002713 ], [ -100.901635, 46.999991 ], [ -100.910443, 46.997126 ], [ -100.917211, 46.995386 ], [ -100.923339, 46.993008 ], [ -100.92839, 46.990395 ], [ -100.932653, 46.987312 ], [ -100.935983, 46.98284 ], [ -100.93843, 46.977757 ], [ -100.939209, 46.972727 ], [ -100.938028, 46.969239 ], [ -100.933367, 46.964408 ], [ -100.912284, 46.953164 ], [ -100.909195, 46.950915 ], [ -100.907675, 46.948667 ], [ -100.906252, 46.944508 ], [ -100.90532, 46.940147 ], [ -100.905171, 46.937129 ], [ -100.904043, 46.93126 ], [ -100.903895, 46.927839 ], [ -100.904579, 46.922977 ], [ -100.906926, 46.914427 ], [ -100.907478, 46.908674 ], [ -100.908001, 46.90762 ], [ -100.908196, 46.905608 ], [ -100.907902, 46.904367 ], [ -100.905795, 46.899838 ], [ -100.903736, 46.896751 ], [ -100.885557, 46.876507 ], [ -100.884347, 46.874992 ], [ -100.884532, 46.874967 ], [ -100.875458, 46.865139 ], [ -100.863647, 46.846501 ], [ -100.861404, 46.843472 ], [ -100.868073, 46.843434 ], [ -100.868937, 46.844816 ], [ -100.869366, 46.845193 ], [ -100.870411, 46.847076 ], [ -100.871337, 46.847071 ], [ -100.870176, 46.84396 ], [ -100.871355, 46.84395 ], [ -100.871111, 46.843395 ], [ -100.878442, 46.843139 ], [ -100.878686, 46.843241 ], [ -100.896232, 46.843027 ], [ -100.897448, 46.843132 ], [ -100.899271, 46.843513 ], [ -100.899168, 46.843705 ], [ -100.902034, 46.844493 ], [ -100.902119, 46.850216 ], [ -100.906994, 46.850153 ], [ -100.906773, 46.847597 ], [ -100.90647, 46.8473 ], [ -100.905793, 46.847289 ], [ -100.906676, 46.846821 ], [ -100.907349, 46.847151 ], [ -100.911207, 46.847445 ], [ -100.912756, 46.847922 ], [ -100.920219, 46.852359 ], [ -100.920967, 46.853151 ], [ -100.924235, 46.858806 ], [ -100.930772, 46.863777 ], [ -100.930567, 46.864268 ], [ -100.933166, 46.868696 ], [ -100.933351, 46.869377 ], [ -100.933324, 46.871686 ], [ -100.95487, 46.871533 ], [ -100.954939, 46.864245 ], [ -100.9661, 46.864254 ], [ -100.987175, 46.863927 ], [ -100.987172, 46.863458 ], [ -101.04088, 46.862891 ], [ -101.050629, 46.86356 ], [ -101.072215, 46.865424 ], [ -101.075166, 46.865482 ], [ -101.108469, 46.862647 ], [ -101.137403, 46.862427 ], [ -101.152562, 46.86107 ], [ -101.171921, 46.860879 ], [ -101.175256, 46.86109 ], [ -101.177426, 46.861414 ], [ -101.179666, 46.861916 ], [ -101.18533, 46.863629 ], [ -101.187545, 46.864159 ], [ -101.191797, 46.864718 ], [ -101.194691, 46.864754 ], [ -101.197726, 46.864589 ], [ -101.211751, 46.86274 ], [ -101.218571, 46.862474 ], [ -101.218569, 46.862235 ], [ -101.243702, 46.861903 ], [ -101.261806, 46.863324 ], [ -101.264772, 46.86313 ], [ -101.27626, 46.861276 ], [ -101.281604, 46.861147 ], [ -101.281885, 46.875087 ], [ -101.281853, 46.876405 ], [ -101.281351, 46.879331 ], [ -101.281984, 46.883179 ], [ -101.282718, 46.981017 ], [ -101.388975, 46.981071 ], [ -101.401078, 46.98111 ], [ -101.402149, 46.981286 ], [ -101.406778, 46.981107 ], [ -101.431255, 46.981057 ], [ -101.568423, 46.981298 ], [ -101.6084, 46.98117 ], [ -101.644902, 46.981279 ], [ -101.65546, 46.981156 ] ] ] } },
{ "type": "Feature", "properties": { "district": "34", "district_int": 34 }, "geometry": { "type": "Polygon", "coordinates": [ [ [ -100.904876, 46.814599 ], [ -100.904864, 46.823695 ], [ -100.913202, 46.822565 ], [ -100.912529, 46.823335 ], [ -100.912654, 46.824049 ], [ -100.911555, 46.82417 ], [ -100.911767, 46.824572 ], [ -100.912483, 46.824493 ], [ -100.912549, 46.82799 ], [ -100.912808, 46.827988 ], [ -100.912812, 46.828389 ], [ -100.923195, 46.828534 ], [ -100.923221, 46.8354 ], [ -100.911163, 46.835622 ], [ -100.911212, 46.835839 ], [ -100.910398, 46.835925 ], [ -100.910002, 46.835689 ], [ -100.909252, 46.835654 ], [ -100.907411, 46.835704 ], [ -100.907265, 46.835877 ], [ -100.906509, 46.835667 ], [ -100.905375, 46.835865 ], [ -100.905126, 46.835742 ], [ -100.892403, 46.835814 ], [ -100.892802, 46.837721 ], [ -100.892863, 46.841261 ], [ -100.874282, 46.837881 ], [ -100.871072, 46.835221 ], [ -100.869986, 46.833553 ], [ -100.869206, 46.83355 ], [ -100.868491, 46.829905 ], [ -100.868681, 46.82933 ], [ -100.871054, 46.828965 ], [ -100.87073, 46.828136 ], [ -100.870065, 46.827551 ], [ -100.868762, 46.827013 ], [ -100.86621, 46.826433 ], [ -100.832596, 46.809339 ], [ -100.829136, 46.808165 ], [ -100.823412, 46.807351 ], [ -100.821525, 46.807393 ], [ -100.818944, 46.807904 ], [ -100.817792, 46.806225 ], [ -100.817411, 46.805195 ], [ -100.819685, 46.797596 ], [ -100.819685, 46.79665 ], [ -100.818876, 46.794262 ], [ -100.819028, 46.792698 ], [ -100.81944, 46.791447 ], [ -100.820402, 46.789738 ], [ -100.821592, 46.788197 ], [ -100.822451, 46.786668 ], [ -100.824644, 46.783864 ], [ -100.826353, 46.781032 ], [ -100.829115, 46.777998 ], [ -100.830061, 46.77606 ], [ -100.831754, 46.774313 ], [ -100.833692, 46.773321 ], [ -100.835233, 46.772001 ], [ -100.837797, 46.769193 ], [ -100.839216, 46.766546 ], [ -100.839414, 46.764173 ], [ -100.839277, 46.763013 ], [ -100.836301, 46.757169 ], [ -100.834782, 46.749131 ], [ -100.833483, 46.747326 ], [ -100.830341, 46.744233 ], [ -100.828282, 46.742755 ], [ -100.825969, 46.741449 ], [ -100.821932, 46.739331 ], [ -100.817587, 46.737363 ], [ -100.813419, 46.736197 ], [ -100.811549, 46.735883 ], [ -100.809534, 46.735576 ], [ -100.805577, 46.735471 ], [ -100.813824, 46.734764 ], [ -100.827911, 46.735002 ], [ -100.829276, 46.734801 ], [ -100.832275, 46.734812 ], [ -100.837064, 46.745365 ], [ -100.838177, 46.746792 ], [ -100.839387, 46.74764 ], [ -100.838777, 46.748579 ], [ -100.83887, 46.749374 ], [ -100.844834, 46.763123 ], [ -100.848786, 46.767018 ], [ -100.84877, 46.767712 ], [ -100.847902, 46.76929 ], [ -100.848015, 46.771222 ], [ -100.850382, 46.776063 ], [ -100.851288, 46.7806 ], [ -100.853506, 46.783839 ], [ -100.856452, 46.789121 ], [ -100.856941, 46.78944 ], [ -100.857752, 46.789657 ], [ -100.857431, 46.79093 ], [ -100.857558, 46.79209 ], [ -100.859885, 46.797893 ], [ -100.865307, 46.804816 ], [ -100.868028, 46.807356 ], [ -100.868706, 46.807053 ], [ -100.87308, 46.806965 ], [ -100.873063, 46.805541 ], [ -100.871593, 46.805543 ], [ -100.871566, 46.804037 ], [ -100.872952, 46.804023 ], [ -100.872871, 46.803201 ], [ -100.871528, 46.803213 ], [ -100.871509, 46.800754 ], [ -100.872818, 46.800728 ], [ -100.872841, 46.802398 ], [ -100.874005, 46.802372 ], [ -100.87398, 46.799788 ], [ -100.87282, 46.799792 ], [ -100.87261, 46.799142 ], [ -100.871873, 46.798559 ], [ -100.872265, 46.798077 ], [ -100.872513, 46.7973 ], [ -100.8733, 46.796856 ], [ -100.873642, 46.797312 ], [ -100.873696, 46.798497 ], [ -100.873986, 46.798805 ], [ -100.874562, 46.798966 ], [ -100.874732, 46.799785 ], [ -100.878578, 46.79969 ], [ -100.878824, 46.800183 ], [ -100.880498, 46.800178 ], [ -100.880509, 46.800716 ], [ -100.881167, 46.800712 ], [ -100.882587, 46.800098 ], [ -100.88392, 46.800952 ], [ -100.884185, 46.80169 ], [ -100.884044, 46.802087 ], [ -100.883065, 46.801985 ], [ -100.883065, 46.802769 ], [ -100.884044, 46.802769 ], [ -100.884393, 46.80299 ], [ -100.884286, 46.806916 ], [ -100.90569, 46.806787 ], [ -100.904876, 46.814599 ] ] ] } },
{ "type": "Feature", "properties": { "district": "35", "district_int": 35 }, "geometry": { "type": "Polygon", "coordinates": [ [ [ -100.804104, 46.8311 ], [ -100.801103, 46.831311 ], [ -100.730658, 46.831234 ], [ -100.730464, 46.823549 ], [ -100.753567, 46.823567 ], [ -100.753396, 46.822735 ], [ -100.752399, 46.821728 ], [ -100.751978, 46.820921 ], [ -100.751997, 46.819206 ], [ -100.753186, 46.818631 ], [ -100.757397, 46.818557 ], [ -100.758779, 46.81777 ], [ -100.760105, 46.817524 ], [ -100.760337, 46.816884 ], [ -100.760708, 46.816519 ], [ -100.763276, 46.816478 ], [ -100.763278, 46.813926 ], [ -100.778356, 46.81397 ], [ -100.778533, 46.806404 ], [ -100.790699, 46.80653 ], [ -100.790569, 46.811742 ], [ -100.794259, 46.811787 ], [ -100.794186, 46.817187 ], [ -100.800296, 46.817273 ], [ -100.80031, 46.811872 ], [ -100.801853, 46.8119 ], [ -100.801887, 46.808719 ], [ -100.803751, 46.80901 ], [ -100.813575, 46.809075 ], [ -100.819015, 46.808008 ], [ -100.826507, 46.818193 ], [ -100.828907, 46.819393 ], [ -100.832087, 46.820532 ], [ -100.833979, 46.821952 ], [ -100.82094, 46.826195 ], [ -100.807337, 46.830364 ], [ -100.804104, 46.8311 ] ] ] } },
{ "type": "Feature", "properties": { "district": "36", "district_int": 36 }, "geometry": { "type": "Polygon", "coordinates": [ [ [ -101.487186, 46.630665 ], [ -101.500425, 46.630494 ], [ -101.66303, 46.631007 ], [ -101.714967, 46.630931 ], [ -101.718238, 46.631026 ], [ -101.718462, 46.631283 ], [ -101.718557, 46.634577 ], [ -101.718322, 46.699269 ], [ -101.718287, 46.703363 ], [ -101.718133, 46.703884 ], [ -101.718228, 46.717834 ], [ -101.777828, 46.717722 ], [ -101.800797, 46.71779 ], [ -101.802387, 46.717929 ], [ -101.842223, 46.717631 ], [ -101.87731, 46.717846 ], [ -101.979031, 46.717702 ], [ -102.027303, 46.717824 ], [ -102.06806, 46.717734 ], [ -102.083042, 46.717868 ], [ -102.09624, 46.717772 ], [ -102.096432, 46.703357 ], [ -102.096395, 46.68895 ], [ -102.096142, 46.687713 ], [ -102.096143, 46.674549 ], [ -102.096744, 46.631026 ], [ -102.169898, 46.630931 ], [ -102.18193, 46.631044 ], [ -102.204644, 46.630878 ], [ -102.214934, 46.630991 ], [ -102.219967, 46.630849 ], [ -102.221504, 46.630996 ], [ -102.260057, 46.630744 ], [ -102.260449, 46.630636 ], [ -102.296108, 46.630513 ], [ -102.297725, 46.630611 ], [ -102.318348, 46.630376 ], [ -102.327449, 46.630426 ], [ -102.37545, 46.630086 ], [ -102.474651, 46.629905 ], [ -102.557178, 46.629913 ], [ -102.558323, 46.631515 ], [ -102.558632, 46.632665 ], [ -102.559105, 46.653223 ], [ -102.558994, 46.655267 ], [ -102.560039, 46.716061 ], [ -102.56009, 46.75183 ], [ -102.560394, 46.771969 ], [ -102.560565, 46.773117 ], [ -102.56136, 46.775171 ], [ -102.569427, 46.786124 ], [ -102.570059, 46.787361 ], [ -102.570523, 46.789135 ], [ -102.5705, 46.793271 ], [ -102.568711, 46.798788 ], [ -102.568451, 46.800518 ], [ -102.568599, 46.802197 ], [ -102.57028, 46.80807 ], [ -102.570475, 46.809409 ], [ -102.570472, 46.835509 ], [ -102.574828, 46.83553 ], [ -102.591744, 46.835068 ], [ -102.600687, 46.835097 ], [ -102.622328, 46.837517 ], [ -102.636816, 46.838935 ], [ -102.664453, 46.839368 ], [ -102.685356, 46.838983 ], [ -102.706524, 46.839224 ], [ -102.768597, 46.839043 ], [ -102.768702, 46.847024 ], [ -102.77925, 46.847075 ], [ -102.77923, 46.849352 ], [ -102.786166, 46.849384 ], [ -102.78618, 46.850718 ], [ -102.785626, 46.850724 ], [ -102.785723, 46.861548 ], [ -102.800472, 46.86154 ], [ -102.800579, 46.867493 ], [ -102.80025, 46.869264 ], [ -102.805607, 46.869233 ], [ -102.805618, 46.872252 ], [ -102.80598, 46.872252 ], [ -102.806463, 46.870752 ], [ -102.806953, 46.870328 ], [ -102.809282, 46.869718 ], [ -102.810839, 46.86909 ], [ -102.810912, 46.879152 ], [ -102.78987, 46.87903 ], [ -102.768628, 46.877549 ], [ -102.768599, 46.897822 ], [ -102.77986, 46.897756 ], [ -102.779855, 46.904623 ], [ -102.781356, 46.904572 ], [ -102.78136, 46.904873 ], [ -102.800282, 46.904988 ], [ -102.800236, 46.919445 ], [ -102.789754, 46.919432 ], [ -102.789812, 46.93312 ], [ -102.788279, 46.933215 ], [ -102.788019, 46.933511 ], [ -102.788046, 46.933938 ], [ -102.747586, 46.933973 ], [ -102.747576, 46.948373 ], [ -102.726485, 46.94837 ], [ -102.726679, 46.933734 ], [ -102.721683, 46.933667 ], [ -102.718578, 46.933717 ], [ -102.71828, 46.933883 ], [ -102.706537, 46.93386 ], [ -102.706663, 46.963749 ], [ -102.705868, 46.964603 ], [ -102.705594, 46.965327 ], [ -102.705939, 46.966358 ], [ -102.706668, 46.967371 ], [ -102.706791, 46.98127 ], [ -102.655178, 46.981274 ], [ -102.653735, 46.981247 ], [ -102.653529, 46.981137 ], [ -102.651063, 46.981363 ], [ -102.640515, 46.981391 ], [ -102.618058, 46.981173 ], [ -102.614872, 46.981324 ], [ -102.588704, 46.981409 ], [ -102.518174, 46.981202 ], [ -102.504449, 46.981401 ], [ -102.495559, 46.981257 ], [ -102.461978, 46.981332 ], [ -102.462035, 46.995808 ], [ -102.446067, 46.995862 ], [ -102.443204, 46.995692 ], [ -102.440867, 46.9958 ], [ -102.422457, 46.995809 ], [ -102.42251, 47.010418 ], [ -102.394625, 47.01041 ], [ -102.37705, 47.010169 ], [ -102.375481, 47.010279 ], [ -102.335276, 47.010325 ], [ -102.335238, 47.06811 ], [ -102.314086, 47.06813 ], [ -102.313978, 47.053696 ], [ -102.294404, 47.053637 ], [ -102.284302, 47.057156 ], [ -102.282083, 47.055738 ], [ -102.281947, 47.053663 ], [ -102.26741, 47.053709 ], [ -102.26518, 47.053411 ], [ -102.264445, 47.053532 ], [ -102.263666, 47.05426 ], [ -102.262956, 47.054377 ], [ -102.262667, 47.054672 ], [ -102.261589, 47.055179 ], [ -102.261101, 47.055821 ], [ -102.260918, 47.065305 ], [ -102.229195, 47.076347 ], [ -102.229339, 47.108407 ], [ -102.229646, 47.111655 ], [ -102.209633, 47.111459 ], [ -102.208964, 47.111678 ], [ -102.20781, 47.112604 ], [ -102.207236, 47.112423 ], [ -102.206654, 47.111912 ], [ -102.204694, 47.112344 ], [ -102.203823, 47.112087 ], [ -102.203462, 47.112113 ], [ -102.20213, 47.113013 ], [ -102.201668, 47.113114 ], [ -102.201402, 47.113805 ], [ -102.200877, 47.114255 ], [ -102.200253, 47.114445 ], [ -102.199572, 47.114373 ], [ -102.199088, 47.114659 ], [ -102.199327, 47.114907 ], [ -102.200448, 47.115172 ], [ -102.201956, 47.114917 ], [ -102.202292, 47.11559 ], [ -102.201226, 47.115874 ], [ -102.201083, 47.116202 ], [ -102.201513, 47.116403 ], [ -102.203209, 47.116361 ], [ -102.203548, 47.116678 ], [ -102.203205, 47.116923 ], [ -102.201197, 47.117094 ], [ -102.199483, 47.116834 ], [ -102.196148, 47.115923 ], [ -102.194325, 47.115573 ], [ -102.193639, 47.115954 ], [ -102.193578, 47.116145 ], [ -102.193615, 47.11657 ], [ -102.193972, 47.117065 ], [ -102.193919, 47.117504 ], [ -102.192961, 47.118076 ], [ -102.192157, 47.118155 ], [ -102.190916, 47.117793 ], [ -102.190697, 47.117614 ], [ -102.190759, 47.117272 ], [ -102.191185, 47.116766 ], [ -102.190786, 47.116449 ], [ -102.190465, 47.116448 ], [ -102.187868, 47.117521 ], [ -102.186481, 47.117734 ], [ -102.184744, 47.119235 ], [ -102.182819, 47.118953 ], [ -102.181508, 47.119811 ], [ -102.181068, 47.119617 ], [ -102.180923, 47.118952 ], [ -102.181795, 47.117143 ], [ -102.181072, 47.116533 ], [ -102.180611, 47.116504 ], [ -102.179259, 47.117403 ], [ -102.178753, 47.117977 ], [ -102.179162, 47.119568 ], [ -102.179209, 47.1212 ], [ -102.178725, 47.121513 ], [ -102.177699, 47.121783 ], [ -102.175953, 47.121858 ], [ -102.174985, 47.122388 ], [ -102.175173, 47.123979 ], [ -102.175068, 47.124541 ], [ -102.174652, 47.125008 ], [ -102.173975, 47.125299 ], [ -102.173233, 47.125353 ], [ -102.172218, 47.124529 ], [ -102.170814, 47.124441 ], [ -102.169904, 47.12408 ], [ -102.169414, 47.123763 ], [ -102.169297, 47.123365 ], [ -102.168978, 47.123117 ], [ -102.168475, 47.123266 ], [ -102.167787, 47.123996 ], [ -102.166454, 47.124957 ], [ -102.166466, 47.125523 ], [ -102.166947, 47.126003 ], [ -102.167608, 47.127797 ], [ -102.166944, 47.128266 ], [ -102.165378, 47.128236 ], [ -102.164895, 47.128494 ], [ -102.164855, 47.128948 ], [ -102.166098, 47.130045 ], [ -102.166299, 47.130442 ], [ -102.166075, 47.1322 ], [ -102.165131, 47.132487 ], [ -102.164088, 47.131908 ], [ -102.163286, 47.130884 ], [ -102.16156, 47.129924 ], [ -102.16118, 47.129037 ], [ -102.160719, 47.128697 ], [ -102.159353, 47.128775 ], [ -102.158329, 47.129376 ], [ -102.157747, 47.129132 ], [ -102.157446, 47.128305 ], [ -102.157025, 47.127975 ], [ -102.15565, 47.127955 ], [ -102.154384, 47.128391 ], [ -102.153913, 47.128217 ], [ -102.154336, 47.127247 ], [ -102.153466, 47.125853 ], [ -102.153557, 47.12499 ], [ -102.153995, 47.124423 ], [ -102.153639, 47.123709 ], [ -102.153161, 47.123323 ], [ -102.151833, 47.123715 ], [ -102.151409, 47.124028 ], [ -102.15104, 47.124904 ], [ -102.151097, 47.125389 ], [ -102.152108, 47.126953 ], [ -102.151907, 47.127186 ], [ -102.150963, 47.127599 ], [ -102.14973, 47.128755 ], [ -102.149061, 47.128675 ], [ -102.148948, 47.128224 ], [ -102.148122, 47.127583 ], [ -102.147524, 47.126824 ], [ -102.147562, 47.12654 ], [ -102.148094, 47.126203 ], [ -102.148203, 47.12588 ], [ -102.147102, 47.125581 ], [ -102.146291, 47.125548 ], [ -102.144452, 47.126198 ], [ -102.144878, 46.981425 ], [ -102.081446, 46.981248 ], [ -101.996843, 46.981248 ], [ -101.65546, 46.981156 ], [ -101.644902, 46.981279 ], [ -101.6084, 46.98117 ], [ -101.568423, 46.981298 ], [ -101.431255, 46.981057 ], [ -101.406778, 46.981107 ], [ -101.402149, 46.981286 ], [ -101.401078, 46.98111 ], [ -101.388975, 46.981071 ], [ -101.282718, 46.981017 ], [ -101.281984, 46.883179 ], [ -101.281351, 46.879331 ], [ -101.281853, 46.876405 ], [ -101.281885, 46.875087 ], [ -101.281604, 46.861147 ], [ -101.27626, 46.861276 ], [ -101.264772, 46.86313 ], [ -101.261806, 46.863324 ], [ -101.259842, 46.863241 ], [ -101.259957, 46.862245 ], [ -101.26029, 46.86204 ], [ -101.261656, 46.861789 ], [ -101.262356, 46.861515 ], [ -101.26269, 46.861058 ], [ -101.26239, 46.860829 ], [ -101.259259, 46.860211 ], [ -101.259026, 46.860005 ], [ -101.259094, 46.859229 ], [ -101.258161, 46.85884 ], [ -101.257295, 46.858954 ], [ -101.256562, 46.859547 ], [ -101.255895, 46.86053 ], [ -101.255195, 46.860735 ], [ -101.254796, 46.860529 ], [ -101.254729, 46.8603 ], [ -101.255163, 46.85925 ], [ -101.255164, 46.858884 ], [ -101.254831, 46.858678 ], [ -101.253865, 46.858495 ], [ -101.250419, 46.858686 ], [ -101.249077, 46.858605 ], [ -101.248743, 46.858308 ], [ -101.248909, 46.857165 ], [ -101.248141, 46.855818 ], [ -101.24864, 46.855178 ], [ -101.249606, 46.855154 ], [ -101.250778, 46.855339 ], [ -101.252202, 46.856301 ], [ -101.253134, 46.856552 ], [ -101.2541, 46.856576 ], [ -101.254866, 46.85685 ], [ -101.255565, 46.856851 ], [ -101.255799, 46.856485 ], [ -101.255733, 46.856005 ], [ -101.254968, 46.855091 ], [ -101.253204, 46.853719 ], [ -101.252705, 46.853011 ], [ -101.253439, 46.85196 ], [ -101.253214, 46.851181 ], [ -101.260014, 46.849601 ], [ -101.260227, 46.818453 ], [ -101.280851, 46.818508 ], [ -101.280919, 46.802649 ], [ -101.28068, 46.791076 ], [ -101.279148, 46.748154 ], [ -101.278935, 46.722669 ], [ -101.277908, 46.662222 ], [ -101.278251, 46.661083 ], [ -101.278932, 46.66031 ], [ -101.279863, 46.65973 ], [ -101.280835, 46.659376 ], [ -101.282055, 46.659172 ], [ -101.305549, 46.659407 ], [ -101.307336, 46.659091 ], [ -101.308584, 46.658359 ], [ -101.309091, 46.657695 ], [ -101.309412, 46.656819 ], [ -101.308893, 46.632962 ], [ -101.309198, 46.630533 ], [ -101.406002, 46.630495 ], [ -101.487186, 46.630665 ] ] ] } },
{ "type": "Feature", "properties": { "district": "37", "district_int": 37 }, "geometry": { "type": "Polygon", "coordinates": [ [ [ -102.851906, 46.890639 ], [ -102.851992, 46.91951 ], [ -102.800236, 46.919445 ], [ -102.800282, 46.904988 ], [ -102.78136, 46.904873 ], [ -102.781356, 46.904572 ], [ -102.779855, 46.904623 ], [ -102.77986, 46.897756 ], [ -102.768599, 46.897822 ], [ -102.768628, 46.877549 ], [ -102.78987, 46.87903 ], [ -102.816456, 46.879166 ], [ -102.819927, 46.878739 ], [ -102.832104, 46.87632 ], [ -102.832028, 46.891411 ], [ -102.830526, 46.89183 ], [ -102.830676, 46.892055 ], [ -102.834216, 46.891158 ], [ -102.837635, 46.890715 ], [ -102.851906, 46.890639 ] ] ] } },
{ "type": "Feature", "properties": { "district": "38", "district_int": 38 }, "geometry": { "type": "Polygon", "coordinates": [ [ [ -101.663255, 48.12101 ], [ -101.6631, 48.124492 ], [ -101.663274, 48.164772 ], [ -101.663045, 48.211474 ], [ -101.663277, 48.214676 ], [ -101.663162, 48.217988 ], [ -101.663396, 48.21907 ], [ -101.663163, 48.220129 ], [ -101.663102, 48.224294 ], [ -101.663151, 48.262625 ], [ -101.662946, 48.270466 ], [ -101.663209, 48.271187 ], [ -101.663009, 48.278709 ], [ -101.663066, 48.313419 ], [ -101.66289, 48.317678 ], [ -101.663058, 48.321706 ], [ -101.662944, 48.372206 ], [ -101.62544, 48.372235 ], [ -101.620838, 48.372378 ], [ -101.596562, 48.372066 ], [ -101.582663, 48.37221 ], [ -101.582631, 48.374908 ], [ -101.582266, 48.374898 ], [ -101.582593, 48.375641 ], [ -101.582245, 48.376092 ], [ -101.582217, 48.378772 ], [ -101.581996, 48.439139 ], [ -101.582124, 48.446021 ], [ -101.581918, 48.446488 ], [ -101.581865, 48.448144 ], [ -101.581913, 48.459141 ], [ -101.571366, 48.458997 ], [ -101.569922, 48.459102 ], [ -101.320812, 48.458797 ], [ -101.320947, 48.425407 ], [ -101.321678, 48.424276 ], [ -101.325646, 48.421654 ], [ -101.333048, 48.414645 ], [ -101.320854, 48.40894 ], [ -101.321212, 48.375013 ], [ -101.320856, 48.371797 ], [ -101.339297, 48.371817 ], [ -101.339107, 48.363394 ], [ -101.339351, 48.34996 ], [ -101.339325, 48.258422 ], [ -101.325567, 48.258385 ], [ -101.32369, 48.258601 ], [ -101.320292, 48.258628 ], [ -101.320584, 48.257479 ], [ -101.322032, 48.255569 ], [ -101.322202, 48.254435 ], [ -101.321674, 48.253611 ], [ -101.319602, 48.251847 ], [ -101.317796, 48.251101 ], [ -101.317614, 48.250904 ], [ -101.317735, 48.239859 ], [ -101.318981, 48.238536 ], [ -101.317825, 48.236657 ], [ -101.317749, 48.233485 ], [ -101.340027, 48.232179 ], [ -101.341772, 48.22593 ], [ -101.343235, 48.222349 ], [ -101.344713, 48.222443 ], [ -101.344709, 48.219975 ], [ -101.34422, 48.219659 ], [ -101.3438, 48.218941 ], [ -101.343785, 48.212851 ], [ -101.339202, 48.211143 ], [ -101.339278, 48.196642 ], [ -101.29586, 48.19656 ], [ -101.295918, 48.207715 ], [ -101.293319, 48.207794 ], [ -101.289875, 48.208257 ], [ -101.287332, 48.208803 ], [ -101.279549, 48.211061 ], [ -101.27684, 48.211398 ], [ -101.274307, 48.211472 ], [ -101.27438, 48.196802 ], [ -101.27412, 48.196475 ], [ -101.274205, 48.191667 ], [ -101.273897, 48.190729 ], [ -101.274186, 48.190542 ], [ -101.27437, 48.182252 ], [ -101.274316, 48.177087 ], [ -101.274157, 48.176513 ], [ -101.274173, 48.173737 ], [ -101.274359, 48.173123 ], [ -101.274204, 48.16906 ], [ -101.274391, 48.143648 ], [ -101.274244, 48.109982 ], [ -101.274675, 48.109815 ], [ -101.311231, 48.109797 ], [ -101.344809, 48.109963 ], [ -101.500451, 48.109763 ], [ -101.527506, 48.109789 ], [ -101.533497, 48.109945 ], [ -101.555732, 48.10987 ], [ -101.557136, 48.109641 ], [ -101.558579, 48.109865 ], [ -101.57315, 48.109939 ], [ -101.597601, 48.109825 ], [ -101.66263, 48.109996 ], [ -101.662627, 48.115534 ], [ -101.663255, 48.12101 ] ] ] } },
{ "type": "Feature", "properties": { "district": "39", "district_int": 39 }, "geometry": { "type": "Polygon", "coordinates": [ [ [ -104.04557, 46.154176 ], [ -104.045462, 46.268475 ], [ -104.04573, 46.295779 ], [ -104.045529, 46.310191 ], [ -104.045152, 46.509954 ], [ -104.045234, 46.641504 ], [ -104.045335, 46.699483 ], [ -104.045784, 46.71417 ], [ -104.045592, 46.715397 ], [ -104.045487, 46.742865 ], [ -104.045977, 46.87453 ], [ -104.045362, 47.005679 ], [ -104.044996, 47.03485 ], [ -104.045016, 47.106914 ], [ -104.044729, 47.193462 ], [ -104.044836, 47.255726 ], [ -104.045422, 47.258437 ], [ -104.045746, 47.261648 ], [ -104.045703, 47.262266 ], [ -104.044962, 47.263972 ], [ -104.044866, 47.266175 ], [ -104.044968, 47.330141 ], [ -103.991467, 47.330172 ], [ -103.977802, 47.33011 ], [ -103.976175, 47.329985 ], [ -103.918212, 47.329858 ], [ -103.897984, 47.32994 ], [ -103.827745, 47.32957 ], [ -103.800079, 47.329566 ], [ -103.791876, 47.329686 ], [ -103.750504, 47.329397 ], [ -103.694706, 47.329203 ], [ -103.666675, 47.329354 ], [ -103.666675, 47.329256 ], [ -103.609474, 47.328756 ], [ -103.609379, 47.328487 ], [ -103.560625, 47.328375 ], [ -103.518972, 47.328426 ], [ -103.502572, 47.328556 ], [ -103.500518, 47.328696 ], [ -103.482047, 47.328783 ], [ -103.460471, 47.328795 ], [ -103.439071, 47.328575 ], [ -103.350369, 47.328492 ], [ -103.307768, 47.328579 ], [ -103.286552, 47.328828 ], [ -103.265697, 47.328376 ], [ -103.250367, 47.328555 ], [ -103.2231, 47.328617 ], [ -103.163004, 47.328576 ], [ -103.123702, 47.328822 ], [ -103.109816, 47.328694 ], [ -103.032366, 47.328686 ], [ -103.032533, 47.314559 ], [ -103.032395, 47.302823 ], [ -103.032569, 47.302431 ], [ -103.032372, 47.297969 ], [ -103.032691, 47.269473 ], [ -103.032566, 47.249957 ], [ -103.032767, 47.241017 ], [ -103.032465, 47.197626 ], [ -103.032865, 47.183256 ], [ -103.032763, 47.154252 ], [ -103.032963, 47.139721 ], [ -103.03266, 47.081835 ], [ -103.014355, 47.081931 ], [ -103.012879, 47.081799 ], [ -103.012078, 47.081403 ], [ -103.011626, 47.081826 ], [ -103.011527, 47.08227 ], [ -103.011594, 47.096214 ], [ -103.01129, 47.096509 ], [ -102.988466, 47.096334 ], [ -102.98275, 47.096429 ], [ -102.981654, 47.096563 ], [ -102.98046, 47.097209 ], [ -102.980069, 47.097653 ], [ -102.979838, 47.098363 ], [ -102.979887, 47.106762 ], [ -102.979503, 47.107705 ], [ -102.978293, 47.108545 ], [ -102.972894, 47.111556 ], [ -102.966412, 47.114634 ], [ -102.965638, 47.115237 ], [ -102.965322, 47.115895 ], [ -102.965472, 47.116905 ], [ -102.970184, 47.124733 ], [ -102.970241, 47.125796 ], [ -102.969999, 47.126493 ], [ -102.968036, 47.129112 ], [ -102.968554, 47.129547 ], [ -102.968899, 47.131924 ], [ -102.969626, 47.132777 ], [ -102.969608, 47.133725 ], [ -102.968967, 47.13463 ], [ -102.969591, 47.135921 ], [ -102.969584, 47.139866 ], [ -102.96629, 47.139842 ], [ -102.965764, 47.139479 ], [ -102.963821, 47.139847 ], [ -102.95242, 47.139868 ], [ -102.950776, 47.140178 ], [ -102.949493, 47.14081 ], [ -102.948232, 47.140184 ], [ -102.946401, 47.139865 ], [ -102.934719, 47.139868 ], [ -102.928945, 47.140594 ], [ -102.927886, 47.140536 ], [ -102.927081, 47.141764 ], [ -102.926841, 47.140958 ], [ -102.92561, 47.140001 ], [ -102.925598, 47.139735 ], [ -102.92436, 47.139228 ], [ -102.922892, 47.13902 ], [ -102.921597, 47.139101 ], [ -102.919008, 47.139823 ], [ -102.918172, 47.139915 ], [ -102.864291, 47.139935 ], [ -102.84229, 47.140082 ], [ -102.842185, 47.136344 ], [ -102.834748, 47.130358 ], [ -102.833269, 47.125844 ], [ -102.832996, 47.125576 ], [ -102.780188, 47.125652 ], [ -102.778871, 47.125627 ], [ -102.777989, 47.125255 ], [ -102.775296, 47.126729 ], [ -102.774503, 47.127357 ], [ -102.773627, 47.128416 ], [ -102.773036, 47.12996 ], [ -102.773003, 47.130743 ], [ -102.773471, 47.132774 ], [ -102.775462, 47.140149 ], [ -102.715846, 47.140668 ], [ -102.660905, 47.140409 ], [ -102.631363, 47.140433 ], [ -102.63128, 47.154919 ], [ -102.625748, 47.154814 ], [ -102.621275, 47.154936 ], [ -102.620264, 47.154715 ], [ -102.60677, 47.154613 ], [ -102.567644, 47.154741 ], [ -102.567644, 47.154566 ], [ -102.546079, 47.15426 ], [ -102.525012, 47.154363 ], [ -102.525006, 47.154793 ], [ -102.506772, 47.154863 ], [ -102.505849, 47.155027 ], [ -102.504584, 47.154639 ], [ -102.504062, 47.154673 ], [ -102.503558, 47.154924 ], [ -102.461551, 47.154935 ], [ -102.461558, 47.155233 ], [ -102.420183, 47.155276 ], [ -102.401431, 47.155236 ], [ -102.401111, 47.15514 ], [ -102.400668, 47.155591 ], [ -102.400206, 47.155673 ], [ -102.399926, 47.154754 ], [ -102.398962, 47.154931 ], [ -102.398761, 47.155068 ], [ -102.398875, 47.155285 ], [ -102.385423, 47.155188 ], [ -102.384499, 47.155652 ], [ -102.384037, 47.155707 ], [ -102.383868, 47.155624 ], [ -102.384113, 47.155369 ], [ -102.271934, 47.15531 ], [ -102.270808, 47.154333 ], [ -102.270347, 47.154253 ], [ -102.269804, 47.154521 ], [ -102.269482, 47.154508 ], [ -102.269803, 47.154962 ], [ -102.269601, 47.15524 ], [ -102.241931, 47.155612 ], [ -102.224281, 47.155432 ], [ -102.208632, 47.155811 ], [ -102.144446, 47.155885 ], [ -102.144452, 47.126198 ], [ -102.146291, 47.125548 ], [ -102.147102, 47.125581 ], [ -102.148203, 47.12588 ], [ -102.148094, 47.126203 ], [ -102.147562, 47.12654 ], [ -102.147524, 47.126824 ], [ -102.148122, 47.127583 ], [ -102.148948, 47.128224 ], [ -102.149061, 47.128675 ], [ -102.14973, 47.128755 ], [ -102.150963, 47.127599 ], [ -102.151907, 47.127186 ], [ -102.152108, 47.126953 ], [ -102.151097, 47.125389 ], [ -102.15104, 47.124904 ], [ -102.151409, 47.124028 ], [ -102.151833, 47.123715 ], [ -102.153161, 47.123323 ], [ -102.153639, 47.123709 ], [ -102.153995, 47.124423 ], [ -102.153557, 47.12499 ], [ -102.153466, 47.125853 ], [ -102.154336, 47.127247 ], [ -102.153913, 47.128217 ], [ -102.154384, 47.128391 ], [ -102.15565, 47.127955 ], [ -102.157025, 47.127975 ], [ -102.157446, 47.128305 ], [ -102.157747, 47.129132 ], [ -102.158329, 47.129376 ], [ -102.159353, 47.128775 ], [ -102.160719, 47.128697 ], [ -102.16118, 47.129037 ], [ -102.16156, 47.129924 ], [ -102.163286, 47.130884 ], [ -102.164348, 47.132126 ], [ -102.165131, 47.132487 ], [ -102.165673, 47.132419 ], [ -102.166175, 47.132022 ], [ -102.166299, 47.130442 ], [ -102.166098, 47.130045 ], [ -102.164855, 47.128948 ], [ -102.164895, 47.128494 ], [ -102.165378, 47.128236 ], [ -102.166944, 47.128266 ], [ -102.167608, 47.127797 ], [ -102.166947, 47.126003 ], [ -102.166466, 47.125523 ], [ -102.166454, 47.124957 ], [ -102.167787, 47.123996 ], [ -102.168475, 47.123266 ], [ -102.168978, 47.123117 ], [ -102.169297, 47.123365 ], [ -102.169414, 47.123763 ], [ -102.169904, 47.12408 ], [ -102.170814, 47.124441 ], [ -102.172218, 47.124529 ], [ -102.173233, 47.125353 ], [ -102.173975, 47.125299 ], [ -102.174652, 47.125008 ], [ -102.175068, 47.124541 ], [ -102.175173, 47.123979 ], [ -102.174985, 47.122388 ], [ -102.175953, 47.121858 ], [ -102.177699, 47.121783 ], [ -102.178725, 47.121513 ], [ -102.179209, 47.1212 ], [ -102.179162, 47.119568 ], [ -102.178753, 47.117977 ], [ -102.179259, 47.117403 ], [ -102.180611, 47.116504 ], [ -102.181072, 47.116533 ], [ -102.181795, 47.117143 ], [ -102.180923, 47.118952 ], [ -102.181068, 47.119617 ], [ -102.181508, 47.119811 ], [ -102.182819, 47.118953 ], [ -102.184744, 47.119235 ], [ -102.186481, 47.117734 ], [ -102.187868, 47.117521 ], [ -102.190465, 47.116448 ], [ -102.190786, 47.116449 ], [ -102.191185, 47.116766 ], [ -102.190759, 47.117272 ], [ -102.190697, 47.117614 ], [ -102.190916, 47.117793 ], [ -102.192157, 47.118155 ], [ -102.192961, 47.118076 ], [ -102.193919, 47.117504 ], [ -102.193972, 47.117065 ], [ -102.193615, 47.11657 ], [ -102.193578, 47.116145 ], [ -102.193639, 47.115954 ], [ -102.194325, 47.115573 ], [ -102.196148, 47.115923 ], [ -102.199483, 47.116834 ], [ -102.201197, 47.117094 ], [ -102.203205, 47.116923 ], [ -102.203548, 47.116678 ], [ -102.203209, 47.116361 ], [ -102.201513, 47.116403 ], [ -102.201083, 47.116202 ], [ -102.201226, 47.115874 ], [ -102.202292, 47.11559 ], [ -102.201956, 47.114917 ], [ -102.200448, 47.115172 ], [ -102.199327, 47.114907 ], [ -102.199088, 47.114659 ], [ -102.199572, 47.114373 ], [ -102.200253, 47.114445 ], [ -102.200877, 47.114255 ], [ -102.201402, 47.113805 ], [ -102.201668, 47.113114 ], [ -102.20213, 47.113013 ], [ -102.203462, 47.112113 ], [ -102.203823, 47.112087 ], [ -102.204694, 47.112344 ], [ -102.206654, 47.111912 ], [ -102.207236, 47.112423 ], [ -102.20781, 47.112604 ], [ -102.208964, 47.111678 ], [ -102.209633, 47.111459 ], [ -102.229646, 47.111655 ], [ -102.229339, 47.108407 ], [ -102.229195, 47.076347 ], [ -102.260918, 47.065305 ], [ -102.261101, 47.055821 ], [ -102.261589, 47.055179 ], [ -102.262667, 47.054672 ], [ -102.262956, 47.054377 ], [ -102.263666, 47.05426 ], [ -102.264327, 47.053578 ], [ -102.26518, 47.053411 ], [ -102.267155, 47.053706 ], [ -102.281947, 47.053663 ], [ -102.282083, 47.055738 ], [ -102.284302, 47.057156 ], [ -102.294404, 47.053637 ], [ -102.313978, 47.053696 ], [ -102.314086, 47.06813 ], [ -102.335238, 47.06811 ], [ -102.335276, 47.010325 ], [ -102.375481, 47.010279 ], [ -102.37705, 47.010169 ], [ -102.394625, 47.01041 ], [ -102.42251, 47.010418 ], [ -102.422457, 46.995809 ], [ -102.440867, 46.9958 ], [ -102.443204, 46.995692 ], [ -102.446067, 46.995862 ], [ -102.462035, 46.995808 ], [ -102.461978, 46.981332 ], [ -102.495559, 46.981257 ], [ -102.504449, 46.981401 ], [ -102.518174, 46.981202 ], [ -102.588704, 46.981409 ], [ -102.614872, 46.981324 ], [ -102.618058, 46.981173 ], [ -102.640515, 46.981391 ], [ -102.651063, 46.981363 ], [ -102.653529, 46.981137 ], [ -102.653735, 46.981247 ], [ -102.655178, 46.981274 ], [ -102.706791, 46.98127 ], [ -102.706668, 46.967371 ], [ -102.705939, 46.966358 ], [ -102.705594, 46.965327 ], [ -102.705868, 46.964603 ], [ -102.706663, 46.963749 ], [ -102.706537, 46.93386 ], [ -102.71828, 46.933883 ], [ -102.718578, 46.933717 ], [ -102.721683, 46.933667 ], [ -102.726679, 46.933734 ], [ -102.726485, 46.94837 ], [ -102.747576, 46.948373 ], [ -102.747586, 46.933973 ], [ -102.788046, 46.933938 ], [ -102.788019, 46.933511 ], [ -102.788279, 46.933215 ], [ -102.789812, 46.93312 ], [ -102.789754, 46.919432 ], [ -102.851992, 46.91951 ], [ -102.851906, 46.890639 ], [ -102.837635, 46.890715 ], [ -102.834216, 46.891158 ], [ -102.830676, 46.892055 ], [ -102.830526, 46.89183 ], [ -102.832028, 46.891411 ], [ -102.832104, 46.87632 ], [ -102.819278, 46.878839 ], [ -102.816456, 46.879166 ], [ -102.810912, 46.879152 ], [ -102.810839, 46.86909 ], [ -102.809282, 46.869718 ], [ -102.806953, 46.870328 ], [ -102.806463, 46.870752 ], [ -102.80598, 46.872252 ], [ -102.805618, 46.872252 ], [ -102.805607, 46.869233 ], [ -102.80025, 46.869264 ], [ -102.800579, 46.867493 ], [ -102.800472, 46.86154 ], [ -102.785723, 46.861548 ], [ -102.785626, 46.850724 ], [ -102.78618, 46.850718 ], [ -102.786166, 46.849384 ], [ -102.77923, 46.849352 ], [ -102.77925, 46.847075 ], [ -102.768702, 46.847024 ], [ -102.768597, 46.839043 ], [ -102.706524, 46.839224 ], [ -102.685356, 46.838983 ], [ -102.664453, 46.839368 ], [ -102.636816, 46.838935 ], [ -102.622328, 46.837517 ], [ -102.600687, 46.835097 ], [ -102.591744, 46.835068 ], [ -102.574828, 46.83553 ], [ -102.570472, 46.835509 ], [ -102.570475, 46.809409 ], [ -102.57028, 46.80807 ], [ -102.568599, 46.802197 ], [ -102.568451, 46.800518 ], [ -102.568711, 46.798788 ], [ -102.5705, 46.793271 ], [ -102.570523, 46.789135 ], [ -102.570059, 46.787361 ], [ -102.569427, 46.786124 ], [ -102.56136, 46.775171 ], [ -102.560565, 46.773117 ], [ -102.560394, 46.771969 ], [ -102.56009, 46.75183 ], [ -102.560039, 46.716061 ], [ -102.558994, 46.655267 ], [ -102.559105, 46.653223 ], [ -102.55864, 46.632771 ], [ -102.558323, 46.631515 ], [ -102.557946, 46.630861 ], [ -102.557178, 46.629913 ], [ -102.422935, 46.629997 ], [ -102.422764, 46.610396 ], [ -102.422753, 46.486904 ], [ -102.423025, 46.478761 ], [ -102.422997, 46.457484 ], [ -102.455893, 46.457407 ], [ -102.544664, 46.456668 ], [ -102.611645, 46.456325 ], [ -102.613759, 46.456346 ], [ -102.614167, 46.456493 ], [ -102.629351, 46.456608 ], [ -102.646448, 46.456525 ], [ -102.676237, 46.456693 ], [ -102.675866, 46.437498 ], [ -102.67542, 46.373389 ], [ -102.675585, 46.369474 ], [ -102.67454, 46.335321 ], [ -102.6737, 46.282526 ], [ -102.651719, 46.282614 ], [ -102.650985, 46.282643 ], [ -102.650363, 46.282913 ], [ -102.64959, 46.28259 ], [ -102.572681, 46.28274 ], [ -102.571665, 46.282805 ], [ -102.570658, 46.283103 ], [ -102.569631, 46.28388 ], [ -102.568362, 46.282839 ], [ -102.566009, 46.28275 ], [ -102.455792, 46.283439 ], [ -102.433401, 46.283699 ], [ -102.402311, 46.283832 ], [ -102.401722, 46.283982 ], [ -102.40141, 46.28383 ], [ -102.391401, 46.283831 ], [ -102.374222, 46.284015 ], [ -102.310446, 46.284211 ], [ -102.310323, 46.284503 ], [ -102.297151, 46.284115 ], [ -102.273151, 46.283939 ], [ -102.268373, 46.283957 ], [ -102.268005, 46.284103 ], [ -102.260947, 46.284074 ], [ -102.204171, 46.283653 ], [ -102.172192, 46.283632 ], [ -102.164444, 46.283423 ], [ -102.163898, 46.283552 ], [ -102.152444, 46.283531 ], [ -102.151654, 46.283655 ], [ -102.143841, 46.28318 ], [ -102.143835, 46.283487 ], [ -102.143412, 46.283561 ], [ -102.130425, 46.283573 ], [ -102.124284, 46.283789 ], [ -102.081206, 46.283314 ], [ -102.080212, 46.283602 ], [ -102.028659, 46.283677 ], [ -102.018945, 46.283449 ], [ -102.015899, 46.283473 ], [ -102.014596, 46.283674 ], [ -101.997908, 46.283631 ], [ -101.997853, 46.206741 ], [ -101.998328, 46.133074 ], [ -101.998128, 46.10695 ], [ -101.998338, 46.104029 ], [ -101.998123, 46.103315 ], [ -101.998029, 46.08951 ], [ -101.998326, 46.074994 ], [ -101.99833, 46.030802 ], [ -101.998618, 46.003293 ], [ -101.998733, 45.944653 ], [ -102.011078, 45.944521 ], [ -102.039045, 45.944739 ], [ -102.039998, 45.944647 ], [ -102.040206, 45.944742 ], [ -102.040363, 45.944624 ], [ -102.042908, 45.944589 ], [ -102.087036, 45.944805 ], [ -102.087523, 45.944922 ], [ -102.121291, 45.944687 ], [ -102.123319, 45.944693 ], [ -102.123902, 45.94479 ], [ -102.124394, 45.945063 ], [ -102.125205, 45.944794 ], [ -102.126414, 45.944695 ], [ -102.159334, 45.944641 ], [ -102.250397, 45.944932 ], [ -102.300969, 45.944832 ], [ -102.331951, 45.945038 ], [ -102.351533, 45.944904 ], [ -102.392982, 45.94497 ], [ -102.398789, 45.944849 ], [ -102.410561, 45.945033 ], [ -102.445961, 45.944916 ], [ -102.449257, 45.945065 ], [ -102.500314, 45.945061 ], [ -102.549895, 45.944836 ], [ -102.580493, 45.945027 ], [ -102.637962, 45.944904 ], [ -102.642202, 45.945211 ], [ -102.652345, 45.945269 ], [ -102.697501, 45.945182 ], [ -102.704012, 45.945064 ], [ -102.73453, 45.945236 ], [ -102.78912, 45.945071 ], [ -102.828182, 45.945179 ], [ -102.94207, 45.945 ], [ -103.034544, 45.945318 ], [ -103.048153, 45.945106 ], [ -103.152816, 45.945067 ], [ -103.164917, 45.945113 ], [ -103.168002, 45.945267 ], [ -103.212556, 45.945163 ], [ -103.369029, 45.945152 ], [ -103.388535, 45.944962 ], [ -103.411382, 45.945274 ], [ -103.418132, 45.9451 ], [ -103.43132, 45.945115 ], [ -103.431646, 45.945308 ], [ -103.432393, 45.945313 ], [ -103.466603, 45.945224 ], [ -103.493988, 45.944944 ], [ -103.500553, 45.945252 ], [ -103.556767, 45.94515 ], [ -103.557665, 45.945364 ], [ -103.744941, 45.945061 ], [ -103.750347, 45.945255 ], [ -103.784224, 45.94516 ], [ -103.842285, 45.945219 ], [ -103.84535, 45.945121 ], [ -103.851655, 45.945331 ], [ -103.888425, 45.945052 ], [ -103.897062, 45.94524 ], [ -103.901225, 45.945144 ], [ -103.907762, 45.945356 ], [ -104.000552, 45.945231 ], [ -104.045547, 45.945308 ], [ -104.046676, 46.000176 ], [ -104.046828, 46.017509 ], [ -104.045958, 46.077042 ], [ -104.04557, 46.154176 ] ] ] } },
{ "type": "Feature", "properties": { "district": "40", "district_int": 40 }, "geometry": { "type": "Polygon", "coordinates": [ [ [ -101.122876, 48.283657 ], [ -101.252772, 48.283473 ], [ -101.252779, 48.254465 ], [ -101.263619, 48.254448 ], [ -101.263764, 48.254287 ], [ -101.288131, 48.254421 ], [ -101.288823, 48.254236 ], [ -101.289692, 48.254429 ], [ -101.29264, 48.254418 ], [ -101.293623, 48.254842 ], [ -101.294485, 48.254504 ], [ -101.295258, 48.254464 ], [ -101.294663, 48.252114 ], [ -101.294593, 48.251027 ], [ -101.294872, 48.249965 ], [ -101.295986, 48.247766 ], [ -101.296099, 48.239989 ], [ -101.297205, 48.239877 ], [ -101.300052, 48.238878 ], [ -101.308837, 48.238896 ], [ -101.309914, 48.238754 ], [ -101.310865, 48.239014 ], [ -101.311733, 48.239747 ], [ -101.31259, 48.240059 ], [ -101.31772, 48.240091 ], [ -101.317614, 48.250904 ], [ -101.317796, 48.251101 ], [ -101.319602, 48.251847 ], [ -101.321674, 48.253611 ], [ -101.322202, 48.254435 ], [ -101.322032, 48.255569 ], [ -101.320584, 48.257479 ], [ -101.320292, 48.258628 ], [ -101.32369, 48.258601 ], [ -101.325567, 48.258385 ], [ -101.339325, 48.258422 ], [ -101.339351, 48.34996 ], [ -101.339107, 48.363394 ], [ -101.339297, 48.371817 ], [ -101.320856, 48.371797 ], [ -101.321212, 48.375013 ], [ -101.320854, 48.40894 ], [ -101.333048, 48.414645 ], [ -101.325646, 48.421654 ], [ -101.321678, 48.424276 ], [ -101.320947, 48.425407 ], [ -101.320812, 48.458797 ], [ -101.181073, 48.458667 ], [ -101.160407, 48.458527 ], [ -101.059833, 48.458448 ], [ -101.059915, 48.371453 ], [ -101.014232, 48.371432 ], [ -101.014023, 48.355946 ], [ -101.014028, 48.312147 ], [ -101.014319, 48.283491 ], [ -101.0252, 48.283479 ], [ -101.026812, 48.283357 ], [ -101.03162, 48.283488 ], [ -101.032773, 48.283638 ], [ -101.033597, 48.283509 ], [ -101.057731, 48.283509 ], [ -101.122876, 48.283657 ] ] ] } },
{ "type": "Feature", "properties": { "district": "41", "district_int": 41 }, "geometry": { "type": "Polygon", "coordinates": [ [ [ -96.819979, 46.8326 ], [ -96.818627, 46.803374 ], [ -96.823958, 46.803431 ], [ -96.824709, 46.801737 ], [ -96.824744, 46.801149 ], [ -96.823656, 46.799193 ], [ -96.823363, 46.797875 ], [ -96.823464, 46.797453 ], [ -96.824201, 46.796508 ], [ -96.825996, 46.795483 ], [ -96.826459, 46.795399 ], [ -96.826818, 46.794696 ], [ -96.826784, 46.789218 ], [ -96.838777, 46.789507 ], [ -96.838642, 46.796914 ], [ -96.839864, 46.797331 ], [ -96.839866, 46.797201 ], [ -96.844886, 46.797276 ], [ -96.84489, 46.796805 ], [ -96.846317, 46.796817 ], [ -96.846314, 46.795641 ], [ -96.847032, 46.79565 ], [ -96.847475, 46.79529 ], [ -96.847894, 46.795295 ], [ -96.847885, 46.795761 ], [ -96.85012, 46.795791 ], [ -96.850082, 46.797334 ], [ -96.850385, 46.797334 ], [ -96.850403, 46.796893 ], [ -96.860956, 46.797036 ], [ -96.860883, 46.803751 ], [ -96.861437, 46.818355 ], [ -96.844047, 46.818173 ], [ -96.842548, 46.818386 ], [ -96.839214, 46.818377 ], [ -96.840037, 46.836754 ], [ -96.840701, 46.84149 ], [ -96.840701, 46.847266 ], [ -96.819692, 46.847232 ], [ -96.819811, 46.842559 ], [ -96.811761, 46.842625 ], [ -96.811378, 46.842742 ], [ -96.810868, 46.842052 ], [ -96.810546, 46.840671 ], [ -96.810545, 46.835818 ], [ -96.815003, 46.83576 ], [ -96.815397, 46.835111 ], [ -96.815433, 46.83263 ], [ -96.819979, 46.8326 ] ] ] } },
{ "type": "Feature", "properties": { "district": "42", "district_int": 42 }, "geometry": { "type": "Polygon", "coordinates": [ [ [ -97.092717, 47.98795 ], [ -97.09545, 47.979947 ], [ -97.095654, 47.977604 ], [ -97.093753, 47.966988 ], [ -97.093739, 47.933031 ], [ -97.055244, 47.933096 ], [ -97.055241, 47.925272 ], [ -97.04937, 47.925264 ], [ -97.049395, 47.918494 ], [ -97.093363, 47.918579 ], [ -97.093205, 47.899429 ], [ -97.092659, 47.897378 ], [ -97.091915, 47.895773 ], [ -97.089384, 47.892068 ], [ -97.088113, 47.889705 ], [ -97.087248, 47.886388 ], [ -97.087349, 47.856553 ], [ -97.087147, 47.853583 ], [ -97.086694, 47.851936 ], [ -97.085776, 47.849933 ], [ -97.084731, 47.84839 ], [ -97.082599, 47.84587 ], [ -97.239414, 47.846231 ], [ -97.239006, 47.875423 ], [ -97.239191, 47.889681 ], [ -97.23881, 47.911183 ], [ -97.238783, 47.926705 ], [ -97.238854, 47.930446 ], [ -97.239145, 47.933077 ], [ -97.283607, 47.933093 ], [ -97.297968, 47.933433 ], [ -97.364923, 47.93343 ], [ -97.429389, 47.933195 ], [ -97.428711, 48.020666 ], [ -97.400494, 48.020637 ], [ -97.39613, 48.020892 ], [ -97.392915, 48.020477 ], [ -97.378044, 48.020517 ], [ -97.375353, 48.02047 ], [ -97.375356, 48.020257 ], [ -97.347853, 48.020364 ], [ -97.328897, 48.020134 ], [ -97.300088, 48.020009 ], [ -97.28005, 48.020236 ], [ -97.254783, 48.019788 ], [ -97.132669, 48.01974 ], [ -97.126544, 48.019663 ], [ -97.124978, 48.019497 ], [ -97.118155, 48.011853 ], [ -97.116292, 48.010269 ], [ -97.114111, 48.008841 ], [ -97.099978, 48.001414 ], [ -97.098181, 48.000166 ], [ -97.095852, 47.997977 ], [ -97.094754, 47.99659 ], [ -97.093528, 47.994447 ], [ -97.092868, 47.992595 ], [ -97.09256, 47.990601 ], [ -97.092717, 47.98795 ] ] ] } },
{ "type": "Feature", "properties": { "district": "43", "district_int": 43 }, "geometry": { "type": "Polygon", "coordinates": [ [ [ -97.093318, 47.900279 ], [ -97.093363, 47.918579 ], [ -97.055976, 47.918508 ], [ -97.055926, 47.916059 ], [ -97.055527, 47.91524 ], [ -97.05587, 47.896728 ], [ -97.054717, 47.89669 ], [ -97.05313, 47.895851 ], [ -97.051088, 47.895798 ], [ -97.051118, 47.893159 ], [ -97.045301, 47.893085 ], [ -97.045441, 47.882169 ], [ -97.066809, 47.882169 ], [ -97.066708, 47.889454 ], [ -97.088027, 47.889457 ], [ -97.089384, 47.892068 ], [ -97.091683, 47.89536 ], [ -97.092659, 47.897378 ], [ -97.093318, 47.900279 ] ] ] } },
{ "type": "Feature", "properties": { "district": "44", "district_int": 44 }, "geometry": { "type": "Polygon", "coordinates": [ [ [ -96.782822, 46.912361 ], [ -96.776824, 46.912369 ], [ -96.776855, 46.907372 ], [ -96.764457, 46.907463 ], [ -96.765086, 46.905377 ], [ -96.765895, 46.904879 ], [ -96.767063, 46.904833 ], [ -96.76786, 46.905134 ], [ -96.768566, 46.905562 ], [ -96.769063, 46.906116 ], [ -96.769571, 46.906405 ], [ -96.770288, 46.906544 ], [ -96.770751, 46.906521 ], [ -96.771733, 46.905885 ], [ -96.773557, 46.904204 ], [ -96.773826, 46.903631 ], [ -96.773398, 46.90281 ], [ -96.771337, 46.902053 ], [ -96.770485, 46.901492 ], [ -96.770277, 46.900729 ], [ -96.771271, 46.899873 ], [ -96.773738, 46.899587 ], [ -96.774673, 46.899274 ], [ -96.775502, 46.898694 ], [ -96.776034, 46.897977 ], [ -96.776633, 46.895872 ], [ -96.776404, 46.894763 ], [ -96.77571, 46.894162 ], [ -96.773727, 46.893897 ], [ -96.771523, 46.893904 ], [ -96.770425, 46.893615 ], [ -96.769745, 46.893214 ], [ -96.769444, 46.89259 ], [ -96.769558, 46.891963 ], [ -96.770022, 46.891388 ], [ -96.772057, 46.890578 ], [ -96.773862, 46.890319 ], [ -96.774485, 46.889843 ], [ -96.774633, 46.888833 ], [ -96.773863, 46.885073 ], [ -96.773054, 46.884379 ], [ -96.772391, 46.884165 ], [ -96.771499, 46.884183 ], [ -96.768669, 46.885073 ], [ -96.76825, 46.885012 ], [ -96.767779, 46.884735 ], [ -96.76729, 46.883472 ], [ -96.768429, 46.879508 ], [ -96.769499, 46.877732 ], [ -96.770651, 46.877275 ], [ -96.771299, 46.877412 ], [ -96.771795, 46.877816 ], [ -96.771976, 46.878238 ], [ -96.771284, 46.879944 ], [ -96.771314, 46.880592 ], [ -96.771665, 46.881187 ], [ -96.772176, 46.881492 ], [ -96.772886, 46.881332 ], [ -96.775473, 46.879067 ], [ -96.776572, 46.878993 ], [ -96.778188, 46.879349 ], [ -96.779657, 46.880229 ], [ -96.780338, 46.880291 ], [ -96.781331, 46.879687 ], [ -96.781362, 46.87921 ], [ -96.780168, 46.876956 ], [ -96.779373, 46.87622 ], [ -96.776572, 46.875212 ], [ -96.776071, 46.874436 ], [ -96.776208, 46.87386 ], [ -96.779856, 46.873813 ], [ -96.794114, 46.87476 ], [ -96.793987, 46.881796 ], [ -96.796993, 46.882262 ], [ -96.796996, 46.88315 ], [ -96.801804, 46.883175 ], [ -96.805246, 46.884386 ], [ -96.81066, 46.886702 ], [ -96.814006, 46.888951 ], [ -96.815593, 46.890399 ], [ -96.798126, 46.890339 ], [ -96.797962, 46.912091 ], [ -96.78738, 46.912053 ], [ -96.78737, 46.912794 ], [ -96.78711, 46.912802 ], [ -96.78385, 46.912794 ], [ -96.782822, 46.912361 ] ] ] } },
{ "type": "Feature", "properties": { "district": "45", "district_int": 45 }, "geometry": { "type": "Polygon", "coordinates": [ [ [ -96.776681, 46.925721 ], [ -96.775381, 46.926999 ], [ -96.774893, 46.927827 ], [ -96.774893, 46.928291 ], [ -96.775454, 46.929619 ], [ -96.774893, 46.930546 ], [ -96.773556, 46.931064 ], [ -96.770249, 46.931667 ], [ -96.767586, 46.932984 ], [ -96.764472, 46.933754 ], [ -96.763335, 46.934677 ], [ -96.762861, 46.934877 ], [ -96.762192, 46.934897 ], [ -96.761693, 46.934558 ], [ -96.761393, 46.932204 ], [ -96.761089, 46.931899 ], [ -96.76029, 46.931582 ], [ -96.757457, 46.930763 ], [ -96.756402, 46.929547 ], [ -96.756323, 46.928589 ], [ -96.756725, 46.927996 ], [ -96.757423, 46.927658 ], [ -96.75808, 46.927425 ], [ -96.758884, 46.927467 ], [ -96.762355, 46.929245 ], [ -96.763035, 46.929387 ], [ -96.764694, 46.928925 ], [ -96.765361, 46.928356 ], [ -96.765382, 46.927615 ], [ -96.764853, 46.926938 ], [ -96.763731, 46.926197 ], [ -96.761741, 46.925753 ], [ -96.758842, 46.92571 ], [ -96.756662, 46.925499 ], [ -96.75463, 46.925075 ], [ -96.753257, 46.924563 ], [ -96.752797, 46.924086 ], [ -96.752654, 46.923543 ], [ -96.752936, 46.923107 ], [ -96.754249, 46.922641 ], [ -96.756937, 46.922514 ], [ -96.76026, 46.923869 ], [ -96.761233, 46.924017 ], [ -96.762922, 46.92354 ], [ -96.763192, 46.923128 ], [ -96.76299, 46.921562 ], [ -96.762482, 46.920736 ], [ -96.761269, 46.919547 ], [ -96.76009, 46.918724 ], [ -96.758064, 46.917936 ], [ -96.755773, 46.916546 ], [ -96.754494, 46.91504 ], [ -96.754538, 46.91442 ], [ -96.755014, 46.913813 ], [ -96.75575, 46.913625 ], [ -96.756501, 46.913712 ], [ -96.757223, 46.914044 ], [ -96.757729, 46.914506 ], [ -96.759014, 46.916435 ], [ -96.759378, 46.916513 ], [ -96.75971, 46.916383 ], [ -96.759793, 46.915531 ], [ -96.760097, 46.915084 ], [ -96.761613, 46.914679 ], [ -96.762537, 46.914217 ], [ -96.763634, 46.913236 ], [ -96.764082, 46.9126 ], [ -96.763923, 46.911676 ], [ -96.763331, 46.910463 ], [ -96.763374, 46.909655 ], [ -96.764457, 46.907463 ], [ -96.776855, 46.907372 ], [ -96.776824, 46.912369 ], [ -96.782749, 46.91234 ], [ -96.78385, 46.912794 ], [ -96.78711, 46.912802 ], [ -96.78737, 46.912794 ], [ -96.78738, 46.912053 ], [ -96.797962, 46.912091 ], [ -96.798126, 46.890339 ], [ -96.839283, 46.890489 ], [ -96.839407, 46.886009 ], [ -96.840676, 46.876193 ], [ -96.857775, 46.876398 ], [ -96.861625, 46.876283 ], [ -96.871613, 46.876445 ], [ -96.871613, 46.87661 ], [ -96.877491, 46.876694 ], [ -96.907447, 46.876929 ], [ -96.906581, 46.877521 ], [ -96.904806, 46.877328 ], [ -96.902875, 46.877496 ], [ -96.901335, 46.878429 ], [ -96.900423, 46.879292 ], [ -96.900684, 46.879678 ], [ -96.902188, 46.879748 ], [ -96.904938, 46.880865 ], [ -96.90495, 46.881278 ], [ -96.903816, 46.883069 ], [ -96.904287, 46.883648 ], [ -96.904264, 46.883977 ], [ -96.903547, 46.884614 ], [ -96.903455, 46.884992 ], [ -96.903951, 46.885462 ], [ -96.905152, 46.885261 ], [ -96.906697, 46.885538 ], [ -96.906953, 46.885761 ], [ -96.906215, 46.88708 ], [ -96.906563, 46.887987 ], [ -96.906869, 46.889854 ], [ -96.907427, 46.890953 ], [ -96.911979, 46.891309 ], [ -96.92632, 46.891668 ], [ -96.925278, 46.920845 ], [ -96.924968, 46.924201 ], [ -96.925007, 46.935209 ], [ -96.924105, 46.977097 ], [ -96.941063, 46.977147 ], [ -96.945197, 46.977369 ], [ -96.95074, 46.977396 ], [ -97.070361, 46.977319 ], [ -97.069469, 47.062595 ], [ -97.070347, 47.20998 ], [ -97.070137, 47.238779 ], [ -96.942125, 47.238792 ], [ -96.898437, 47.23827 ], [ -96.879587, 47.238213 ], [ -96.847652, 47.237729 ], [ -96.833393, 47.238041 ], [ -96.831018, 47.236667 ], [ -96.829713, 47.235406 ], [ -96.828878, 47.234248 ], [ -96.828694, 47.232997 ], [ -96.829051, 47.231991 ], [ -96.830341, 47.231346 ], [ -96.831275, 47.23128 ], [ -96.83217, 47.231443 ], [ -96.834566, 47.233889 ], [ -96.835575, 47.23457 ], [ -96.836639, 47.234952 ], [ -96.837676, 47.234936 ], [ -96.839127, 47.23453 ], [ -96.840442, 47.233879 ], [ -96.841779, 47.232917 ], [ -96.842663, 47.231719 ], [ -96.842787, 47.231004 ], [ -96.842448, 47.230291 ], [ -96.841441, 47.229508 ], [ -96.840672, 47.229223 ], [ -96.839546, 47.229066 ], [ -96.836471, 47.229471 ], [ -96.834857, 47.229282 ], [ -96.832878, 47.228624 ], [ -96.832055, 47.228124 ], [ -96.831539, 47.227462 ], [ -96.831454, 47.226711 ], [ -96.831966, 47.226012 ], [ -96.833011, 47.225538 ], [ -96.83838, 47.224444 ], [ -96.842688, 47.223091 ], [ -96.844155, 47.222395 ], [ -96.845154, 47.221706 ], [ -96.845704, 47.220972 ], [ -96.845807, 47.22029 ], [ -96.845587, 47.219261 ], [ -96.84504, 47.21861 ], [ -96.843967, 47.217926 ], [ -96.84328, 47.217752 ], [ -96.842393, 47.217749 ], [ -96.841187, 47.218083 ], [ -96.840415, 47.21871 ], [ -96.840184, 47.219336 ], [ -96.84006, 47.221604 ], [ -96.839712, 47.222205 ], [ -96.838973, 47.222713 ], [ -96.837874, 47.223009 ], [ -96.836161, 47.222904 ], [ -96.83471, 47.222412 ], [ -96.83364, 47.221577 ], [ -96.832944, 47.220416 ], [ -96.833156, 47.219251 ], [ -96.834164, 47.218337 ], [ -96.836838, 47.21709 ], [ -96.837284, 47.216448 ], [ -96.837198, 47.215949 ], [ -96.836756, 47.215258 ], [ -96.83578, 47.214504 ], [ -96.832775, 47.213 ], [ -96.830787, 47.211719 ], [ -96.830285, 47.210931 ], [ -96.83031, 47.210283 ], [ -96.830777, 47.209483 ], [ -96.831654, 47.208977 ], [ -96.832859, 47.208738 ], [ -96.835321, 47.208681 ], [ -96.836322, 47.208489 ], [ -96.837075, 47.207853 ], [ -96.837164, 47.207324 ], [ -96.836971, 47.206992 ], [ -96.836212, 47.206552 ], [ -96.831474, 47.20503 ], [ -96.82962, 47.204031 ], [ -96.828508, 47.203218 ], [ -96.827596, 47.20227 ], [ -96.827189, 47.201568 ], [ -96.827256, 47.200962 ], [ -96.827555, 47.200423 ], [ -96.827922, 47.200168 ], [ -96.828468, 47.20005 ], [ -96.829291, 47.200134 ], [ -96.830186, 47.200821 ], [ -96.831007, 47.202646 ], [ -96.831573, 47.20325 ], [ -96.832778, 47.203728 ], [ -96.833406, 47.203735 ], [ -96.833972, 47.203548 ], [ -96.834438, 47.203259 ], [ -96.837226, 47.200334 ], [ -96.839189, 47.198553 ], [ -96.844397, 47.194786 ], [ -96.844753, 47.194189 ], [ -96.844829, 47.193364 ], [ -96.84423, 47.191989 ], [ -96.842997, 47.191115 ], [ -96.841558, 47.190822 ], [ -96.840249, 47.191014 ], [ -96.839725, 47.191412 ], [ -96.839487, 47.192292 ], [ -96.840432, 47.194388 ], [ -96.840336, 47.195534 ], [ -96.840018, 47.195945 ], [ -96.839315, 47.196377 ], [ -96.838039, 47.196481 ], [ -96.836863, 47.196095 ], [ -96.83443, 47.194623 ], [ -96.828535, 47.192792 ], [ -96.826224, 47.191269 ], [ -96.82573, 47.190398 ], [ -96.825752, 47.189677 ], [ -96.826639, 47.188803 ], [ -96.827856, 47.188406 ], [ -96.831146, 47.187984 ], [ -96.833391, 47.187394 ], [ -96.835414, 47.186317 ], [ -96.835975, 47.185628 ], [ -96.836029, 47.185128 ], [ -96.835703, 47.184407 ], [ -96.834989, 47.183886 ], [ -96.833999, 47.183488 ], [ -96.832868, 47.183371 ], [ -96.830337, 47.183789 ], [ -96.828446, 47.184399 ], [ -96.825621, 47.185605 ], [ -96.824583, 47.185846 ], [ -96.823203, 47.185738 ], [ -96.821914, 47.185026 ], [ -96.821555, 47.184314 ], [ -96.821574, 47.183661 ], [ -96.821987, 47.182888 ], [ -96.822681, 47.182398 ], [ -96.824126, 47.182163 ], [ -96.826641, 47.182439 ], [ -96.827159, 47.182276 ], [ -96.827568, 47.181869 ], [ -96.827509, 47.181446 ], [ -96.827067, 47.181094 ], [ -96.825099, 47.180347 ], [ -96.824465, 47.179874 ], [ -96.824253, 47.178782 ], [ -96.824463, 47.178338 ], [ -96.825014, 47.177859 ], [ -96.825608, 47.177569 ], [ -96.827418, 47.177237 ], [ -96.828927, 47.177307 ], [ -96.831001, 47.177691 ], [ -96.832199, 47.177697 ], [ -96.8332, 47.177287 ], [ -96.833474, 47.176572 ], [ -96.833147, 47.176006 ], [ -96.832497, 47.175442 ], [ -96.83033, 47.174209 ], [ -96.828497, 47.17394 ], [ -96.825447, 47.174256 ], [ -96.824389, 47.174218 ], [ -96.823496, 47.174012 ], [ -96.822916, 47.173652 ], [ -96.822484, 47.173079 ], [ -96.822462, 47.172617 ], [ -96.82312, 47.171441 ], [ -96.825087, 47.169093 ], [ -96.825275, 47.168021 ], [ -96.824975, 47.166998 ], [ -96.824364, 47.166421 ], [ -96.82358, 47.166071 ], [ -96.820879, 47.16591 ], [ -96.819944, 47.165685 ], [ -96.8191, 47.165207 ], [ -96.818934, 47.164577 ], [ -96.819297, 47.163792 ], [ -96.820071, 47.162891 ], [ -96.821066, 47.162206 ], [ -96.822602, 47.16146 ], [ -96.825278, 47.160995 ], [ -96.830289, 47.16086 ], [ -96.831204, 47.160527 ], [ -96.831922, 47.159788 ], [ -96.831854, 47.158864 ], [ -96.830895, 47.158281 ], [ -96.829545, 47.15818 ], [ -96.825044, 47.158607 ], [ -96.823145, 47.158135 ], [ -96.822382, 47.157597 ], [ -96.822166, 47.1569 ], [ -96.8225, 47.156149 ], [ -96.823157, 47.155552 ], [ -96.824703, 47.154964 ], [ -96.825684, 47.154764 ], [ -96.827868, 47.154639 ], [ -96.830259, 47.154806 ], [ -96.832321, 47.155191 ], [ -96.833151, 47.155493 ], [ -96.834889, 47.156476 ], [ -96.836205, 47.156648 ], [ -96.83672, 47.156352 ], [ -96.836906, 47.156002 ], [ -96.836138, 47.153986 ], [ -96.836331, 47.15326 ], [ -96.83727, 47.152837 ], [ -96.840627, 47.152558 ], [ -96.841135, 47.152203 ], [ -96.841247, 47.151856 ], [ -96.841101, 47.151401 ], [ -96.840564, 47.150803 ], [ -96.837662, 47.148903 ], [ -96.836956, 47.1486 ], [ -96.836083, 47.1485 ], [ -96.83528, 47.148651 ], [ -96.833082, 47.149801 ], [ -96.832513, 47.149827 ], [ -96.83209, 47.149687 ], [ -96.828648, 47.146419 ], [ -96.828647, 47.145727 ], [ -96.829073, 47.14529 ], [ -96.833388, 47.144829 ], [ -96.834276, 47.144395 ], [ -96.834636, 47.143886 ], [ -96.834445, 47.142924 ], [ -96.833698, 47.142239 ], [ -96.83302, 47.141975 ], [ -96.8302, 47.14148 ], [ -96.829057, 47.140555 ], [ -96.828562, 47.139836 ], [ -96.827798, 47.137157 ], [ -96.82633, 47.134941 ], [ -96.826466, 47.133871 ], [ -96.827001, 47.1333 ], [ -96.829979, 47.131823 ], [ -96.830581, 47.131162 ], [ -96.830884, 47.129931 ], [ -96.830417, 47.129224 ], [ -96.829649, 47.128834 ], [ -96.82838, 47.128513 ], [ -96.827276, 47.12851 ], [ -96.825404, 47.129009 ], [ -96.82256, 47.13067 ], [ -96.821858, 47.130851 ], [ -96.821157, 47.130667 ], [ -96.820723, 47.130369 ], [ -96.820689, 47.130049 ], [ -96.821159, 47.129343 ], [ -96.823199, 47.128299 ], [ -96.824471, 47.127183 ], [ -96.824773, 47.1265 ], [ -96.824871, 47.12429 ], [ -96.82544, 47.123353 ], [ -96.825809, 47.123101 ], [ -96.826712, 47.12285 ], [ -96.828924, 47.122736 ], [ -96.833646, 47.12365 ], [ -96.834919, 47.123764 ], [ -96.836661, 47.123443 ], [ -96.837531, 47.122597 ], [ -96.837564, 47.12198 ], [ -96.83676, 47.121477 ], [ -96.834415, 47.120678 ], [ -96.833076, 47.120404 ], [ -96.831502, 47.120427 ], [ -96.828956, 47.120906 ], [ -96.828387, 47.120769 ], [ -96.827717, 47.120221 ], [ -96.827204, 47.119197 ], [ -96.826578, 47.11851 ], [ -96.823301, 47.117499 ], [ -96.822364, 47.116934 ], [ -96.821192, 47.115754 ], [ -96.820585, 47.114572 ], [ -96.820614, 47.113751 ], [ -96.822174, 47.111717 ], [ -96.822669, 47.110553 ], [ -96.822666, 47.109664 ], [ -96.822095, 47.108892 ], [ -96.821058, 47.108236 ], [ -96.820255, 47.107989 ], [ -96.819521, 47.108037 ], [ -96.818388, 47.108407 ], [ -96.817223, 47.109118 ], [ -96.816589, 47.108984 ], [ -96.816191, 47.108481 ], [ -96.816208, 47.107122 ], [ -96.815659, 47.104662 ], [ -96.815934, 47.104139 ], [ -96.819447, 47.102402 ], [ -96.82102, 47.100894 ], [ -96.821073, 47.099962 ], [ -96.820801, 47.099557 ], [ -96.820466, 47.099312 ], [ -96.817929, 47.098597 ], [ -96.81729, 47.09806 ], [ -96.817128, 47.09717 ], [ -96.81756, 47.096129 ], [ -96.817693, 47.095089 ], [ -96.817586, 47.094006 ], [ -96.817108, 47.092924 ], [ -96.817251, 47.092088 ], [ -96.817989, 47.091405 ], [ -96.819179, 47.091121 ], [ -96.825385, 47.090252 ], [ -96.826316, 47.08963 ], [ -96.826363, 47.08892 ], [ -96.826292, 47.088663 ], [ -96.825688, 47.088269 ], [ -96.824897, 47.088136 ], [ -96.821691, 47.089474 ], [ -96.819492, 47.089739 ], [ -96.816449, 47.088776 ], [ -96.815973, 47.088466 ], [ -96.815775, 47.087998 ], [ -96.815527, 47.087906 ], [ -96.815735, 47.087344 ], [ -96.817113, 47.086135 ], [ -96.819795, 47.084653 ], [ -96.820382, 47.08379 ], [ -96.820386, 47.083041 ], [ -96.819946, 47.082242 ], [ -96.818786, 47.081253 ], [ -96.816563, 47.080608 ], [ -96.815778, 47.080064 ], [ -96.815751, 47.078987 ], [ -96.816129, 47.078662 ], [ -96.816713, 47.078455 ], [ -96.821204, 47.077919 ], [ -96.823094, 47.077253 ], [ -96.826147, 47.076497 ], [ -96.829276, 47.07462 ], [ -96.829276, 47.07391 ], [ -96.828842, 47.073434 ], [ -96.827376, 47.072596 ], [ -96.826778, 47.072598 ], [ -96.82598, 47.073168 ], [ -96.825451, 47.074419 ], [ -96.824821, 47.075171 ], [ -96.823691, 47.075947 ], [ -96.821861, 47.076292 ], [ -96.82093, 47.07609 ], [ -96.81963, 47.075342 ], [ -96.819627, 47.074365 ], [ -96.820224, 47.073478 ], [ -96.82162, 47.072746 ], [ -96.824115, 47.072377 ], [ -96.824513, 47.072035 ], [ -96.824546, 47.071534 ], [ -96.823476, 47.069696 ], [ -96.823241, 47.068946 ], [ -96.8235, 47.065967 ], [ -96.823232, 47.065422 ], [ -96.821697, 47.06392 ], [ -96.820432, 47.063132 ], [ -96.819876, 47.062347 ], [ -96.819739, 47.061729 ], [ -96.820238, 47.061177 ], [ -96.82094, 47.060921 ], [ -96.822213, 47.060847 ], [ -96.827177, 47.062077 ], [ -96.82845, 47.061933 ], [ -96.82942, 47.061607 ], [ -96.830386, 47.060823 ], [ -96.830147, 47.060046 ], [ -96.829575, 47.05966 ], [ -96.827428, 47.059122 ], [ -96.826323, 47.059106 ], [ -96.823043, 47.059674 ], [ -96.822238, 47.05954 ], [ -96.821632, 47.059017 ], [ -96.821695, 47.058239 ], [ -96.823935, 47.057425 ], [ -96.824536, 47.057055 ], [ -96.825102, 47.056456 ], [ -96.825063, 47.055564 ], [ -96.824727, 47.055314 ], [ -96.819928, 47.053762 ], [ -96.818685, 47.053082 ], [ -96.817708, 47.052309 ], [ -96.817571, 47.0516 ], [ -96.817737, 47.051118 ], [ -96.818716, 47.050064 ], [ -96.819559, 47.049493 ], [ -96.823702, 47.047509 ], [ -96.826563, 47.046945 ], [ -96.827559, 47.046332 ], [ -96.827459, 47.045561 ], [ -96.826862, 47.045244 ], [ -96.826398, 47.045243 ], [ -96.825601, 47.045561 ], [ -96.824704, 47.046218 ], [ -96.823244, 47.04649 ], [ -96.820455, 47.047577 ], [ -96.819392, 47.047668 ], [ -96.818596, 47.047554 ], [ -96.817865, 47.047077 ], [ -96.817601, 47.045852 ], [ -96.817834, 47.045285 ], [ -96.822549, 47.038865 ], [ -96.822848, 47.037663 ], [ -96.822716, 47.036937 ], [ -96.821488, 47.035802 ], [ -96.820394, 47.035597 ], [ -96.819464, 47.035847 ], [ -96.818833, 47.036232 ], [ -96.817173, 47.038908 ], [ -96.816077, 47.039633 ], [ -96.814385, 47.039883 ], [ -96.813787, 47.039723 ], [ -96.813023, 47.039246 ], [ -96.812659, 47.038634 ], [ -96.812991, 47.037772 ], [ -96.81568, 47.034389 ], [ -96.817142, 47.033325 ], [ -96.817676, 47.03316 ], [ -96.81878, 47.033105 ], [ -96.823301, 47.033754 ], [ -96.824036, 47.033747 ], [ -96.824905, 47.033624 ], [ -96.826572, 47.032948 ], [ -96.827268, 47.032095 ], [ -96.827225, 47.03093 ], [ -96.826012, 47.030071 ], [ -96.825143, 47.030055 ], [ -96.823307, 47.030574 ], [ -96.821769, 47.030678 ], [ -96.820462, 47.030347 ], [ -96.819183, 47.029397 ], [ -96.817998, 47.02769 ], [ -96.8149, 47.025247 ], [ -96.814793, 47.024401 ], [ -96.815456, 47.023754 ], [ -96.816225, 47.023703 ], [ -96.819609, 47.024502 ], [ -96.820947, 47.024402 ], [ -96.82345, 47.023652 ], [ -96.826367, 47.023223 ], [ -96.827386, 47.022901 ], [ -96.829516, 47.02155 ], [ -96.830039, 47.020944 ], [ -96.830634, 47.018909 ], [ -96.830968, 47.01852 ], [ -96.831302, 47.018315 ], [ -96.833707, 47.017949 ], [ -96.834776, 47.017446 ], [ -96.834742, 47.017012 ], [ -96.833038, 47.016029 ], [ -96.832303, 47.015184 ], [ -96.832503, 47.014339 ], [ -96.833939, 47.012762 ], [ -96.834005, 47.012144 ], [ -96.833404, 47.010979 ], [ -96.833504, 47.01011 ], [ -96.833971, 47.00979 ], [ -96.836343, 47.009356 ], [ -96.837712, 47.008808 ], [ -96.838814, 47.008031 ], [ -96.839515, 47.007162 ], [ -96.839548, 47.006728 ], [ -96.839114, 47.006248 ], [ -96.838111, 47.006065 ], [ -96.836375, 47.006842 ], [ -96.834839, 47.007254 ], [ -96.833903, 47.00682 ], [ -96.833769, 47.005106 ], [ -96.832967, 47.00417 ], [ -96.832399, 47.004147 ], [ -96.831798, 47.004353 ], [ -96.830228, 47.005267 ], [ -96.829794, 47.005358 ], [ -96.828792, 47.005061 ], [ -96.828258, 47.004627 ], [ -96.828124, 47.004285 ], [ -96.82819, 47.002274 ], [ -96.827956, 47.001885 ], [ -96.827489, 47.001611 ], [ -96.826353, 47.001726 ], [ -96.823181, 47.003668 ], [ -96.822145, 47.003897 ], [ -96.821076, 47.003486 ], [ -96.820943, 47.003006 ], [ -96.823013, 47.00136 ], [ -96.82338, 47.000881 ], [ -96.823313, 47.00033 ], [ -96.82318, 46.999965 ], [ -96.822982, 46.999965 ], [ -96.82223, 46.999261 ], [ -96.819926, 46.998685 ], [ -96.819478, 46.998413 ], [ -96.819478, 46.997373 ], [ -96.820454, 46.997181 ], [ -96.822294, 46.997821 ], [ -96.823526, 46.997693 ], [ -96.823926, 46.997437 ], [ -96.82447, 46.996173 ], [ -96.824598, 46.993309 ], [ -96.824054, 46.992541 ], [ -96.822489, 46.991265 ], [ -96.822345, 46.990591 ], [ -96.822536, 46.990142 ], [ -96.823465, 46.989311 ], [ -96.825002, 46.989118 ], [ -96.826027, 46.988767 ], [ -96.826348, 46.988446 ], [ -96.82638, 46.987918 ], [ -96.826156, 46.987485 ], [ -96.823069, 46.986298 ], [ -96.822348, 46.985529 ], [ -96.822029, 46.985017 ], [ -96.821263, 46.982229 ], [ -96.820433, 46.980388 ], [ -96.819907, 46.978305 ], [ -96.819875, 46.977344 ], [ -96.820166, 46.976352 ], [ -96.820953, 46.975504 ], [ -96.821391, 46.972841 ], [ -96.821681, 46.972424 ], [ -96.823175, 46.971482 ], [ -96.823224, 46.970839 ], [ -96.822664, 46.97002 ], [ -96.819555, 46.967415 ], [ -96.818608, 46.967077 ], [ -96.815575, 46.966958 ], [ -96.81405, 46.966602 ], [ -96.81328, 46.966152 ], [ -96.81216, 46.964609 ], [ -96.811133, 46.964159 ], [ -96.809786, 46.963835 ], [ -96.808437, 46.964075 ], [ -96.807601, 46.964636 ], [ -96.807131, 46.96685 ], [ -96.806969, 46.967299 ], [ -96.806524, 46.967636 ], [ -96.805792, 46.967672 ], [ -96.804819, 46.967295 ], [ -96.803932, 46.965597 ], [ -96.80313, 46.964518 ], [ -96.801981, 46.964128 ], [ -96.801599, 46.964209 ], [ -96.801093, 46.964817 ], [ -96.801191, 46.965231 ], [ -96.802153, 46.966467 ], [ -96.802268, 46.966945 ], [ -96.801971, 46.96795 ], [ -96.80159, 46.968287 ], [ -96.800683, 46.968323 ], [ -96.799615, 46.968075 ], [ -96.7984, 46.967398 ], [ -96.798272, 46.967478 ], [ -96.795391, 46.96614 ], [ -96.795045, 46.965838 ], [ -96.794993, 46.965433 ], [ -96.795693, 46.96426 ], [ -96.797285, 46.96302 ], [ -96.798053, 46.962204 ], [ -96.79879, 46.9603 ], [ -96.799206, 46.959724 ], [ -96.79991, 46.959228 ], [ -96.803494, 46.958428 ], [ -96.80375, 46.958172 ], [ -96.803622, 46.957068 ], [ -96.803302, 46.956652 ], [ -96.802534, 46.95598 ], [ -96.80159, 46.955596 ], [ -96.799606, 46.954316 ], [ -96.799249, 46.953769 ], [ -96.798965, 46.951148 ], [ -96.799516, 46.949334 ], [ -96.8004, 46.948691 ], [ -96.802719, 46.948411 ], [ -96.803472, 46.948076 ], [ -96.803888, 46.947813 ], [ -96.80408, 46.947436 ], [ -96.803977, 46.946533 ], [ -96.800448, 46.944676 ], [ -96.799449, 46.944269 ], [ -96.798805, 46.944206 ], [ -96.797974, 46.944186 ], [ -96.796985, 46.944514 ], [ -96.796341, 46.945013 ], [ -96.795697, 46.946433 ], [ -96.795039, 46.946841 ], [ -96.794067, 46.946933 ], [ -96.792962, 46.946604 ], [ -96.792134, 46.945933 ], [ -96.791569, 46.944948 ], [ -96.791372, 46.943593 ], [ -96.791928, 46.942063 ], [ -96.792158, 46.940564 ], [ -96.791873, 46.939528 ], [ -96.790184, 46.938082 ], [ -96.789888, 46.93705 ], [ -96.790269, 46.936393 ], [ -96.791071, 46.935722 ], [ -96.791419, 46.934677 ], [ -96.790905, 46.931775 ], [ -96.790931, 46.930618 ], [ -96.791812, 46.928751 ], [ -96.791799, 46.928265 ], [ -96.791074, 46.927315 ], [ -96.789917, 46.927215 ], [ -96.789145, 46.927489 ], [ -96.78849, 46.928945 ], [ -96.787726, 46.929829 ], [ -96.787377, 46.930103 ], [ -96.786805, 46.930164 ], [ -96.785735, 46.929917 ], [ -96.784858, 46.929183 ], [ -96.784803, 46.928464 ], [ -96.785596, 46.925266 ], [ -96.785496, 46.924719 ], [ -96.785177, 46.9244 ], [ -96.784539, 46.9243 ], [ -96.783765, 46.924382 ], [ -96.783127, 46.924719 ], [ -96.780986, 46.927571 ], [ -96.779711, 46.928327 ], [ -96.778845, 46.928136 ], [ -96.778326, 46.927717 ], [ -96.77828, 46.92604 ], [ -96.777852, 46.925694 ], [ -96.776681, 46.925721 ] ] ] } },
{ "type": "Feature", "properties": { "district": "46", "district_int": 46 }, "geometry": { "type": "Polygon", "coordinates": [ [ [ -96.793959, 46.833064 ], [ -96.793086, 46.832419 ], [ -96.791881, 46.831833 ], [ -96.787579, 46.830576 ], [ -96.785269, 46.829351 ], [ -96.783077, 46.82806 ], [ -96.780647, 46.826366 ], [ -96.780136, 46.825429 ], [ -96.780398, 46.824938 ], [ -96.78104, 46.824697 ], [ -96.781679, 46.82479 ], [ -96.783503, 46.826224 ], [ -96.788085, 46.82691 ], [ -96.789846, 46.827533 ], [ -96.791581, 46.827733 ], [ -96.792395, 46.827292 ], [ -96.792847, 46.826824 ], [ -96.793096, 46.826014 ], [ -96.792083, 46.823816 ], [ -96.792395, 46.823037 ], [ -96.793252, 46.822507 ], [ -96.79428, 46.822367 ], [ -96.797444, 46.822398 ], [ -96.799112, 46.821432 ], [ -96.799751, 46.820606 ], [ -96.80016, 46.819664 ], [ -96.800105, 46.818247 ], [ -96.799562, 46.81662 ], [ -96.799468, 46.815506 ], [ -96.799773, 46.814307 ], [ -96.800474, 46.813642 ], [ -96.802138, 46.812526 ], [ -96.802609, 46.812108 ], [ -96.80275, 46.81169 ], [ -96.802604, 46.811194 ], [ -96.802065, 46.810562 ], [ -96.801224, 46.810042 ], [ -96.800106, 46.809687 ], [ -96.798584, 46.809531 ], [ -96.797578, 46.809259 ], [ -96.796581, 46.808705 ], [ -96.795964, 46.808228 ], [ -96.79573, 46.807733 ], [ -96.795803, 46.807174 ], [ -96.796027, 46.806828 ], [ -96.796897, 46.806352 ], [ -96.79821, 46.806128 ], [ -96.801918, 46.805898 ], [ -96.80292, 46.805589 ], [ -96.803192, 46.805039 ], [ -96.803163, 46.804476 ], [ -96.802633, 46.804232 ], [ -96.801681, 46.804121 ], [ -96.799221, 46.804757 ], [ -96.798287, 46.804651 ], [ -96.79751, 46.804335 ], [ -96.796941, 46.803936 ], [ -96.796352, 46.803135 ], [ -96.795585, 46.801194 ], [ -96.795575, 46.800504 ], [ -96.795915, 46.799755 ], [ -96.796596, 46.79922 ], [ -96.798229, 46.798725 ], [ -96.801243, 46.798093 ], [ -96.801904, 46.797743 ], [ -96.802196, 46.797334 ], [ -96.80207, 46.796722 ], [ -96.80135, 46.796313 ], [ -96.799613, 46.796257 ], [ -96.797024, 46.796622 ], [ -96.795627, 46.796233 ], [ -96.794928, 46.795776 ], [ -96.794396, 46.795091 ], [ -96.794263, 46.794634 ], [ -96.794397, 46.794108 ], [ -96.795029, 46.793583 ], [ -96.796693, 46.792783 ], [ -96.796959, 46.79244 ], [ -96.796992, 46.791572 ], [ -96.796195, 46.789881 ], [ -96.795096, 46.788806 ], [ -96.793477, 46.788383 ], [ -96.792636, 46.788432 ], [ -96.791345, 46.788842 ], [ -96.790467, 46.789472 ], [ -96.789568, 46.789562 ], [ -96.789301, 46.789379 ], [ -96.789356, 46.788977 ], [ -96.790234, 46.788029 ], [ -96.790233, 46.787297 ], [ -96.7899, 46.787023 ], [ -96.788002, 46.786497 ], [ -96.787136, 46.785651 ], [ -96.78714, 46.785146 ], [ -96.799699, 46.785248 ], [ -96.798952, 46.784066 ], [ -96.798343, 46.781626 ], [ -96.797128, 46.781623 ], [ -96.797135, 46.781005 ], [ -96.794842, 46.780996 ], [ -96.795996, 46.779605 ], [ -96.798341, 46.777953 ], [ -96.798395, 46.77426 ], [ -96.798738, 46.77426 ], [ -96.798737, 46.774396 ], [ -96.80483, 46.774436 ], [ -96.804948, 46.775154 ], [ -96.808014, 46.775222 ], [ -96.808075, 46.778065 ], [ -96.81941, 46.778172 ], [ -96.819805, 46.778055 ], [ -96.829562, 46.778286 ], [ -96.828666, 46.778799 ], [ -96.828488, 46.779437 ], [ -96.82868, 46.780173 ], [ -96.829758, 46.780196 ], [ -96.829734, 46.782011 ], [ -96.827049, 46.781955 ], [ -96.826969, 46.789222 ], [ -96.826784, 46.789218 ], [ -96.826818, 46.794696 ], [ -96.826459, 46.795399 ], [ -96.825996, 46.795483 ], [ -96.824201, 46.796508 ], [ -96.823464, 46.797453 ], [ -96.823363, 46.797875 ], [ -96.823656, 46.799193 ], [ -96.824647, 46.800726 ], [ -96.824709, 46.801737 ], [ -96.823958, 46.803431 ], [ -96.818627, 46.803374 ], [ -96.819979, 46.8326 ], [ -96.815433, 46.83263 ], [ -96.815397, 46.835111 ], [ -96.815003, 46.83576 ], [ -96.810545, 46.835818 ], [ -96.810562, 46.840901 ], [ -96.810868, 46.842052 ], [ -96.811378, 46.842742 ], [ -96.809603, 46.843348 ], [ -96.800056, 46.843444 ], [ -96.798593, 46.843644 ], [ -96.79853, 46.848491 ], [ -96.79524, 46.848826 ], [ -96.791242, 46.848848 ], [ -96.780717, 46.84765 ], [ -96.78151, 46.846994 ], [ -96.781827, 46.845641 ], [ -96.781544, 46.845107 ], [ -96.780909, 46.844322 ], [ -96.780108, 46.843754 ], [ -96.775716, 46.841383 ], [ -96.774848, 46.840331 ], [ -96.774648, 46.839647 ], [ -96.775015, 46.839046 ], [ -96.775918, 46.838666 ], [ -96.777067, 46.838657 ], [ -96.778321, 46.838959 ], [ -96.781894, 46.840864 ], [ -96.783736, 46.841198 ], [ -96.785785, 46.841341 ], [ -96.786801, 46.841198 ], [ -96.787532, 46.840912 ], [ -96.787849, 46.840546 ], [ -96.788087, 46.839991 ], [ -96.787865, 46.839324 ], [ -96.787103, 46.838816 ], [ -96.784102, 46.837863 ], [ -96.783212, 46.836942 ], [ -96.782887, 46.836283 ], [ -96.783357, 46.834999 ], [ -96.784455, 46.833299 ], [ -96.785095, 46.832774 ], [ -96.786117, 46.832449 ], [ -96.786862, 46.832468 ], [ -96.78839, 46.832869 ], [ -96.790787, 46.833929 ], [ -96.792052, 46.83428 ], [ -96.792651, 46.834303 ], [ -96.793187, 46.834244 ], [ -96.79379, 46.833892 ], [ -96.793959, 46.833064 ] ] ] } },
{ "type": "Feature", "properties": { "district": "47", "district_int": 47 }, "geometry": { "type": "Polygon", "coordinates": [ [ [ -100.793535, 46.867005 ], [ -100.793673, 46.852589 ], [ -100.772376, 46.852526 ], [ -100.772804, 46.831296 ], [ -100.801103, 46.831311 ], [ -100.804176, 46.831091 ], [ -100.807337, 46.830364 ], [ -100.82094, 46.826195 ], [ -100.833979, 46.821952 ], [ -100.841628, 46.828 ], [ -100.853668, 46.836087 ], [ -100.858566, 46.84023 ], [ -100.859466, 46.841183 ], [ -100.863647, 46.846501 ], [ -100.875458, 46.865139 ], [ -100.884532, 46.874967 ], [ -100.884347, 46.874992 ], [ -100.885557, 46.876507 ], [ -100.890476, 46.881926 ], [ -100.876764, 46.881828 ], [ -100.87489, 46.883274 ], [ -100.874767, 46.888746 ], [ -100.874491, 46.888968 ], [ -100.856802, 46.888987 ], [ -100.856706, 46.888434 ], [ -100.854713, 46.887044 ], [ -100.854053, 46.886399 ], [ -100.852036, 46.882934 ], [ -100.850665, 46.878316 ], [ -100.847025, 46.871853 ], [ -100.845879, 46.867447 ], [ -100.813775, 46.866872 ], [ -100.793535, 46.867005 ] ] ] } },
{ "type": "Feature", "properties": { "district": "4A", "district_int": 4 }, "geometry": { "type": "Polygon", "coordinates": [ [ [ -101.871584, 47.998588 ], [ -101.821942, 47.998655 ], [ -101.821851, 47.875058 ], [ -101.820995, 47.84756 ], [ -101.82068, 47.818603 ], [ -101.820552, 47.760766 ], [ -101.82037, 47.758977 ], [ -101.820894, 47.749799 ], [ -101.821485, 47.731807 ], [ -101.822107, 47.702816 ], [ -101.822316, 47.677877 ], [ -101.82211, 47.658322 ], [ -101.822204, 47.631279 ], [ -101.82204, 47.626867 ], [ -101.822192, 47.624974 ], [ -101.822012, 47.619049 ], [ -101.822187, 47.615975 ], [ -101.822058, 47.609086 ], [ -101.822208, 47.608725 ], [ -101.822048, 47.6083 ], [ -101.822228, 47.591719 ], [ -101.822079, 47.588468 ], [ -101.791505, 47.588588 ], [ -101.783361, 47.588481 ], [ -101.694727, 47.588495 ], [ -101.694734, 47.574541 ], [ -101.694983, 47.566871 ], [ -101.694764, 47.561031 ], [ -101.698876, 47.560178 ], [ -101.713511, 47.536884 ], [ -101.733725, 47.532171 ], [ -101.741827, 47.529229 ], [ -101.746956, 47.526912 ], [ -101.750447, 47.525096 ], [ -101.789707, 47.506133 ], [ -101.797527, 47.503768 ], [ -101.801196, 47.501968 ], [ -101.804497, 47.500002 ], [ -101.805648, 47.499702 ], [ -101.808448, 47.498602 ], [ -101.810148, 47.497702 ], [ -101.812048, 47.497002 ], [ -101.813848, 47.496502 ], [ -101.817148, 47.495902 ], [ -101.820948, 47.494902 ], [ -101.823848, 47.494402 ], [ -101.830648, 47.494602 ], [ -101.832848, 47.494802 ], [ -101.835827, 47.495474 ], [ -101.869587, 47.477958 ], [ -101.90747, 47.457921 ], [ -101.940091, 47.457885 ], [ -101.940054, 47.465879 ], [ -101.992889, 47.465937 ], [ -101.993149, 47.467415 ], [ -101.993162, 47.472417 ], [ -102.024579, 47.472642 ], [ -102.035777, 47.472427 ], [ -102.035784, 47.476175 ], [ -102.043364, 47.476111 ], [ -102.068572, 47.476284 ], [ -102.072885, 47.47614 ], [ -102.099344, 47.476389 ], [ -102.09933, 47.480025 ], [ -102.109836, 47.479964 ], [ -102.125419, 47.479316 ], [ -102.136602, 47.479562 ], [ -102.226753, 47.479915 ], [ -102.226866, 47.476165 ], [ -102.232634, 47.476366 ], [ -102.242889, 47.476357 ], [ -102.250453, 47.476659 ], [ -102.290189, 47.476721 ], [ -102.290581, 47.475277 ], [ -102.290665, 47.473649 ], [ -102.289771, 47.469017 ], [ -102.342369, 47.469374 ], [ -102.374789, 47.46933 ], [ -102.374705, 47.462359 ], [ -102.375456, 47.462112 ], [ -102.438475, 47.461117 ], [ -102.438382, 47.466246 ], [ -102.45976, 47.465805 ], [ -102.459833, 47.476262 ], [ -102.460513, 47.500008 ], [ -102.460497, 47.512476 ], [ -102.463524, 47.511234 ], [ -102.469329, 47.51388 ], [ -102.475077, 47.515592 ], [ -102.484333, 47.517021 ], [ -102.492102, 47.517856 ], [ -102.493879, 47.517614 ], [ -102.49575, 47.516738 ], [ -102.500458, 47.511606 ], [ -102.503087, 47.509192 ], [ -102.503878, 47.507984 ], [ -102.50477, 47.508084 ], [ -102.505116, 47.508319 ], [ -102.50329, 47.512979 ], [ -102.50329, 47.513616 ], [ -102.503785, 47.513716 ], [ -102.508434, 47.511635 ], [ -102.512934, 47.509856 ], [ -102.516052, 47.510122 ], [ -102.518279, 47.511193 ], [ -102.520905, 47.514309 ], [ -102.523433, 47.518095 ], [ -102.52581, 47.519065 ], [ -102.532443, 47.520568 ], [ -102.540613, 47.523109 ], [ -102.554532, 47.526315 ], [ -102.56096, 47.527079 ], [ -102.568832, 47.528344 ], [ -102.578191, 47.530411 ], [ -102.584931, 47.534124 ], [ -102.585975, 47.535899 ], [ -102.586233, 47.540055 ], [ -102.587873, 47.542601 ], [ -102.590801, 47.545212 ], [ -102.592833, 47.546081 ], [ -102.596053, 47.546579 ], [ -102.599717, 47.546809 ], [ -102.602668, 47.546538 ], [ -102.605507, 47.545627 ], [ -102.618708, 47.539741 ], [ -102.625462, 47.536353 ], [ -102.628769, 47.535446 ], [ -102.630057, 47.535345 ], [ -102.631148, 47.535679 ], [ -102.63279, 47.537252 ], [ -102.634986, 47.540669 ], [ -102.63762, 47.542442 ], [ -102.639653, 47.542675 ], [ -102.641633, 47.542338 ], [ -102.643361, 47.540862 ], [ -102.64514, 47.539721 ], [ -102.649039, 47.536332 ], [ -102.656252, 47.532035 ], [ -102.662182, 47.528778 ], [ -102.66693, 47.527198 ], [ -102.671582, 47.526254 ], [ -102.673267, 47.526352 ], [ -102.6757, 47.527556 ], [ -102.678235, 47.529128 ], [ -102.682414, 47.532306 ], [ -102.68814, 47.537526 ], [ -102.69109, 47.542381 ], [ -102.692595, 47.545865 ], [ -102.692166, 47.548948 ], [ -102.691676, 47.550021 ], [ -102.689852, 47.551833 ], [ -102.689112, 47.552337 ], [ -102.684161, 47.553517 ], [ -102.679857, 47.55503 ], [ -102.676547, 47.556978 ], [ -102.675266, 47.558354 ], [ -102.67547, 47.559493 ], [ -102.683844, 47.567625 ], [ -102.688728, 47.572042 ], [ -102.694064, 47.577431 ], [ -102.698594, 47.580474 ], [ -102.700133, 47.580874 ], [ -102.700979, 47.580791 ], [ -102.702121, 47.580419 ], [ -102.71502, 47.573512 ], [ -102.72224, 47.569948 ], [ -102.726148, 47.568266 ], [ -102.727239, 47.568264 ], [ -102.728148, 47.568515 ], [ -102.728547, 47.569031 ], [ -102.728388, 47.569501 ], [ -102.724991, 47.573327 ], [ -102.724504, 47.574802 ], [ -102.724713, 47.576645 ], [ -102.72522, 47.578253 ], [ -102.725971, 47.579391 ], [ -102.726818, 47.580026 ], [ -102.727513, 47.580293 ], [ -102.728406, 47.580191 ], [ -102.731922, 47.57928 ], [ -102.736235, 47.578938 ], [ -102.740649, 47.578997 ], [ -102.743429, 47.579259 ], [ -102.745068, 47.57965 ], [ -102.747204, 47.580291 ], [ -102.747904, 47.580893 ], [ -102.747564, 47.581966 ], [ -102.744612, 47.585524 ], [ -102.743293, 47.588175 ], [ -102.742611, 47.590387 ], [ -102.742423, 47.591996 ], [ -102.742729, 47.593336 ], [ -102.74378, 47.594641 ], [ -102.745921, 47.59591 ], [ -102.747313, 47.596276 ], [ -102.749299, 47.596439 ], [ -102.750041, 47.59617 ], [ -102.750185, 47.595432 ], [ -102.749884, 47.594796 ], [ -102.747637, 47.592488 ], [ -102.747083, 47.591115 ], [ -102.747226, 47.590277 ], [ -102.748506, 47.588666 ], [ -102.7492, 47.588564 ], [ -102.750457, 47.588845 ], [ -102.755643, 47.593433 ], [ -102.758572, 47.595396 ], [ -102.766563, 47.598034 ], [ -102.767929, 47.59833 ], [ -102.770764, 47.598626 ], [ -102.774837, 47.598248 ], [ -102.780093, 47.596526 ], [ -102.785294, 47.594403 ], [ -102.784702, 47.607269 ], [ -102.783934, 47.636793 ], [ -102.784995, 47.750014 ], [ -102.784694, 47.866835 ], [ -102.785075, 47.874777 ], [ -102.785331, 47.890935 ], [ -102.78494, 47.963063 ], [ -102.785227, 47.963449 ], [ -102.785221, 47.967155 ], [ -102.785105, 47.977516 ], [ -102.784582, 47.977525 ], [ -102.78485, 47.998957 ], [ -102.759849, 47.998964 ], [ -102.759234, 47.999107 ], [ -102.754098, 47.999169 ], [ -102.625461, 47.998698 ], [ -102.529435, 47.998563 ], [ -102.500334, 47.99865 ], [ -102.498618, 47.998759 ], [ -102.278756, 47.998488 ], [ -102.257069, 47.998472 ], [ -102.251024, 47.998895 ], [ -102.250448, 47.99907 ], [ -102.12867, 47.998538 ], [ -102.107983, 47.998639 ], [ -102.032098, 47.99843 ], [ -102.025441, 47.998515 ], [ -102.000123, 47.998071 ], [ -101.914685, 47.998054 ], [ -101.88566, 47.998162 ], [ -101.875348, 47.99837 ], [ -101.871584, 47.998588 ] ] ] } },
{ "type": "Feature", "properties": { "district": "4B", "district_int": 4 }, "geometry": { "type": "Polygon", "coordinates": [ [ [ -102.788589, 48.284214 ], [ -102.736596, 48.283672 ], [ -102.663152, 48.28395 ], [ -102.632589, 48.283893 ], [ -102.625461, 48.284032 ], [ -102.612421, 48.283824 ], [ -102.518044, 48.283845 ], [ -102.510403, 48.283716 ], [ -102.45165, 48.283818 ], [ -102.415102, 48.283678 ], [ -102.310552, 48.283849 ], [ -102.310052, 48.28373 ], [ -102.310083, 48.344943 ], [ -102.309901, 48.347395 ], [ -102.309888, 48.372458 ], [ -102.364367, 48.37246 ], [ -102.364336, 48.384963 ], [ -102.364608, 48.38865 ], [ -102.36434, 48.389104 ], [ -102.364308, 48.391573 ], [ -102.364155, 48.43039 ], [ -102.364215, 48.44094 ], [ -102.364447, 48.441512 ], [ -102.364185, 48.443136 ], [ -102.364369, 48.444916 ], [ -102.364294, 48.459299 ], [ -102.364667, 48.461676 ], [ -102.364472, 48.463335 ], [ -102.364511, 48.473405 ], [ -102.364208, 48.478703 ], [ -102.364486, 48.48317 ], [ -102.364548, 48.516799 ], [ -102.364714, 48.519634 ], [ -102.36454, 48.51987 ], [ -102.364568, 48.530585 ], [ -102.364418, 48.531372 ], [ -102.364648, 48.546388 ], [ -102.233892, 48.546339 ], [ -102.234055, 48.620899 ], [ -102.233654, 48.675476 ], [ -102.2336, 48.72029 ], [ -102.152545, 48.720294 ], [ -102.152164, 48.8072 ], [ -102.11741, 48.807201 ], [ -102.114368, 48.807092 ], [ -102.021643, 48.807108 ], [ -102.021428, 48.720283 ], [ -101.842244, 48.720064 ], [ -101.84286, 48.591588 ], [ -101.842841, 48.459439 ], [ -101.581913, 48.459141 ], [ -101.581865, 48.448144 ], [ -101.581918, 48.446488 ], [ -101.582124, 48.446021 ], [ -101.581996, 48.439139 ], [ -101.582217, 48.378772 ], [ -101.582245, 48.376092 ], [ -101.582593, 48.375641 ], [ -101.582266, 48.374898 ], [ -101.582631, 48.374908 ], [ -101.582663, 48.37221 ], [ -101.596562, 48.372066 ], [ -101.620838, 48.372378 ], [ -101.62544, 48.372235 ], [ -101.662944, 48.372206 ], [ -101.663058, 48.321706 ], [ -101.66289, 48.317678 ], [ -101.663066, 48.313419 ], [ -101.663009, 48.278709 ], [ -101.663209, 48.271187 ], [ -101.662946, 48.270466 ], [ -101.663151, 48.262625 ], [ -101.663102, 48.224294 ], [ -101.663163, 48.220129 ], [ -101.663396, 48.21907 ], [ -101.663162, 48.217988 ], [ -101.663277, 48.214676 ], [ -101.663045, 48.211474 ], [ -101.663274, 48.164772 ], [ -101.6631, 48.124492 ], [ -101.663255, 48.12101 ], [ -101.662627, 48.115534 ], [ -101.66263, 48.109996 ], [ -101.597601, 48.109825 ], [ -101.57315, 48.109939 ], [ -101.558579, 48.109865 ], [ -101.557136, 48.109641 ], [ -101.555732, 48.10987 ], [ -101.533497, 48.109945 ], [ -101.527506, 48.109789 ], [ -101.500451, 48.109763 ], [ -101.344809, 48.109963 ], [ -101.312087, 48.109797 ], [ -101.296091, 48.109847 ], [ -101.296045, 48.028847 ], [ -101.295867, 48.027646 ], [ -101.2953, 48.02607 ], [ -101.293853, 48.022898 ], [ -101.293375, 48.022897 ], [ -101.293111, 48.02211 ], [ -101.292906, 48.020798 ], [ -101.292762, 48.01192 ], [ -101.292142, 48.009615 ], [ -101.290184, 48.005158 ], [ -101.289771, 48.003295 ], [ -101.289802, 48.00177 ], [ -101.29075, 47.998097 ], [ -101.29108, 47.995984 ], [ -101.29118, 47.97901 ], [ -101.292977, 47.974498 ], [ -101.293298, 47.972534 ], [ -101.292934, 47.965039 ], [ -101.292927, 47.938041 ], [ -101.293832, 47.929403 ], [ -101.293571, 47.927837 ], [ -101.291497, 47.923369 ], [ -101.291224, 47.921382 ], [ -101.291853, 47.919111 ], [ -101.294327, 47.914541 ], [ -101.29476, 47.912579 ], [ -101.293875, 47.905757 ], [ -101.292208, 47.897809 ], [ -101.292898, 47.893693 ], [ -101.292893, 47.826561 ], [ -101.282331, 47.826552 ], [ -101.282326, 47.819142 ], [ -101.274719, 47.819259 ], [ -101.274717, 47.817562 ], [ -101.276789, 47.817552 ], [ -101.276773, 47.819063 ], [ -101.282326, 47.818971 ], [ -101.282306, 47.811989 ], [ -101.291939, 47.812016 ], [ -101.29255, 47.810511 ], [ -101.29293, 47.808507 ], [ -101.29289, 47.704437 ], [ -101.293038, 47.702845 ], [ -101.294003, 47.699068 ], [ -101.295046, 47.693379 ], [ -101.293671, 47.684582 ], [ -101.292898, 47.682671 ], [ -101.289912, 47.677205 ], [ -101.289024, 47.67487 ], [ -101.288871, 47.674248 ], [ -101.289253, 47.674247 ], [ -101.287912, 47.668005 ], [ -101.287831, 47.666541 ], [ -101.288447, 47.663888 ], [ -101.290783, 47.660007 ], [ -101.291601, 47.65789 ], [ -101.29186, 47.656662 ], [ -101.291908, 47.639403 ], [ -101.291601, 47.637756 ], [ -101.290993, 47.636306 ], [ -101.290076, 47.634935 ], [ -101.288312, 47.633175 ], [ -101.285492, 47.63139 ], [ -101.273957, 47.625919 ], [ -101.27164, 47.62418 ], [ -101.269796, 47.621986 ], [ -101.268701, 47.619618 ], [ -101.268276, 47.618016 ], [ -101.268957, 47.618026 ], [ -101.268888, 47.617542 ], [ -101.268753, 47.617164 ], [ -101.268183, 47.616829 ], [ -101.267196, 47.61369 ], [ -101.260508, 47.58904 ], [ -101.339957, 47.589044 ], [ -101.3563, 47.588879 ], [ -101.375437, 47.578037 ], [ -101.417397, 47.554707 ], [ -101.421441, 47.557989 ], [ -101.428037, 47.561986 ], [ -101.436521, 47.564157 ], [ -101.446536, 47.564375 ], [ -101.45417, 47.563159 ], [ -101.473219, 47.556996 ], [ -101.479654, 47.555414 ], [ -101.487682, 47.555961 ], [ -101.490899, 47.556668 ], [ -101.498705, 47.556353 ], [ -101.500441, 47.555813 ], [ -101.509099, 47.552253 ], [ -101.512537, 47.550988 ], [ -101.518306, 47.549811 ], [ -101.522896, 47.548585 ], [ -101.528997, 47.547287 ], [ -101.534359, 47.54648 ], [ -101.53713, 47.545875 ], [ -101.542623, 47.544447 ], [ -101.549971, 47.542769 ], [ -101.553609, 47.541373 ], [ -101.555691, 47.539834 ], [ -101.561017, 47.537946 ], [ -101.564453, 47.537518 ], [ -101.570967, 47.535564 ], [ -101.577908, 47.534053 ], [ -101.596188, 47.531011 ], [ -101.604269, 47.529956 ], [ -101.611423, 47.52879 ], [ -101.618268, 47.52863 ], [ -101.625444, 47.528846 ], [ -101.626571, 47.529119 ], [ -101.630814, 47.528553 ], [ -101.634997, 47.527615 ], [ -101.63793, 47.527589 ], [ -101.641696, 47.528379 ], [ -101.66474, 47.534632 ], [ -101.6747, 47.536499 ], [ -101.685444, 47.538004 ], [ -101.69418, 47.538613 ], [ -101.697637, 47.539019 ], [ -101.707537, 47.538278 ], [ -101.713511, 47.536884 ], [ -101.698876, 47.560178 ], [ -101.694764, 47.561031 ], [ -101.694983, 47.566871 ], [ -101.694734, 47.574541 ], [ -101.694727, 47.588495 ], [ -101.783361, 47.588481 ], [ -101.791505, 47.588588 ], [ -101.822079, 47.588468 ], [ -101.822152, 47.588727 ], [ -101.822187, 47.615975 ], [ -101.822012, 47.619049 ], [ -101.822192, 47.624974 ], [ -101.82204, 47.626867 ], [ -101.822204, 47.631279 ], [ -101.82211, 47.658322 ], [ -101.822316, 47.677877 ], [ -101.822107, 47.702816 ], [ -101.821485, 47.731807 ], [ -101.820894, 47.749799 ], [ -101.82037, 47.758977 ], [ -101.820552, 47.760766 ], [ -101.82068, 47.818603 ], [ -101.820995, 47.84756 ], [ -101.821851, 47.875058 ], [ -101.821942, 47.998655 ], [ -101.871584, 47.998588 ], [ -101.875348, 47.99837 ], [ -101.88566, 47.998162 ], [ -101.914685, 47.998054 ], [ -102.000123, 47.998071 ], [ -102.025441, 47.998515 ], [ -102.032098, 47.99843 ], [ -102.107983, 47.998639 ], [ -102.12867, 47.998538 ], [ -102.250448, 47.99907 ], [ -102.251024, 47.998895 ], [ -102.257069, 47.998472 ], [ -102.343475, 47.998572 ], [ -102.375447, 47.998735 ], [ -102.475815, 47.998673 ], [ -102.498618, 47.998759 ], [ -102.500334, 47.99865 ], [ -102.529435, 47.998563 ], [ -102.552981, 47.998646 ], [ -102.555015, 48.000016 ], [ -102.5567, 48.000757 ], [ -102.55916, 48.001323 ], [ -102.561692, 48.001583 ], [ -102.566985, 48.002843 ], [ -102.572613, 48.004208 ], [ -102.578628, 48.006017 ], [ -102.584594, 48.007851 ], [ -102.593862, 48.011619 ], [ -102.597693, 48.014603 ], [ -102.599174, 48.019668 ], [ -102.598699, 48.026626 ], [ -102.598825, 48.032843 ], [ -102.599405, 48.037246 ], [ -102.600367, 48.039068 ], [ -102.602398, 48.041318 ], [ -102.606161, 48.044722 ], [ -102.60836, 48.046351 ], [ -102.610427, 48.046867 ], [ -102.612661, 48.047101 ], [ -102.615123, 48.04669 ], [ -102.616359, 48.046287 ], [ -102.62546, 48.040781 ], [ -102.632414, 48.038331 ], [ -102.639766, 48.03712 ], [ -102.650327, 48.038318 ], [ -102.654684, 48.039252 ], [ -102.658192, 48.040688 ], [ -102.661653, 48.042862 ], [ -102.666324, 48.047043 ], [ -102.667583, 48.049152 ], [ -102.668041, 48.050859 ], [ -102.667797, 48.052568 ], [ -102.667203, 48.054243 ], [ -102.663718, 48.058834 ], [ -102.662304, 48.068548 ], [ -102.662317, 48.071796 ], [ -102.662679, 48.07491 ], [ -102.663487, 48.076651 ], [ -102.665045, 48.078089 ], [ -102.667707, 48.079895 ], [ -102.671067, 48.081164 ], [ -102.677233, 48.082665 ], [ -102.684346, 48.083058 ], [ -102.688906, 48.083689 ], [ -102.692617, 48.084924 ], [ -102.703661, 48.087918 ], [ -102.710361, 48.088018 ], [ -102.712661, 48.088218 ], [ -102.714061, 48.088018 ], [ -102.718062, 48.087818 ], [ -102.724062, 48.087818 ], [ -102.733162, 48.088318 ], [ -102.734162, 48.088518 ], [ -102.736162, 48.089219 ], [ -102.739462, 48.089919 ], [ -102.740462, 48.090319 ], [ -102.741862, 48.090619 ], [ -102.744162, 48.091019 ], [ -102.749162, 48.091319 ], [ -102.754756, 48.092143 ], [ -102.75586, 48.092443 ], [ -102.757721, 48.093347 ], [ -102.758326, 48.09395 ], [ -102.758531, 48.094722 ], [ -102.758333, 48.095092 ], [ -102.757335, 48.095732 ], [ -102.755735, 48.09644 ], [ -102.752132, 48.097386 ], [ -102.750462, 48.097993 ], [ -102.747234, 48.098575 ], [ -102.744533, 48.099349 ], [ -102.741635, 48.10076 ], [ -102.739846, 48.10351 ], [ -102.738807, 48.105956 ], [ -102.737826, 48.109842 ], [ -102.737445, 48.113661 ], [ -102.73756, 48.116608 ], [ -102.739783, 48.119886 ], [ -102.742302, 48.122293 ], [ -102.744816, 48.123863 ], [ -102.748462, 48.125018 ], [ -102.750462, 48.126206 ], [ -102.75779, 48.128866 ], [ -102.762314, 48.129962 ], [ -102.766283, 48.130354 ], [ -102.769498, 48.129533 ], [ -102.775999, 48.125946 ], [ -102.777347, 48.125019 ], [ -102.782831, 48.122916 ], [ -102.78528, 48.121769 ], [ -102.790534, 48.120113 ], [ -102.79479, 48.11913 ], [ -102.79915, 48.118819 ], [ -102.803211, 48.118743 ], [ -102.806472, 48.118937 ], [ -102.809786, 48.119568 ], [ -102.811445, 48.120034 ], [ -102.813352, 48.120299 ], [ -102.8241, 48.122424 ], [ -102.826111, 48.123124 ], [ -102.828477, 48.123664 ], [ -102.828162, 48.12502 ], [ -102.827965, 48.168184 ], [ -102.827964, 48.171028 ], [ -102.828239, 48.171257 ], [ -102.828249, 48.216105 ], [ -102.827972, 48.241356 ], [ -102.828314, 48.267321 ], [ -102.828194, 48.284138 ], [ -102.807211, 48.284352 ], [ -102.806203, 48.284349 ], [ -102.806162, 48.28417 ], [ -102.788589, 48.284214 ] ] ] } },
{ "type": "Feature", "properties": { "district": "5", "district_int": 5 }, "geometry": { "type": "Polygon", "coordinates": [ [ [ -101.29586, 48.19656 ], [ -101.339278, 48.196642 ], [ -101.339202, 48.211143 ], [ -101.343785, 48.212851 ], [ -101.3438, 48.218941 ], [ -101.34422, 48.219659 ], [ -101.344709, 48.219975 ], [ -101.344713, 48.222443 ], [ -101.343235, 48.222349 ], [ -101.341772, 48.22593 ], [ -101.340027, 48.232179 ], [ -101.317749, 48.233485 ], [ -101.317825, 48.236657 ], [ -101.318981, 48.238536 ], [ -101.318714, 48.238985 ], [ -101.317809, 48.239648 ], [ -101.31772, 48.240091 ], [ -101.31259, 48.240059 ], [ -101.311733, 48.239747 ], [ -101.310865, 48.239014 ], [ -101.309914, 48.238754 ], [ -101.308837, 48.238896 ], [ -101.300052, 48.238878 ], [ -101.297205, 48.239877 ], [ -101.296099, 48.239989 ], [ -101.295916, 48.23246 ], [ -101.294554, 48.232649 ], [ -101.284989, 48.232656 ], [ -101.284558, 48.232254 ], [ -101.2822, 48.231183 ], [ -101.28267, 48.230614 ], [ -101.274295, 48.227701 ], [ -101.274339, 48.225468 ], [ -101.27332, 48.225374 ], [ -101.274088, 48.224293 ], [ -101.274318, 48.222768 ], [ -101.274307, 48.211472 ], [ -101.27684, 48.211398 ], [ -101.279549, 48.211061 ], [ -101.287332, 48.208803 ], [ -101.289875, 48.208257 ], [ -101.293319, 48.207794 ], [ -101.295918, 48.207715 ], [ -101.29586, 48.19656 ] ] ] } },
{ "type": "Feature", "properties": { "district": "6", "district_int": 6 }, "geometry": { "type": "Polygon", "coordinates": [ [ [ -100.658022, 47.674297 ], [ -100.665743, 47.674111 ], [ -100.672146, 47.674147 ], [ -100.67245, 47.673928 ], [ -100.672706, 47.658389 ], [ -100.672712, 47.619253 ], [ -100.673015, 47.588902 ], [ -100.672997, 47.526073 ], [ -100.673061, 47.52462 ], [ -100.673291, 47.524197 ], [ -100.672959, 47.520854 ], [ -100.673109, 47.519478 ], [ -100.673182, 47.482125 ], [ -100.673021, 47.458392 ], [ -100.67311, 47.381274 ], [ -100.672951, 47.372546 ], [ -100.672618, 47.371942 ], [ -100.673071, 47.37067 ], [ -100.673351, 47.333117 ], [ -100.67321, 47.327646 ], [ -100.749334, 47.327685 ], [ -100.749365, 47.323872 ], [ -100.749037, 47.323676 ], [ -100.749262, 47.322199 ], [ -100.749131, 47.287901 ], [ -100.874961, 47.287453 ], [ -100.960677, 47.287556 ], [ -100.96205, 47.287334 ], [ -100.965345, 47.286297 ], [ -100.966451, 47.286186 ], [ -100.968339, 47.286436 ], [ -100.971305, 47.287437 ], [ -100.972835, 47.287566 ], [ -101.002159, 47.287446 ], [ -101.005553, 47.2868 ], [ -101.006891, 47.286748 ], [ -101.010589, 47.287341 ], [ -101.013301, 47.287498 ], [ -101.013371, 47.294712 ], [ -101.019073, 47.294721 ], [ -101.01896, 47.301982 ], [ -101.030833, 47.302018 ], [ -101.035657, 47.304132 ], [ -101.035586, 47.305582 ], [ -101.045425, 47.305606 ], [ -101.045416, 47.303948 ], [ -101.052357, 47.304561 ], [ -101.055012, 47.305205 ], [ -101.057922, 47.306311 ], [ -101.060237, 47.307606 ], [ -101.062369, 47.309263 ], [ -101.063139, 47.310082 ], [ -101.075693, 47.327103 ], [ -101.07713, 47.329493 ], [ -101.077785, 47.331306 ], [ -101.078162, 47.333521 ], [ -101.078219, 47.348694 ], [ -101.078913, 47.351448 ], [ -101.079885, 47.353428 ], [ -101.082586, 47.356901 ], [ -101.082973, 47.356897 ], [ -101.091861, 47.367538 ], [ -101.094859, 47.371401 ], [ -101.096308, 47.371448 ], [ -101.096673, 47.373039 ], [ -101.097378, 47.37352 ], [ -101.098152, 47.373704 ], [ -101.099734, 47.373695 ], [ -101.099786, 47.382171 ], [ -101.099674, 47.382866 ], [ -101.099216, 47.382989 ], [ -101.100465, 47.386533 ], [ -101.100045, 47.386333 ], [ -101.105063, 47.400528 ], [ -101.106695, 47.404595 ], [ -101.109726, 47.41377 ], [ -101.111358, 47.416795 ], [ -101.117691, 47.425379 ], [ -101.120995, 47.432506 ], [ -101.121505, 47.43527 ], [ -101.121487, 47.450847 ], [ -101.121629, 47.452016 ], [ -101.121899, 47.453345 ], [ -101.122677, 47.455419 ], [ -101.124307, 47.457981 ], [ -101.125848, 47.459675 ], [ -101.127657, 47.461194 ], [ -101.154595, 47.480034 ], [ -101.157445, 47.48229 ], [ -101.159498, 47.484651 ], [ -101.185442, 47.517591 ], [ -101.187321, 47.519366 ], [ -101.19967, 47.529039 ], [ -101.202062, 47.530565 ], [ -101.214616, 47.537234 ], [ -101.216965, 47.538362 ], [ -101.219126, 47.538237 ], [ -101.227325, 47.542613 ], [ -101.227354, 47.5438 ], [ -101.230205, 47.545478 ], [ -101.230633, 47.545521 ], [ -101.24966, 47.555733 ], [ -101.249587, 47.555995 ], [ -101.255989, 47.559418 ], [ -101.2578, 47.560758 ], [ -101.259068, 47.562272 ], [ -101.259692, 47.563674 ], [ -101.259928, 47.564921 ], [ -101.260154, 47.589037 ], [ -101.260508, 47.58904 ], [ -101.267196, 47.61369 ], [ -101.268183, 47.616829 ], [ -101.268753, 47.617164 ], [ -101.268888, 47.617542 ], [ -101.268957, 47.618026 ], [ -101.268276, 47.618016 ], [ -101.269123, 47.62071 ], [ -101.269968, 47.62226 ], [ -101.271108, 47.623641 ], [ -101.272434, 47.624892 ], [ -101.2737, 47.625761 ], [ -101.285492, 47.63139 ], [ -101.288312, 47.633175 ], [ -101.289449, 47.634216 ], [ -101.290519, 47.635537 ], [ -101.291692, 47.638076 ], [ -101.291937, 47.640256 ], [ -101.29186, 47.656662 ], [ -101.29099, 47.659566 ], [ -101.288792, 47.663206 ], [ -101.288206, 47.664544 ], [ -101.287874, 47.666031 ], [ -101.287872, 47.667673 ], [ -101.289253, 47.674247 ], [ -101.288871, 47.674248 ], [ -101.289284, 47.675703 ], [ -101.290376, 47.678162 ], [ -101.292898, 47.682671 ], [ -101.293671, 47.684582 ], [ -101.294705, 47.690371 ], [ -101.295058, 47.693725 ], [ -101.294003, 47.699068 ], [ -101.293124, 47.702407 ], [ -101.29289, 47.704437 ], [ -101.29304, 47.754351 ], [ -101.292854, 47.767258 ], [ -101.29304, 47.772071 ], [ -101.292863, 47.809062 ], [ -101.292433, 47.81089 ], [ -101.291939, 47.812016 ], [ -101.282306, 47.811989 ], [ -101.282326, 47.818971 ], [ -101.276773, 47.819063 ], [ -101.276789, 47.817552 ], [ -101.274717, 47.817562 ], [ -101.274719, 47.819259 ], [ -101.282326, 47.819142 ], [ -101.282331, 47.826552 ], [ -101.292893, 47.826561 ], [ -101.292898, 47.893693 ], [ -101.292208, 47.897809 ], [ -101.293875, 47.905757 ], [ -101.29476, 47.912579 ], [ -101.294327, 47.914541 ], [ -101.291853, 47.919111 ], [ -101.291224, 47.921382 ], [ -101.291497, 47.923369 ], [ -101.293571, 47.927837 ], [ -101.293832, 47.929403 ], [ -101.292927, 47.938041 ], [ -101.292934, 47.965039 ], [ -101.293298, 47.972534 ], [ -101.292977, 47.974498 ], [ -101.29118, 47.97901 ], [ -101.29108, 47.995984 ], [ -101.29075, 47.998097 ], [ -101.289802, 48.00177 ], [ -101.289771, 48.003295 ], [ -101.290184, 48.005158 ], [ -101.292142, 48.009615 ], [ -101.292762, 48.01192 ], [ -101.292906, 48.020798 ], [ -101.293111, 48.02211 ], [ -101.293375, 48.022897 ], [ -101.293853, 48.022898 ], [ -101.2953, 48.02607 ], [ -101.295867, 48.027646 ], [ -101.296045, 48.028847 ], [ -101.296091, 48.109847 ], [ -101.274675, 48.109815 ], [ -101.274244, 48.109982 ], [ -101.249463, 48.10981 ], [ -101.246398, 48.109967 ], [ -101.244391, 48.109806 ], [ -101.243463, 48.109921 ], [ -101.24207, 48.109782 ], [ -101.233053, 48.109757 ], [ -101.149405, 48.109782 ], [ -101.14905, 48.109673 ], [ -101.125434, 48.109485 ], [ -101.1194, 48.109707 ], [ -101.014783, 48.109544 ], [ -101.014671, 48.125946 ], [ -101.014831, 48.132792 ], [ -101.014449, 48.15185 ], [ -101.014727, 48.15725 ], [ -101.014516, 48.178004 ], [ -101.014343, 48.290216 ], [ -101.01419, 48.291017 ], [ -101.014028, 48.312147 ], [ -101.014023, 48.355946 ], [ -101.014232, 48.371432 ], [ -101.059915, 48.371453 ], [ -101.059833, 48.458448 ], [ -101.250057, 48.458675 ], [ -101.569922, 48.459102 ], [ -101.571366, 48.458997 ], [ -101.600678, 48.459199 ], [ -101.708798, 48.459277 ], [ -101.720306, 48.459408 ], [ -101.842841, 48.459439 ], [ -101.84286, 48.591588 ], [ -101.842244, 48.720064 ], [ -102.021428, 48.720283 ], [ -102.021655, 48.79958 ], [ -102.021346, 48.836349 ], [ -102.021649, 48.875246 ], [ -102.021342, 48.893879 ], [ -102.021346, 48.90777 ], [ -102.021493, 48.908355 ], [ -102.021244, 48.922835 ], [ -102.021214170102255, 48.998887924190093 ], [ -101.8105133297815, 48.999099301258141 ], [ -101.612094847501751, 48.999317074210744 ], [ -101.311873, 48.999479 ], [ -101.102863, 48.999531 ], [ -100.854182, 48.999534 ], [ -100.623022, 48.999432 ], [ -100.392873, 48.999346 ], [ -100.182606, 48.999297 ], [ -100.182616, 48.966762 ], [ -100.182416, 48.965043 ], [ -100.182411, 48.951879 ], [ -100.182781, 48.950351 ], [ -100.182915, 48.94319 ], [ -100.182589, 48.941894 ], [ -100.182864, 48.899066 ], [ -100.182654, 48.888654 ], [ -100.182776, 48.868838 ], [ -100.182509, 48.861073 ], [ -100.182738, 48.860544 ], [ -100.182791, 48.852839 ], [ -100.182978, 48.851441 ], [ -100.183034, 48.718909 ], [ -100.145494, 48.718875 ], [ -100.145858, 48.545211 ], [ -100.276619, 48.544813 ], [ -100.276613, 48.48836 ], [ -100.276424, 48.472539 ], [ -100.27664, 48.439853 ], [ -100.276614, 48.371199 ], [ -100.259241, 48.371398 ], [ -100.254201, 48.371237 ], [ -100.237099, 48.371244 ], [ -100.237115, 48.359428 ], [ -100.237418, 48.357788 ], [ -100.237268, 48.35541 ], [ -100.237309, 48.312109 ], [ -100.237015, 48.3108 ], [ -100.236988, 48.28393 ], [ -100.237321, 48.250001 ], [ -100.23714, 48.240872 ], [ -100.237124, 48.196137 ], [ -100.237516, 48.138125 ], [ -100.237244, 48.126491 ], [ -100.236834, 48.12464 ], [ -100.237131, 48.124384 ], [ -100.236986, 48.079991 ], [ -100.237217, 48.066968 ], [ -100.237008, 48.064215 ], [ -100.236928, 48.05244 ], [ -100.237022, 48.021866 ], [ -100.197558, 48.021857 ], [ -100.19794, 47.847651 ], [ -100.236865, 47.847595 ], [ -100.241152, 47.847413 ], [ -100.262629, 47.847503 ], [ -100.374061, 47.847336 ], [ -100.585179, 47.847761 ], [ -100.585165, 47.845121 ], [ -100.585373, 47.843718 ], [ -100.585071, 47.818941 ], [ -100.585185, 47.796416 ], [ -100.585417, 47.789885 ], [ -100.584901, 47.73331 ], [ -100.585237, 47.731979 ], [ -100.585188, 47.717965 ], [ -100.584927, 47.716728 ], [ -100.585062, 47.674088 ], [ -100.609015, 47.674082 ], [ -100.611523, 47.674045 ], [ -100.611861, 47.673824 ], [ -100.613366, 47.674063 ], [ -100.652815, 47.674083 ], [ -100.658022, 47.674297 ] ] ] } },
{ "type": "Feature", "properties": { "district": "7", "district_int": 7 }, "geometry": { "type": "Polygon", "coordinates": [ [ [ -100.708955, 46.895926 ], [ -100.709607, 46.837957 ], [ -100.709404, 46.837956 ], [ -100.709475, 46.835445 ], [ -100.715957, 46.833212 ], [ -100.718602, 46.832471 ], [ -100.721628, 46.831846 ], [ -100.724068, 46.831485 ], [ -100.727583, 46.831257 ], [ -100.772804, 46.831296 ], [ -100.772376, 46.852526 ], [ -100.793673, 46.852589 ], [ -100.793535, 46.867005 ], [ -100.813775, 46.866872 ], [ -100.845879, 46.867447 ], [ -100.847025, 46.871853 ], [ -100.850665, 46.878316 ], [ -100.852036, 46.882934 ], [ -100.854053, 46.886399 ], [ -100.854713, 46.887044 ], [ -100.856706, 46.888434 ], [ -100.856802, 46.888987 ], [ -100.874491, 46.888968 ], [ -100.874767, 46.888746 ], [ -100.87489, 46.883274 ], [ -100.876764, 46.881828 ], [ -100.890476, 46.881926 ], [ -100.903516, 46.896505 ], [ -100.886422, 46.896616 ], [ -100.875286, 46.896454 ], [ -100.862478, 46.89593 ], [ -100.860067, 46.89613 ], [ -100.850872, 46.89599 ], [ -100.82883, 46.89617 ], [ -100.708955, 46.895926 ] ] ] } },
{ "type": "Feature", "properties": { "district": "8", "district_int": 8 }, "geometry": { "type": "Polygon", "coordinates": [ [ [ -100.601092, 46.982599 ], [ -100.599304, 46.982466 ], [ -100.580746, 46.982352 ], [ -100.581183, 46.956517 ], [ -100.580987, 46.952336 ], [ -100.581305, 46.950657 ], [ -100.582313, 46.895728 ], [ -100.550627, 46.89555 ], [ -100.54736, 46.895642 ], [ -100.543128, 46.895546 ], [ -100.541482, 46.895684 ], [ -100.540432, 46.895529 ], [ -100.49232, 46.895314 ], [ -100.455973, 46.894869 ], [ -100.456085, 46.874993 ], [ -100.456795, 46.851682 ], [ -100.456697, 46.833924 ], [ -100.456912, 46.821506 ], [ -100.457125, 46.820681 ], [ -100.45697, 46.819163 ], [ -100.457144, 46.808247 ], [ -100.394265, 46.808105 ], [ -100.373016, 46.808389 ], [ -100.352082, 46.808153 ], [ -100.305039, 46.808016 ], [ -100.299233, 46.807908 ], [ -100.29869, 46.807687 ], [ -100.296576, 46.807868 ], [ -100.288888, 46.807873 ], [ -100.2592, 46.807821 ], [ -100.224907, 46.807505 ], [ -100.077914, 46.807215 ], [ -100.078395, 46.77829 ], [ -100.07902, 46.757515 ], [ -100.079188, 46.73495 ], [ -100.080062, 46.707073 ], [ -100.080205, 46.692176 ], [ -100.079856, 46.6915 ], [ -100.080099, 46.690496 ], [ -100.081198, 46.633396 ], [ -100.03932, 46.633277 ], [ -100.020556, 46.633024 ], [ -100.000287, 46.632996 ], [ -99.999686, 46.633125 ], [ -99.978717, 46.632895 ], [ -99.976126, 46.633015 ], [ -99.957616, 46.632965 ], [ -99.954957, 46.633165 ], [ -99.936527, 46.632944 ], [ -99.933861, 46.633065 ], [ -99.915586, 46.632926 ], [ -99.916044, 46.545384 ], [ -99.916497, 46.516043 ], [ -99.916802, 46.461799 ], [ -99.917022, 46.384783 ], [ -99.916812, 46.384248 ], [ -99.917026, 46.383922 ], [ -99.917082, 46.377807 ], [ -99.917039, 46.370885 ], [ -99.916874, 46.370575 ], [ -99.91706, 46.370541 ], [ -99.916929, 46.312103 ], [ -99.917096, 46.298593 ], [ -99.91729, 46.297606 ], [ -99.91718, 46.283735 ], [ -99.916758, 46.283171 ], [ -99.909916, 46.283161 ], [ -99.906955, 46.282973 ], [ -99.899506, 46.282908 ], [ -99.878351, 46.283102 ], [ -99.878575, 46.231054 ], [ -99.878938, 46.229253 ], [ -99.878624, 46.222961 ], [ -99.878647, 46.216946 ], [ -99.878434, 46.215588 ], [ -99.878366, 46.188033 ], [ -99.878484, 46.175254 ], [ -99.878875, 46.17333 ], [ -99.879028, 46.144602 ], [ -99.878863, 46.14353 ], [ -99.878882, 46.130013 ], [ -99.87928, 46.101608 ], [ -99.879126, 46.09129 ], [ -99.879559, 46.018298 ], [ -99.879886, 46.000006 ], [ -99.879877, 45.955867 ], [ -99.88006, 45.941423 ], [ -99.894845, 45.941382 ], [ -99.963244, 45.941816 ], [ -100.00038, 45.941849 ], [ -100.004999, 45.941967 ], [ -100.02501, 45.941902 ], [ -100.03689, 45.94207 ], [ -100.050925, 45.941987 ], [ -100.11223, 45.94231 ], [ -100.125395, 45.942219 ], [ -100.14173, 45.942506 ], [ -100.160465, 45.942402 ], [ -100.24681, 45.943026 ], [ -100.284352, 45.94291 ], [ -100.308163, 45.943258 ], [ -100.355069, 45.943217 ], [ -100.369045, 45.943441 ], [ -100.378754, 45.943156 ], [ -100.417472, 45.943522 ], [ -100.511949, 45.943712 ], [ -100.512061, 45.94513 ], [ -100.511809, 45.947837 ], [ -100.508837, 45.952331 ], [ -100.507681, 45.955325 ], [ -100.506719, 45.961568 ], [ -100.506772, 45.964552 ], [ -100.507026, 45.966548 ], [ -100.50876, 45.970113 ], [ -100.511038, 45.973913 ], [ -100.513943, 45.977885 ], [ -100.516556, 45.982292 ], [ -100.521885, 45.98942 ], [ -100.52764, 45.996212 ], [ -100.531003, 45.999282 ], [ -100.531254, 45.999996 ], [ -100.533105, 46.000496 ], [ -100.539605, 46.000896 ], [ -100.541005, 46.001096 ], [ -100.543005, 46.001496 ], [ -100.550005, 46.003396 ], [ -100.556605, 46.006196 ], [ -100.560205, 46.008396 ], [ -100.561905, 46.009696 ], [ -100.565005, 46.012796 ], [ -100.567805, 46.016196 ], [ -100.568905, 46.018096 ], [ -100.571205, 46.021096 ], [ -100.572905, 46.023996 ], [ -100.574605, 46.026296 ], [ -100.579205, 46.030096 ], [ -100.582205, 46.033496 ], [ -100.588705, 46.039796 ], [ -100.591305, 46.042696 ], [ -100.595105, 46.045496 ], [ -100.597705, 46.047996 ], [ -100.600005, 46.049896 ], [ -100.600804, 46.051096 ], [ -100.604404, 46.054796 ], [ -100.608004, 46.059296 ], [ -100.611804, 46.065596 ], [ -100.614504, 46.071796 ], [ -100.616904, 46.081796 ], [ -100.617104, 46.087896 ], [ -100.616304, 46.091096 ], [ -100.613704, 46.097996 ], [ -100.613604, 46.101396 ], [ -100.613904, 46.104596 ], [ -100.613904, 46.107596 ], [ -100.614604, 46.112295 ], [ -100.615304, 46.114395 ], [ -100.616104, 46.115695 ], [ -100.618904, 46.119095 ], [ -100.623004, 46.123195 ], [ -100.625404, 46.126295 ], [ -100.626329, 46.126983 ], [ -100.627952, 46.129915 ], [ -100.629015, 46.134051 ], [ -100.629364, 46.143132 ], [ -100.629145, 46.145608 ], [ -100.626135, 46.152766 ], [ -100.625404, 46.153595 ], [ -100.619703, 46.163795 ], [ -100.618303, 46.165895 ], [ -100.615303, 46.169695 ], [ -100.611903, 46.173095 ], [ -100.608503, 46.177395 ], [ -100.597402, 46.189894 ], [ -100.594402, 46.193994 ], [ -100.593002, 46.195594 ], [ -100.592202, 46.196394 ], [ -100.587602, 46.199894 ], [ -100.585402, 46.202194 ], [ -100.584402, 46.202994 ], [ -100.581502, 46.204494 ], [ -100.578001, 46.206794 ], [ -100.575301, 46.209394 ], [ -100.569001, 46.218694 ], [ -100.564501, 46.226794 ], [ -100.5621, 46.230694 ], [ -100.5612, 46.231794 ], [ -100.5592, 46.235694 ], [ -100.5585, 46.237694 ], [ -100.5576, 46.241594 ], [ -100.5576, 46.243694 ], [ -100.5582, 46.247694 ], [ -100.5582, 46.249293 ], [ -100.558549, 46.249993 ], [ -100.5594, 46.250493 ], [ -100.5644, 46.255494 ], [ -100.5664, 46.256994 ], [ -100.5786, 46.270694 ], [ -100.5798, 46.272294 ], [ -100.5809, 46.274294 ], [ -100.5815, 46.275894 ], [ -100.5817, 46.277294 ], [ -100.5816, 46.278594 ], [ -100.5804, 46.281394 ], [ -100.5778, 46.284994 ], [ -100.5766, 46.286994 ], [ -100.5752, 46.288794 ], [ -100.5699, 46.293394 ], [ -100.5667, 46.297194 ], [ -100.562199, 46.303994 ], [ -100.559099, 46.307994 ], [ -100.553299, 46.319394 ], [ -100.549199, 46.329293 ], [ -100.548699, 46.332093 ], [ -100.548699, 46.334493 ], [ -100.549499, 46.340693 ], [ -100.549999, 46.353494 ], [ -100.550299, 46.357594 ], [ -100.550799, 46.361094 ], [ -100.551199, 46.363494 ], [ -100.555099, 46.373394 ], [ -100.555699, 46.374694 ], [ -100.556299, 46.375194 ], [ -100.556799, 46.376594 ], [ -100.557599, 46.377694 ], [ -100.559399, 46.381694 ], [ -100.563599, 46.388094 ], [ -100.568599, 46.394794 ], [ -100.573599, 46.404294 ], [ -100.577999, 46.410894 ], [ -100.580799, 46.415994 ], [ -100.585899, 46.422194 ], [ -100.588199, 46.424594 ], [ -100.590199, 46.427894 ], [ -100.589999, 46.428293 ], [ -100.591799, 46.430694 ], [ -100.594299, 46.434694 ], [ -100.595299, 46.435494 ], [ -100.597199, 46.439094 ], [ -100.598399, 46.443594 ], [ -100.598599, 46.445694 ], [ -100.598499, 46.449294 ], [ -100.598099, 46.451294 ], [ -100.592399, 46.466194 ], [ -100.591199, 46.472994 ], [ -100.590899, 46.478894 ], [ -100.589999, 46.482594 ], [ -100.586599, 46.492694 ], [ -100.584198, 46.497094 ], [ -100.583298, 46.499294 ], [ -100.578739, 46.505556 ], [ -100.574729, 46.507812 ], [ -100.570878, 46.508955 ], [ -100.562832, 46.512031 ], [ -100.558797, 46.514198 ], [ -100.550675, 46.519637 ], [ -100.545821, 46.525191 ], [ -100.544136, 46.530431 ], [ -100.544555, 46.533766 ], [ -100.557958, 46.545719 ], [ -100.56855, 46.555967 ], [ -100.571481, 46.558219 ], [ -100.576281, 46.562647 ], [ -100.587027, 46.573435 ], [ -100.587791, 46.576633 ], [ -100.585738, 46.579234 ], [ -100.580887, 46.580649 ], [ -100.576161, 46.578925 ], [ -100.571421, 46.577677 ], [ -100.565369, 46.578449 ], [ -100.561071, 46.584272 ], [ -100.561035, 46.587847 ], [ -100.568141, 46.594025 ], [ -100.584742, 46.599471 ], [ -100.601776, 46.603674 ], [ -100.6254, 46.612184 ], [ -100.629481, 46.614225 ], [ -100.634032, 46.617449 ], [ -100.637929, 46.620643 ], [ -100.641011, 46.622727 ], [ -100.651703, 46.62849 ], [ -100.653502, 46.629228 ], [ -100.656512, 46.631183 ], [ -100.660636, 46.633413 ], [ -100.661712, 46.634236 ], [ -100.662736, 46.635462 ], [ -100.663664, 46.639612 ], [ -100.662352, 46.644058 ], [ -100.661338, 46.646585 ], [ -100.659545, 46.650124 ], [ -100.655389, 46.655184 ], [ -100.65223, 46.658175 ], [ -100.648127, 46.660665 ], [ -100.646002, 46.661669 ], [ -100.642954, 46.664304 ], [ -100.641817, 46.665728 ], [ -100.641115, 46.667311 ], [ -100.639969, 46.672046 ], [ -100.639649, 46.675729 ], [ -100.64008, 46.677208 ], [ -100.641665, 46.678391 ], [ -100.643241, 46.678953 ], [ -100.646046, 46.67958 ], [ -100.64843, 46.679706 ], [ -100.64852, 46.694165 ], [ -100.647952, 46.708471 ], [ -100.647921, 46.722006 ], [ -100.657788, 46.72188 ], [ -100.690001, 46.722109 ], [ -100.690078, 46.73373 ], [ -100.689837, 46.73656 ], [ -100.689525, 46.751009 ], [ -100.710687, 46.751119 ], [ -100.710503, 46.765642 ], [ -100.716133, 46.765631 ], [ -100.716111, 46.76689 ], [ -100.714499, 46.76768 ], [ -100.710513, 46.767677 ], [ -100.709903, 46.800218 ], [ -100.709699, 46.827072 ], [ -100.715681, 46.827157 ], [ -100.716768, 46.827479 ], [ -100.719043, 46.828612 ], [ -100.720353, 46.828869 ], [ -100.730484, 46.828869 ], [ -100.730489, 46.831234 ], [ -100.727583, 46.831257 ], [ -100.724068, 46.831485 ], [ -100.720445, 46.832055 ], [ -100.715957, 46.833212 ], [ -100.709475, 46.835445 ], [ -100.709404, 46.837956 ], [ -100.709607, 46.837957 ], [ -100.709438, 46.840627 ], [ -100.708955, 46.895926 ], [ -100.82883, 46.89617 ], [ -100.850872, 46.89599 ], [ -100.860067, 46.89613 ], [ -100.862478, 46.89593 ], [ -100.875286, 46.896454 ], [ -100.886422, 46.896616 ], [ -100.903516, 46.896505 ], [ -100.903906, 46.896966 ], [ -100.903972, 46.897286 ], [ -100.905795, 46.899838 ], [ -100.907902, 46.904367 ], [ -100.908196, 46.905608 ], [ -100.908001, 46.90762 ], [ -100.907478, 46.908674 ], [ -100.906926, 46.914427 ], [ -100.904579, 46.922977 ], [ -100.903895, 46.927839 ], [ -100.904043, 46.93126 ], [ -100.905171, 46.937129 ], [ -100.90532, 46.940147 ], [ -100.906252, 46.944508 ], [ -100.907675, 46.948667 ], [ -100.909195, 46.950915 ], [ -100.912284, 46.953164 ], [ -100.933367, 46.964408 ], [ -100.938028, 46.969239 ], [ -100.939209, 46.972727 ], [ -100.93843, 46.977757 ], [ -100.935983, 46.98284 ], [ -100.932653, 46.987312 ], [ -100.92839, 46.990395 ], [ -100.923339, 46.993008 ], [ -100.917211, 46.995386 ], [ -100.910443, 46.997126 ], [ -100.901635, 46.999991 ], [ -100.895729, 47.002713 ], [ -100.882172, 47.015115 ], [ -100.880487, 47.019413 ], [ -100.879741, 47.022167 ], [ -100.879186, 47.026838 ], [ -100.879007, 47.033796 ], [ -100.878371, 47.035978 ], [ -100.87861, 47.038264 ], [ -100.880406, 47.040207 ], [ -100.880959, 47.042169 ], [ -100.884241, 47.047284 ], [ -100.888067, 47.050927 ], [ -100.892772, 47.054658 ], [ -100.902012, 47.060229 ], [ -100.907763, 47.064656 ], [ -100.912598, 47.06751 ], [ -100.919706, 47.072415 ], [ -100.925455, 47.076898 ], [ -100.930366, 47.082455 ], [ -100.935808, 47.089563 ], [ -100.937483, 47.093629 ], [ -100.9381, 47.105798 ], [ -100.939558, 47.115224 ], [ -100.93986, 47.119041 ], [ -100.939626, 47.119955 ], [ -100.939795, 47.121129 ], [ -100.939741, 47.12365 ], [ -100.942216, 47.132392 ], [ -100.942616, 47.133092 ], [ -100.943016, 47.134892 ], [ -100.944716, 47.139492 ], [ -100.946616, 47.142692 ], [ -100.948817, 47.145092 ], [ -100.953017, 47.148492 ], [ -100.953717, 47.148692 ], [ -100.957217, 47.150392 ], [ -100.960517, 47.152192 ], [ -100.963854, 47.155129 ], [ -100.96544, 47.157134 ], [ -100.926222, 47.15694 ], [ -100.794024, 47.157124 ], [ -100.794023, 47.157243 ], [ -100.794295, 47.157251 ], [ -100.794292, 47.157412 ], [ -100.794035, 47.157417 ], [ -100.794026, 47.164265 ], [ -100.791472, 47.164278 ], [ -100.791482, 47.164872 ], [ -100.789788, 47.164877 ], [ -100.789364, 47.164876 ], [ -100.789356, 47.164637 ], [ -100.785027, 47.164651 ], [ -100.784832, 47.164318 ], [ -100.784419, 47.164316 ], [ -100.782145, 47.160404 ], [ -100.781084, 47.16049 ], [ -100.779859, 47.159591 ], [ -100.779509, 47.159544 ], [ -100.776973, 47.157997 ], [ -100.775688, 47.157645 ], [ -100.772847, 47.157209 ], [ -100.74937, 47.157245 ], [ -100.749799, 47.089565 ], [ -100.749627, 47.040935 ], [ -100.749876, 47.039508 ], [ -100.749525, 47.025525 ], [ -100.749296, 46.997774 ], [ -100.749159, 46.997571 ], [ -100.74945, 46.995852 ], [ -100.749556, 46.982971 ], [ -100.601092, 46.982599 ] ] ] } },
{ "type": "Feature", "properties": { "district": "9", "district_int": 9 }, "geometry": { "type": "Polygon", "coordinates": [ [ [ -100.145858, 48.545211 ], [ -100.145494, 48.718875 ], [ -100.183034, 48.718909 ], [ -100.182978, 48.851441 ], [ -100.182791, 48.852839 ], [ -100.182738, 48.860544 ], [ -100.182509, 48.861073 ], [ -100.182776, 48.868838 ], [ -100.182654, 48.888654 ], [ -100.182864, 48.899066 ], [ -100.182589, 48.941894 ], [ -100.182915, 48.94319 ], [ -100.182781, 48.950351 ], [ -100.182411, 48.951879 ], [ -100.182416, 48.965043 ], [ -100.182616, 48.966762 ], [ -100.182606, 48.999297 ], [ -99.964985, 48.99924 ], [ -99.77907, 48.999174 ], [ -99.525774, 48.999411 ], [ -99.52549, 48.935282 ], [ -99.525501, 48.921069 ], [ -99.525745, 48.920645 ], [ -99.525758, 48.86301 ], [ -99.525957, 48.858641 ], [ -99.525678, 48.834555 ], [ -99.525895, 48.718384 ], [ -99.493002, 48.718359 ], [ -99.493286, 48.457894 ], [ -99.493065, 48.42899 ], [ -99.493356, 48.373675 ], [ -99.492919, 48.370946 ], [ -99.325122, 48.370768 ], [ -99.200306, 48.370658 ], [ -99.200158, 48.274506 ], [ -99.188663, 48.2745 ], [ -99.188571, 48.262739 ], [ -99.200049, 48.262672 ], [ -99.199911, 48.155309 ], [ -99.197644, 48.15431 ], [ -99.195287, 48.152551 ], [ -99.195185, 48.151088 ], [ -99.193784, 48.149375 ], [ -99.192608, 48.148731 ], [ -99.191157, 48.148577 ], [ -99.190974, 48.148729 ], [ -99.189135, 48.148864 ], [ -99.187795, 48.149284 ], [ -99.187781, 48.149461 ], [ -99.186121, 48.149589 ], [ -99.184505, 48.149167 ], [ -99.181229, 48.148775 ], [ -99.177434, 48.14783 ], [ -99.174689, 48.147321 ], [ -99.164892, 48.144263 ], [ -99.158353, 48.142016 ], [ -99.153471, 48.139771 ], [ -99.149357, 48.138428 ], [ -99.147664, 48.138336 ], [ -99.146566, 48.138749 ], [ -99.142772, 48.141323 ], [ -99.141542, 48.142419 ], [ -99.139356, 48.143675 ], [ -99.13618, 48.144291 ], [ -99.134302, 48.143787 ], [ -99.128969, 48.140355 ], [ -99.128867, 48.139902 ], [ -99.129052, 48.139613 ], [ -99.130041, 48.139336 ], [ -99.130514, 48.139008 ], [ -99.131755, 48.137093 ], [ -99.131617, 48.136624 ], [ -99.130721, 48.136319 ], [ -99.130272, 48.135815 ], [ -99.129043, 48.135249 ], [ -99.128451, 48.13468 ], [ -99.127342, 48.134091 ], [ -99.127393, 48.133049 ], [ -99.128179, 48.131891 ], [ -99.127804, 48.131226 ], [ -99.127355, 48.130778 ], [ -99.125409, 48.130402 ], [ -99.125108, 48.129999 ], [ -99.124108, 48.129799 ], [ -99.12212, 48.128522 ], [ -99.119819, 48.124999 ], [ -99.116525, 48.120686 ], [ -99.116565, 48.119472 ], [ -99.115742, 48.118245 ], [ -99.115706, 48.117792 ], [ -99.11611, 48.117027 ], [ -99.117128, 48.116183 ], [ -99.118216, 48.114675 ], [ -99.118522, 48.113056 ], [ -99.11818, 48.111826 ], [ -99.117225, 48.111097 ], [ -99.110574, 48.108688 ], [ -99.109312, 48.107663 ], [ -99.100651, 48.107815 ], [ -99.070443, 48.107857 ], [ -99.07063, 48.103606 ], [ -99.070783, 48.078871 ], [ -99.07052, 48.056295 ], [ -99.07042, 48.052968 ], [ -99.070269, 48.052825 ], [ -99.070574, 48.052427 ], [ -99.07058, 48.047021 ], [ -99.070524, 48.04691 ], [ -99.048893, 48.047264 ], [ -99.048384, 48.046311 ], [ -99.047833, 48.043792 ], [ -99.049465, 48.042221 ], [ -99.050793, 48.040038 ], [ -99.051886, 48.039352 ], [ -99.052296, 48.03885 ], [ -99.053288, 48.035835 ], [ -99.054108, 48.034989 ], [ -99.054757, 48.034601 ], [ -99.059843, 48.033051 ], [ -99.06322, 48.032208 ], [ -99.066461, 48.031777 ], [ -99.06878, 48.030978 ], [ -99.070403, 48.030716 ], [ -99.070351, 48.021955 ], [ -99.060211, 48.021977 ], [ -99.057057, 48.024533 ], [ -99.050461, 48.030626 ], [ -99.049847, 48.032793 ], [ -99.05019, 48.035049 ], [ -99.049758, 48.03817 ], [ -99.049116, 48.038947 ], [ -99.047911, 48.039845 ], [ -99.048093, 48.040419 ], [ -99.047665, 48.04059 ], [ -99.047224, 48.040263 ], [ -99.045193, 48.041447 ], [ -99.042487, 48.041713 ], [ -99.041905, 48.041966 ], [ -99.041423, 48.043561 ], [ -99.038561, 48.044826 ], [ -99.037674, 48.046837 ], [ -99.036844, 48.047403 ], [ -99.035228, 48.047242 ], [ -99.033759, 48.046914 ], [ -99.031961, 48.046784 ], [ -99.030306, 48.047246 ], [ -99.026981, 48.049298 ], [ -99.02506, 48.051315 ], [ -99.024289, 48.051429 ], [ -99.023584, 48.051301 ], [ -99.019288, 48.049679 ], [ -99.017365, 48.04979 ], [ -99.0157, 48.049621 ], [ -99.015294, 48.04902 ], [ -99.013852, 48.050112 ], [ -99.013763, 48.05079 ], [ -99.012397, 48.051197 ], [ -99.012669, 48.053404 ], [ -99.01233, 48.053506 ], [ -99.012126, 48.053488 ], [ -99.011351, 48.052293 ], [ -99.008458, 48.052266 ], [ -99.007261, 48.051601 ], [ -99.00613, 48.051219 ], [ -99.001038, 48.053294 ], [ -99.000705, 48.053162 ], [ -99.000845, 48.05284 ], [ -99.002135, 48.0511 ], [ -99.001214, 48.049993 ], [ -99.001187, 48.049129 ], [ -99.001927, 48.047796 ], [ -99.001438, 48.046685 ], [ -99.001019, 48.046584 ], [ -99.000832, 48.045871 ], [ -99.001865, 48.045348 ], [ -99.002942, 48.043469 ], [ -99.004192, 48.042463 ], [ -99.004288, 48.041931 ], [ -99.001988, 48.036758 ], [ -99.001186, 48.035652 ], [ -99.000402, 48.033366 ], [ -98.999202, 48.031499 ], [ -98.998602, 48.029898 ], [ -98.998502, 48.028998 ], [ -98.997902, 48.028598 ], [ -98.997602, 48.028098 ], [ -98.997602, 48.027498 ], [ -98.997302, 48.026998 ], [ -98.997902, 48.026098 ], [ -98.997302, 48.025498 ], [ -98.997102, 48.024998 ], [ -98.997202, 48.023298 ], [ -98.996602, 48.022198 ], [ -98.995601, 48.021098 ], [ -98.994901, 48.020698 ], [ -98.994701, 48.019998 ], [ -98.995101, 48.019498 ], [ -98.994401, 48.018798 ], [ -98.994301, 48.018098 ], [ -98.992901, 48.017398 ], [ -98.991801, 48.017298 ], [ -98.990801, 48.016898 ], [ -98.990401, 48.016898 ], [ -98.989801, 48.017198 ], [ -98.989101, 48.017098 ], [ -98.988801, 48.017298 ], [ -98.988401, 48.017298 ], [ -98.987601, 48.018098 ], [ -98.987301, 48.018898 ], [ -98.986501, 48.019398 ], [ -98.986001, 48.019398 ], [ -98.985601, 48.018298 ], [ -98.984901, 48.018198 ], [ -98.984201, 48.017798 ], [ -98.984301, 48.017598 ], [ -98.985501, 48.017498 ], [ -98.986601, 48.016998 ], [ -98.987801, 48.015798 ], [ -98.987901, 48.014998 ], [ -98.987401, 48.013998 ], [ -98.987801, 48.013498 ], [ -98.988601, 48.012998 ], [ -98.988401, 48.011998 ], [ -98.988501, 48.011398 ], [ -98.988201, 48.010298 ], [ -98.987001, 48.008698 ], [ -98.986901, 48.007498 ], [ -98.987001, 48.007298 ], [ -98.988401, 48.006798 ], [ -98.989301, 48.006198 ], [ -98.989401, 48.005798 ], [ -98.989101, 48.005098 ], [ -98.989101, 48.004498 ], [ -98.989501, 48.004098 ], [ -98.988901, 48.003798 ], [ -98.988501, 48.002098 ], [ -98.988601, 48.001798 ], [ -98.989501, 48.001298 ], [ -98.989801, 48.000898 ], [ -98.990501, 48.000498 ], [ -98.990501, 48.000298 ], [ -98.990701, 48.000298 ], [ -98.992371, 47.998881 ], [ -98.992807, 47.998395 ], [ -98.993456, 47.996863 ], [ -98.993492, 47.996058 ], [ -98.993216, 47.995184 ], [ -98.991649, 47.992814 ], [ -98.991445, 47.991947 ], [ -98.991528, 47.99107 ], [ -98.991253, 47.99026 ], [ -98.986104, 47.99271 ], [ -98.985437, 47.993824 ], [ -98.984545, 47.994217 ], [ -98.984253, 47.994709 ], [ -98.982603, 47.99571 ], [ -98.981064, 47.996147 ], [ -98.979744, 47.996776 ], [ -98.978118, 47.996965 ], [ -98.97698, 47.996892 ], [ -98.974399, 47.997305 ], [ -98.973497, 47.997874 ], [ -98.972667, 47.997574 ], [ -98.97109, 47.997794 ], [ -98.968438, 47.997483 ], [ -98.966079, 47.99836 ], [ -98.963998, 47.998487 ], [ -98.962931, 47.999267 ], [ -98.961011, 47.999819 ], [ -98.960799, 47.999998 ], [ -98.960899, 48.000198 ], [ -98.960399, 48.000498 ], [ -98.959599, 48.000598 ], [ -98.958399, 48.001798 ], [ -98.957399, 48.001898 ], [ -98.957099, 48.002298 ], [ -98.956099, 48.002399 ], [ -98.955599, 48.002599 ], [ -98.955399, 48.002899 ], [ -98.955999, 48.003399 ], [ -98.956099, 48.003699 ], [ -98.956099, 48.004399 ], [ -98.955899, 48.004699 ], [ -98.955599, 48.004599 ], [ -98.955099, 48.003799 ], [ -98.954299, 48.003199 ], [ -98.953899, 48.003099 ], [ -98.950799, 48.002999 ], [ -98.950699, 48.002899 ], [ -98.947698, 48.002899 ], [ -98.946798, 48.002699 ], [ -98.944798, 48.002799 ], [ -98.942998, 48.002499 ], [ -98.940198, 48.001399 ], [ -98.938198, 47.999999 ], [ -98.9354, 47.999062 ], [ -98.932949, 47.998484 ], [ -98.930069, 47.997103 ], [ -98.928858, 47.996983 ], [ -98.927822, 47.997432 ], [ -98.926114, 47.998674 ], [ -98.923217, 47.999666 ], [ -98.923397, 48.000299 ], [ -98.923197, 48.000299 ], [ -98.922297, 48.001099 ], [ -98.921897, 48.001199 ], [ -98.920097, 48.002499 ], [ -98.917897, 48.003799 ], [ -98.915997, 48.005799 ], [ -98.915797, 48.006499 ], [ -98.915897, 48.008599 ], [ -98.916697, 48.008699 ], [ -98.917997, 48.010599 ], [ -98.918297, 48.012999 ], [ -98.918797, 48.013799 ], [ -98.918897, 48.014599 ], [ -98.919697, 48.015299 ], [ -98.919997, 48.017499 ], [ -98.919997, 48.017999 ], [ -98.919597, 48.018299 ], [ -98.919697, 48.018699 ], [ -98.919397, 48.019299 ], [ -98.917897, 48.020799 ], [ -98.916497, 48.021099 ], [ -98.915797, 48.021399 ], [ -98.914397, 48.021299 ], [ -98.912997, 48.021499 ], [ -98.911797, 48.021499 ], [ -98.911297, 48.021799 ], [ -98.909197, 48.022499 ], [ -98.908197, 48.022699 ], [ -98.905497, 48.022799 ], [ -98.904297, 48.023099 ], [ -98.903197, 48.023599 ], [ -98.902597, 48.024299 ], [ -98.901597, 48.024499 ], [ -98.901197, 48.024999 ], [ -98.901597, 48.026099 ], [ -98.901597, 48.026799 ], [ -98.901197, 48.026899 ], [ -98.897697, 48.027099 ], [ -98.895096, 48.026199 ], [ -98.893296, 48.026599 ], [ -98.892996, 48.026199 ], [ -98.893196, 48.025799 ], [ -98.893796, 48.025399 ], [ -98.896096, 48.024799 ], [ -98.897596, 48.024099 ], [ -98.898096, 48.023499 ], [ -98.899096, 48.020499 ], [ -98.898896, 48.018799 ], [ -98.897996, 48.016799 ], [ -98.896296, 48.014999 ], [ -98.894096, 48.013499 ], [ -98.893096, 48.012099 ], [ -98.892796, 48.009799 ], [ -98.893496, 48.007699 ], [ -98.892896, 48.007499 ], [ -98.892296, 48.007699 ], [ -98.890396, 48.007699 ], [ -98.887195, 48.008199 ], [ -98.887195, 48.008699 ], [ -98.887895, 48.008799 ], [ -98.888896, 48.009499 ], [ -98.888996, 48.010599 ], [ -98.887896, 48.012299 ], [ -98.887696, 48.013899 ], [ -98.886996, 48.014999 ], [ -98.885496, 48.016499 ], [ -98.884396, 48.018599 ], [ -98.884396, 48.019699 ], [ -98.883196, 48.022699 ], [ -98.883396, 48.024499 ], [ -98.882568, 48.025627 ], [ -98.880793, 48.026065 ], [ -98.879753, 48.027173 ], [ -98.879356, 48.027997 ], [ -98.878547, 48.028597 ], [ -98.878366, 48.029046 ], [ -98.876446, 48.030308 ], [ -98.875396, 48.030832 ], [ -98.874795, 48.0309 ], [ -98.872495, 48.0322 ], [ -98.868295, 48.0339 ], [ -98.866095, 48.0352 ], [ -98.863495, 48.0374 ], [ -98.860095, 48.0391 ], [ -98.856795, 48.0404 ], [ -98.851595, 48.042 ], [ -98.849595, 48.0429 ], [ -98.847794, 48.0441 ], [ -98.846494, 48.0445 ], [ -98.842994, 48.045 ], [ -98.841894, 48.0454 ], [ -98.839294, 48.0472 ], [ -98.837494, 48.0481 ], [ -98.836194, 48.0485 ], [ -98.835394, 48.049 ], [ -98.833994, 48.0504 ], [ -98.833794, 48.051 ], [ -98.831994, 48.0532 ], [ -98.828894, 48.0556 ], [ -98.827894, 48.0559 ], [ -98.827294, 48.0563 ], [ -98.826694, 48.0571 ], [ -98.826894, 48.0594 ], [ -98.827194, 48.0592 ], [ -98.826394, 48.0604 ], [ -98.826394, 48.0619 ], [ -98.826094, 48.0622 ], [ -98.825094, 48.0624 ], [ -98.824294, 48.0623 ], [ -98.821194, 48.0617 ], [ -98.820794, 48.0618 ], [ -98.816893, 48.0613 ], [ -98.815293, 48.0609 ], [ -98.814793, 48.061 ], [ -98.812293, 48.0604 ], [ -98.810193, 48.060301 ], [ -98.807593, 48.059801 ], [ -98.804393, 48.060001 ], [ -98.803893, 48.059901 ], [ -98.802593, 48.058601 ], [ -98.800192, 48.058201 ], [ -98.796792, 48.057001 ], [ -98.796092, 48.056301 ], [ -98.794892, 48.055801 ], [ -98.794892, 48.055001 ], [ -98.800092, 48.054901 ], [ -98.800892, 48.054701 ], [ -98.801992, 48.054 ], [ -98.802392, 48.0528 ], [ -98.802192, 48.0518 ], [ -98.801592, 48.0512 ], [ -98.801092, 48.0502 ], [ -98.801392, 48.0493 ], [ -98.801192, 48.0484 ], [ -98.801492, 48.0474 ], [ -98.799992, 48.0445 ], [ -98.798692, 48.0433 ], [ -98.798692, 48.0427 ], [ -98.797592, 48.0409 ], [ -98.796692, 48.0399 ], [ -98.796492, 48.0391 ], [ -98.795092, 48.0384 ], [ -98.793691, 48.0373 ], [ -98.792891, 48.0364 ], [ -98.792891, 48.036 ], [ -98.791391, 48.0334 ], [ -98.789991, 48.0321 ], [ -98.788991, 48.0318 ], [ -98.788491, 48.0311 ], [ -98.786791, 48.0307 ], [ -98.785891, 48.0301 ], [ -98.786291, 48.0298 ], [ -98.785391, 48.0299 ], [ -98.785191, 48.0296 ], [ -98.785391, 48.0291 ], [ -98.786391, 48.0283 ], [ -98.786691, 48.0274 ], [ -98.786591, 48.0269 ], [ -98.786891, 48.0254 ], [ -98.785691, 48.0211 ], [ -98.78559, 48.0193 ], [ -98.78509, 48.0187 ], [ -98.78519, 48.0182 ], [ -98.78469, 48.017 ], [ -98.78479, 48.0146 ], [ -98.78439, 48.0132 ], [ -98.78469, 48.0125 ], [ -98.78639, 48.0118 ], [ -98.78739, 48.0111 ], [ -98.78799, 48.0104 ], [ -98.78749, 48.0096 ], [ -98.78759, 48.0081 ], [ -98.78689, 48.0069 ], [ -98.78379, 48.0055 ], [ -98.78329, 48.0055 ], [ -98.78279, 48.0044 ], [ -98.78279, 48.0033 ], [ -98.78239, 48.0031 ], [ -98.78249, 48.0028 ], [ -98.78299, 48.0025 ], [ -98.78319, 48.0016 ], [ -98.78119, 48.0014 ], [ -98.77949, 48.001 ], [ -98.77869, 48.001 ], [ -98.776489, 48.0006 ], [ -98.775389, 48.0008 ], [ -98.774589, 48.0 ], [ -98.769754, 47.998689 ], [ -98.768566, 47.998851 ], [ -98.767987, 47.999162 ], [ -98.767489, 48.0 ], [ -98.767689, 48.0005 ], [ -98.767589, 48.0021 ], [ -98.768089, 48.0034 ], [ -98.769189, 48.0042 ], [ -98.769189, 48.0049 ], [ -98.769089, 48.0064 ], [ -98.768589, 48.0076 ], [ -98.768989, 48.0115 ], [ -98.768489, 48.0119 ], [ -98.768189, 48.0128 ], [ -98.76779, 48.0181 ], [ -98.76699, 48.0215 ], [ -98.76739, 48.0231 ], [ -98.76689, 48.0245 ], [ -98.76769, 48.0285 ], [ -98.76769, 48.0305 ], [ -98.76729, 48.0306 ], [ -98.76669, 48.0294 ], [ -98.76689, 48.0289 ], [ -98.76619, 48.0269 ], [ -98.76599, 48.0257 ], [ -98.76609, 48.025 ], [ -98.76569, 48.0231 ], [ -98.76579, 48.0217 ], [ -98.765289, 48.0201 ], [ -98.765289, 48.0194 ], [ -98.766089, 48.0173 ], [ -98.766089, 48.0168 ], [ -98.765489, 48.015 ], [ -98.765689, 48.0127 ], [ -98.765089, 48.0099 ], [ -98.764889, 48.0093 ], [ -98.763689, 48.0076 ], [ -98.761289, 48.0063 ], [ -98.760189, 48.0059 ], [ -98.759589, 48.0054 ], [ -98.759289, 48.0048 ], [ -98.760789, 48.0033 ], [ -98.762289, 48.0028 ], [ -98.763089, 48.002 ], [ -98.763589, 48.0012 ], [ -98.763111, 47.999093 ], [ -98.762357, 47.998187 ], [ -98.761432, 47.997433 ], [ -98.758397, 47.995822 ], [ -98.755325, 47.994451 ], [ -98.753567, 47.99333 ], [ -98.752845, 47.992634 ], [ -98.752505, 47.992125 ], [ -98.752232, 47.99098 ], [ -98.752627, 47.989212 ], [ -98.752552, 47.98856 ], [ -98.752064, 47.987486 ], [ -98.751883, 47.985787 ], [ -98.751083, 47.984672 ], [ -98.750577, 47.983083 ], [ -98.75061, 47.982456 ], [ -98.751497, 47.980618 ], [ -98.753559, 47.977798 ], [ -98.757062, 47.976394 ], [ -98.758514, 47.975316 ], [ -98.759133, 47.974644 ], [ -98.75942, 47.973841 ], [ -98.759088, 47.971771 ], [ -98.759622, 47.971235 ], [ -98.76051, 47.971047 ], [ -98.761454, 47.971245 ], [ -98.761941, 47.971506 ], [ -98.762115, 47.971966 ], [ -98.761463, 47.972348 ], [ -98.761612, 47.972864 ], [ -98.761915, 47.973494 ], [ -98.763042, 47.974321 ], [ -98.765139, 47.975114 ], [ -98.766958, 47.975213 ], [ -98.770039, 47.974982 ], [ -98.773951, 47.974401 ], [ -98.775838, 47.973873 ], [ -98.776568, 47.973917 ], [ -98.777624, 47.973746 ], [ -98.780114, 47.972883 ], [ -98.781516, 47.971926 ], [ -98.784279, 47.969333 ], [ -98.784682, 47.9687 ], [ -98.784436, 47.966445 ], [ -98.784673, 47.96569 ], [ -98.786922, 47.964849 ], [ -98.787334, 47.964506 ], [ -98.788552, 47.961929 ], [ -98.789456, 47.961419 ], [ -98.792157, 47.958996 ], [ -98.794376, 47.957681 ], [ -98.796433, 47.956904 ], [ -98.797122, 47.956352 ], [ -98.797236, 47.955854 ], [ -98.79692, 47.955297 ], [ -98.797, 47.954605 ], [ -98.796345, 47.954344 ], [ -98.79565, 47.952513 ], [ -98.794312, 47.951314 ], [ -98.793169, 47.950841 ], [ -98.791592, 47.950631 ], [ -98.789911, 47.951008 ], [ -98.78926, 47.951431 ], [ -98.787611, 47.953079 ], [ -98.784955, 47.954811 ], [ -98.784337, 47.956312 ], [ -98.783035, 47.957085 ], [ -98.782704, 47.957671 ], [ -98.781458, 47.958686 ], [ -98.779815, 47.960777 ], [ -98.777102, 47.962274 ], [ -98.774994, 47.963131 ], [ -98.773015, 47.964327 ], [ -98.772517, 47.964864 ], [ -98.770938, 47.967543 ], [ -98.770624, 47.967782 ], [ -98.769121, 47.96824 ], [ -98.767216, 47.969227 ], [ -98.766266, 47.969544 ], [ -98.76514, 47.969569 ], [ -98.764875, 47.969688 ], [ -98.764375, 47.970377 ], [ -98.763566, 47.97088 ], [ -98.763551, 47.971137 ], [ -98.763029, 47.971689 ], [ -98.762657, 47.971695 ], [ -98.761408, 47.971052 ], [ -98.758276, 47.970671 ], [ -98.755459, 47.970864 ], [ -98.753214, 47.971349 ], [ -98.752515, 47.971667 ], [ -98.750555, 47.973064 ], [ -98.749487, 47.9732 ], [ -98.746487, 47.9749 ], [ -98.745387, 47.9753 ], [ -98.741287, 47.9774 ], [ -98.740487, 47.978 ], [ -98.738287, 47.9789 ], [ -98.735687, 47.9803 ], [ -98.734087, 47.9822 ], [ -98.732587, 47.985 ], [ -98.730587, 47.9872 ], [ -98.730087, 47.9873 ], [ -98.728387, 47.9895 ], [ -98.727287, 47.9915 ], [ -98.727187, 47.9914 ], [ -98.726887, 47.9928 ], [ -98.725887, 47.9937 ], [ -98.723887, 47.9973 ], [ -98.722987, 47.998 ], [ -98.720687, 47.9987 ], [ -98.716387, 47.9988 ], [ -98.715287, 47.9987 ], [ -98.714987, 47.9985 ], [ -98.713987, 47.9986 ], [ -98.711287, 47.9998 ], [ -98.709987, 48.0001 ], [ -98.707487, 48.0027 ], [ -98.706387, 48.0034 ], [ -98.699987, 48.0032 ], [ -98.695274, 48.003761 ], [ -98.693907, 48.003691 ], [ -98.689049, 48.002681 ], [ -98.686095, 48.001737 ], [ -98.682574, 48.00095 ], [ -98.678184, 48.000599 ], [ -98.676185, 48.000699 ], [ -98.675086, 48.000498 ], [ -98.672086, 48.0004 ], [ -98.671386, 48.0 ], [ -98.670986, 48.0 ], [ -98.670286, 47.9987 ], [ -98.667333, 47.995625 ], [ -98.666828, 47.994189 ], [ -98.663818, 47.992074 ], [ -98.663733, 47.991434 ], [ -98.665063, 47.990304 ], [ -98.664168, 47.987806 ], [ -98.664192, 47.986798 ], [ -98.665023, 47.985562 ], [ -98.669151, 47.982712 ], [ -98.670759, 47.980407 ], [ -98.670186, 47.9794 ], [ -98.668086, 47.9772 ], [ -98.667086, 47.9765 ], [ -98.665686, 47.9748 ], [ -98.665786, 47.9728 ], [ -98.665686, 47.9724 ], [ -98.664586, 47.9714 ], [ -98.664286, 47.9705 ], [ -98.664286, 47.9679 ], [ -98.663585, 47.9655 ], [ -98.663485, 47.9643 ], [ -98.661585, 47.9618 ], [ -98.659885, 47.9602 ], [ -98.658985, 47.9599 ], [ -98.657685, 47.9587 ], [ -98.655285, 47.9571 ], [ -98.651985, 47.9542 ], [ -98.650685, 47.9537 ], [ -98.648185, 47.9517 ], [ -98.646185, 47.951099 ], [ -98.644985, 47.950499 ], [ -98.643685, 47.949499 ], [ -98.643085, 47.948699 ], [ -98.642085, 47.947899 ], [ -98.640285, 47.947099 ], [ -98.639385, 47.946899 ], [ -98.636785, 47.945199 ], [ -98.634784, 47.944399 ], [ -98.633584, 47.943499 ], [ -98.632484, 47.942999 ], [ -98.630784, 47.941699 ], [ -98.630184, 47.941599 ], [ -98.628284, 47.940599 ], [ -98.626984, 47.939199 ], [ -98.626284, 47.938899 ], [ -98.625605, 47.937635 ], [ -98.625684, 47.936799 ], [ -98.627884, 47.935999 ], [ -98.628484, 47.935499 ], [ -98.629684, 47.933399 ], [ -98.630484, 47.932799 ], [ -98.633284, 47.932299 ], [ -98.634784, 47.931499 ], [ -98.635284, 47.930999 ], [ -98.635284, 47.930599 ], [ -98.634884, 47.929699 ], [ -98.632984, 47.929199 ], [ -98.633184, 47.927899 ], [ -98.632084, 47.926199 ], [ -98.631684, 47.925999 ], [ -98.631784, 47.923499 ], [ -98.631584, 47.923099 ], [ -98.630584, 47.921499 ], [ -98.629684, 47.920699 ], [ -98.628084, 47.919999 ], [ -98.627984, 47.918999 ], [ -98.627584, 47.918299 ], [ -98.626884, 47.917199 ], [ -98.626184, 47.916799 ], [ -98.625384, 47.916399 ], [ -98.620156, 47.916423 ], [ -98.619026, 47.91832 ], [ -98.618345, 47.920371 ], [ -98.618004, 47.922252 ], [ -98.618515, 47.924247 ], [ -98.61877, 47.929319 ], [ -98.61826, 47.930858 ], [ -98.617409, 47.932169 ], [ -98.615962, 47.933251 ], [ -98.608386, 47.936956 ], [ -98.602343, 47.940148 ], [ -98.600726, 47.941344 ], [ -98.599705, 47.942883 ], [ -98.59919, 47.94519 ], [ -98.582357, 47.915106 ], [ -98.525555, 47.915056 ], [ -98.525417, 47.835639 ], [ -98.525564, 47.824682 ], [ -98.525405, 47.812596 ], [ -98.521245, 47.805407 ], [ -98.521212, 47.805062 ], [ -98.504802, 47.775608 ], [ -98.505191, 47.775381 ], [ -98.50607, 47.775235 ], [ -98.506745, 47.7761 ], [ -98.507939, 47.776044 ], [ -98.508416, 47.775569 ], [ -98.508548, 47.774839 ], [ -98.509545, 47.774502 ], [ -98.510131, 47.774824 ], [ -98.510131, 47.77544 ], [ -98.510498, 47.775586 ], [ -98.511216, 47.77522 ], [ -98.511821, 47.775106 ], [ -98.512066, 47.774721 ], [ -98.512843, 47.774399 ], [ -98.513034, 47.774897 ], [ -98.512726, 47.775308 ], [ -98.513151, 47.775308 ], [ -98.514265, 47.774941 ], [ -98.514802, 47.77494 ], [ -98.516552, 47.773974 ], [ -98.518062, 47.773813 ], [ -98.518474, 47.774334 ], [ -98.51881, 47.774369 ], [ -98.519558, 47.774032 ], [ -98.520144, 47.774032 ], [ -98.520965, 47.774516 ], [ -98.5212, 47.775279 ], [ -98.52178, 47.775735 ], [ -98.522708, 47.776054 ], [ -98.523299, 47.775943 ], [ -98.523889, 47.775623 ], [ -98.52398, 47.775275 ], [ -98.523778, 47.774942 ], [ -98.522833, 47.774699 ], [ -98.522122, 47.773685 ], [ -98.522295, 47.773237 ], [ -98.52398, 47.772947 ], [ -98.524661, 47.773288 ], [ -98.526606, 47.77352 ], [ -98.528505, 47.772515 ], [ -98.530505, 47.77199 ], [ -98.533558, 47.770803 ], [ -98.533795, 47.771054 ], [ -98.533862, 47.771717 ], [ -98.533761, 47.771923 ], [ -98.532811, 47.772357 ], [ -98.532743, 47.772677 ], [ -98.534167, 47.77318 ], [ -98.534912, 47.773271 ], [ -98.536777, 47.772769 ], [ -98.536879, 47.771992 ], [ -98.537456, 47.771924 ], [ -98.538406, 47.772152 ], [ -98.539051, 47.772107 ], [ -98.539018, 47.771558 ], [ -98.539391, 47.771422 ], [ -98.540104, 47.771628 ], [ -98.540512, 47.771994 ], [ -98.541088, 47.771925 ], [ -98.541089, 47.771377 ], [ -98.541836, 47.77108 ], [ -98.541939, 47.770806 ], [ -98.5416, 47.770395 ], [ -98.541669, 47.77019 ], [ -98.542382, 47.76955 ], [ -98.542892, 47.769367 ], [ -98.543842, 47.769504 ], [ -98.543808, 47.769893 ], [ -98.5433, 47.770098 ], [ -98.543334, 47.770395 ], [ -98.543843, 47.770854 ], [ -98.544691, 47.771197 ], [ -98.546117, 47.771083 ], [ -98.547713, 47.771151 ], [ -98.548256, 47.770467 ], [ -98.548833, 47.770261 ], [ -98.54941, 47.770558 ], [ -98.549853, 47.771952 ], [ -98.551074, 47.772365 ], [ -98.551821, 47.772251 ], [ -98.551788, 47.771725 ], [ -98.551417, 47.771291 ], [ -98.551417, 47.771017 ], [ -98.552741, 47.770743 ], [ -98.553419, 47.770744 ], [ -98.554301, 47.770881 ], [ -98.554505, 47.771041 ], [ -98.554471, 47.771292 ], [ -98.553422, 47.771361 ], [ -98.553252, 47.771543 ], [ -98.553321, 47.771932 ], [ -98.55468, 47.773281 ], [ -98.555256, 47.773579 ], [ -98.558065, 47.773806 ], [ -98.558673, 47.774012 ], [ -98.558737, 47.774857 ], [ -98.558974, 47.775131 ], [ -98.560258, 47.775564 ], [ -98.560561, 47.775907 ], [ -98.56056, 47.776226 ], [ -98.562554, 47.777093 ], [ -98.563433, 47.776819 ], [ -98.56326, 47.77611 ], [ -98.564341, 47.77531 ], [ -98.565389, 47.775194 ], [ -98.566203, 47.7754 ], [ -98.565999, 47.77588 ], [ -98.565559, 47.776177 ], [ -98.565254, 47.77732 ], [ -98.565932, 47.77732 ], [ -98.566813, 47.777046 ], [ -98.567152, 47.777228 ], [ -98.566915, 47.778005 ], [ -98.567254, 47.778211 ], [ -98.568203, 47.77828 ], [ -98.568712, 47.778645 ], [ -98.56861, 47.779445 ], [ -98.569526, 47.780016 ], [ -98.569661, 47.780496 ], [ -98.569967, 47.780633 ], [ -98.570543, 47.780588 ], [ -98.570679, 47.780382 ], [ -98.569831, 47.778897 ], [ -98.570068, 47.778805 ], [ -98.57139, 47.779034 ], [ -98.572746, 47.778873 ], [ -98.573526, 47.778988 ], [ -98.573899, 47.779285 ], [ -98.573899, 47.779582 ], [ -98.573764, 47.779765 ], [ -98.57234, 47.780336 ], [ -98.572204, 47.780542 ], [ -98.572374, 47.781067 ], [ -98.572815, 47.781364 ], [ -98.57451, 47.781867 ], [ -98.575595, 47.782438 ], [ -98.578377, 47.784152 ], [ -98.579157, 47.78502 ], [ -98.579157, 47.785523 ], [ -98.578649, 47.785706 ], [ -98.578242, 47.785706 ], [ -98.576715, 47.785203 ], [ -98.575766, 47.785341 ], [ -98.57407, 47.785935 ], [ -98.574002, 47.786278 ], [ -98.574443, 47.786529 ], [ -98.577327, 47.786803 ], [ -98.577802, 47.787032 ], [ -98.578616, 47.788014 ], [ -98.578921, 47.789043 ], [ -98.578514, 47.789614 ], [ -98.577768, 47.789911 ], [ -98.577768, 47.790117 ], [ -98.578243, 47.790414 ], [ -98.579227, 47.790597 ], [ -98.579396, 47.790848 ], [ -98.579363, 47.7911 ], [ -98.578278, 47.791535 ], [ -98.57821, 47.791946 ], [ -98.578888, 47.792403 ], [ -98.579499, 47.792586 ], [ -98.580686, 47.792791 ], [ -98.581466, 47.7927 ], [ -98.581907, 47.792517 ], [ -98.582449, 47.791763 ], [ -98.583669, 47.790893 ], [ -98.584144, 47.790824 ], [ -98.58506, 47.791098 ], [ -98.585772, 47.79167 ], [ -98.585976, 47.79167 ], [ -98.586044, 47.792927 ], [ -98.585761, 47.793697 ], [ -98.586061, 47.794036 ], [ -98.586429, 47.794285 ], [ -98.588854, 47.79489 ], [ -98.590891, 47.795028 ], [ -98.593435, 47.794617 ], [ -98.595403, 47.794046 ], [ -98.597439, 47.794136 ], [ -98.598932, 47.794388 ], [ -98.599679, 47.794639 ], [ -98.600053, 47.795028 ], [ -98.600394, 47.796377 ], [ -98.60104, 47.796949 ], [ -98.60182, 47.797338 ], [ -98.602466, 47.797406 ], [ -98.603551, 47.79736 ], [ -98.605485, 47.796858 ], [ -98.607283, 47.796812 ], [ -98.609761, 47.796446 ], [ -98.611525, 47.795851 ], [ -98.612983, 47.795714 ], [ -98.616105, 47.794365 ], [ -98.617495, 47.794525 ], [ -98.618074, 47.795005 ], [ -98.617938, 47.795462 ], [ -98.618177, 47.796102 ], [ -98.619094, 47.796628 ], [ -98.619841, 47.796788 ], [ -98.620553, 47.796742 ], [ -98.621537, 47.796422 ], [ -98.621537, 47.795463 ], [ -98.62191, 47.794778 ], [ -98.622419, 47.794503 ], [ -98.622996, 47.79448 ], [ -98.624984, 47.79496 ], [ -98.625051, 47.794777 ], [ -98.62582, 47.794548 ], [ -98.627569, 47.794756 ], [ -98.628688, 47.794711 ], [ -98.630114, 47.79437 ], [ -98.630792, 47.794347 ], [ -98.632387, 47.794874 ], [ -98.632251, 47.795629 ], [ -98.632997, 47.796543 ], [ -98.635067, 47.796614 ], [ -98.63551, 47.795928 ], [ -98.636324, 47.795861 ], [ -98.636697, 47.79609 ], [ -98.635781, 47.796912 ], [ -98.635781, 47.797187 ], [ -98.636087, 47.797439 ], [ -98.639412, 47.79815 ], [ -98.640497, 47.798242 ], [ -98.64121, 47.798152 ], [ -98.641448, 47.7979 ], [ -98.64247, 47.795388 ], [ -98.643148, 47.795297 ], [ -98.644165, 47.795617 ], [ -98.645047, 47.795686 ], [ -98.650881, 47.795574 ], [ -98.651559, 47.795871 ], [ -98.651727, 47.797654 ], [ -98.652134, 47.797928 ], [ -98.653592, 47.798111 ], [ -98.654338, 47.798454 ], [ -98.656678, 47.798843 ], [ -98.65739, 47.798798 ], [ -98.657289, 47.797861 ], [ -98.657696, 47.797495 ], [ -98.65807, 47.797381 ], [ -98.65963, 47.797382 ], [ -98.660308, 47.797016 ], [ -98.661224, 47.796948 ], [ -98.662242, 47.796582 ], [ -98.662649, 47.796879 ], [ -98.662343, 47.798114 ], [ -98.66258, 47.798274 ], [ -98.666921, 47.798846 ], [ -98.667057, 47.799371 ], [ -98.666344, 47.800308 ], [ -98.666581, 47.800834 ], [ -98.667022, 47.80088 ], [ -98.668345, 47.800423 ], [ -98.669227, 47.800537 ], [ -98.669634, 47.800903 ], [ -98.669701, 47.801589 ], [ -98.670174, 47.802611 ], [ -98.670815, 47.80281 ], [ -98.674148, 47.802954 ], [ -98.674903, 47.802824 ], [ -98.67574, 47.802466 ], [ -98.677917, 47.803133 ], [ -98.679872, 47.80335 ], [ -98.685314, 47.802332 ], [ -98.686452, 47.802466 ], [ -98.688308, 47.802933 ], [ -98.688555, 47.8033 ], [ -98.68853, 47.804185 ], [ -98.688852, 47.804368 ], [ -98.693157, 47.804468 ], [ -98.694443, 47.804368 ], [ -98.695853, 47.803467 ], [ -98.696472, 47.803467 ], [ -98.697387, 47.803801 ], [ -98.698278, 47.805203 ], [ -98.699218, 47.805369 ], [ -98.700059, 47.804886 ], [ -98.700331, 47.803517 ], [ -98.701914, 47.8029 ], [ -98.704735, 47.803067 ], [ -98.706145, 47.802683 ], [ -98.707926, 47.802633 ], [ -98.709806, 47.8029 ], [ -98.711389, 47.802616 ], [ -98.712428, 47.802917 ], [ -98.71327, 47.8029 ], [ -98.714358, 47.802483 ], [ -98.717079, 47.802116 ], [ -98.717525, 47.802399 ], [ -98.717401, 47.80315 ], [ -98.716981, 47.803501 ], [ -98.715681, 47.803962 ], [ -98.715366, 47.804211 ], [ -98.715354, 47.804621 ], [ -98.716747, 47.805211 ], [ -98.718422, 47.805415 ], [ -98.719031, 47.805095 ], [ -98.719265, 47.804019 ], [ -98.719738, 47.803494 ], [ -98.722343, 47.802075 ], [ -98.723086, 47.801458 ], [ -98.723862, 47.800405 ], [ -98.725926, 47.799855 ], [ -98.72667, 47.799283 ], [ -98.727652, 47.799237 ], [ -98.72782, 47.800059 ], [ -98.726186, 47.802001 ], [ -98.726152, 47.802344 ], [ -98.726288, 47.802504 ], [ -98.726761, 47.80255 ], [ -98.728013, 47.802252 ], [ -98.729366, 47.801336 ], [ -98.729158, 47.800079 ], [ -98.729596, 47.799553 ], [ -98.730206, 47.799461 ], [ -98.731525, 47.798546 ], [ -98.73298, 47.798019 ], [ -98.73447, 47.797767 ], [ -98.73853, 47.796347 ], [ -98.739815, 47.797306 ], [ -98.741678, 47.797441 ], [ -98.74222, 47.797624 ], [ -98.742254, 47.798606 ], [ -98.743034, 47.799177 ], [ -98.744052, 47.799291 ], [ -98.744323, 47.799245 ], [ -98.744526, 47.79888 ], [ -98.7449, 47.798879 ], [ -98.745782, 47.799382 ], [ -98.748225, 47.800135 ], [ -98.749039, 47.800066 ], [ -98.749343, 47.799288 ], [ -98.748529, 47.799015 ], [ -98.747511, 47.798969 ], [ -98.747206, 47.798695 ], [ -98.747341, 47.79801 ], [ -98.747578, 47.797804 ], [ -98.748019, 47.797827 ], [ -98.748087, 47.798581 ], [ -98.749003, 47.798237 ], [ -98.749274, 47.797757 ], [ -98.749714, 47.79762 ], [ -98.749935, 47.797871 ], [ -98.749969, 47.798831 ], [ -98.751661, 47.800043 ], [ -98.752847, 47.801186 ], [ -98.753831, 47.801323 ], [ -98.754577, 47.801164 ], [ -98.754679, 47.800913 ], [ -98.754375, 47.80025 ], [ -98.754545, 47.799998 ], [ -98.756581, 47.799017 ], [ -98.757327, 47.798926 ], [ -98.759463, 47.799292 ], [ -98.759939, 47.798584 ], [ -98.761229, 47.797716 ], [ -98.761229, 47.797328 ], [ -98.760314, 47.796527 ], [ -98.760145, 47.795887 ], [ -98.760281, 47.795499 ], [ -98.761537, 47.79454 ], [ -98.762148, 47.79374 ], [ -98.762217, 47.793352 ], [ -98.762047, 47.793054 ], [ -98.759742, 47.792322 ], [ -98.758793, 47.791567 ], [ -98.759201, 47.791065 ], [ -98.759201, 47.790242 ], [ -98.759643, 47.789922 ], [ -98.761169, 47.78942 ], [ -98.761509, 47.78894 ], [ -98.760831, 47.78878 ], [ -98.760152, 47.788894 ], [ -98.759102, 47.788299 ], [ -98.75856, 47.787911 ], [ -98.758018, 47.786928 ], [ -98.758764, 47.786677 ], [ -98.759307, 47.786814 ], [ -98.760391, 47.787706 ], [ -98.760899, 47.787935 ], [ -98.761442, 47.787958 ], [ -98.762731, 47.787364 ], [ -98.762461, 47.785787 ], [ -98.763038, 47.785467 ], [ -98.764937, 47.785834 ], [ -98.765954, 47.785857 ], [ -98.76748, 47.785652 ], [ -98.768768, 47.785904 ], [ -98.769718, 47.785881 ], [ -98.771074, 47.785516 ], [ -98.771211, 47.784991 ], [ -98.771923, 47.784031 ], [ -98.772907, 47.783369 ], [ -98.77406, 47.782981 ], [ -98.776638, 47.782433 ], [ -98.777758, 47.782388 ], [ -98.778571, 47.782662 ], [ -98.779894, 47.782731 ], [ -98.781216, 47.78216 ], [ -98.782776, 47.782115 ], [ -98.785963, 47.782573 ], [ -98.787354, 47.78159 ], [ -98.787659, 47.780608 ], [ -98.788677, 47.779876 ], [ -98.791017, 47.779077 ], [ -98.793119, 47.779009 ], [ -98.794848, 47.777569 ], [ -98.795187, 47.777478 ], [ -98.795832, 47.777752 ], [ -98.795526, 47.778278 ], [ -98.795526, 47.778781 ], [ -98.795865, 47.779055 ], [ -98.796306, 47.779009 ], [ -98.796509, 47.778758 ], [ -98.796611, 47.777867 ], [ -98.79712, 47.777775 ], [ -98.797967, 47.778095 ], [ -98.798205, 47.778484 ], [ -98.79773, 47.779055 ], [ -98.797729, 47.780541 ], [ -98.798001, 47.780678 ], [ -98.801594, 47.780884 ], [ -98.802815, 47.780541 ], [ -98.803188, 47.780244 ], [ -98.803188, 47.779879 ], [ -98.802476, 47.779376 ], [ -98.802375, 47.777593 ], [ -98.80407, 47.776496 ], [ -98.805291, 47.775354 ], [ -98.805698, 47.775262 ], [ -98.806071, 47.775514 ], [ -98.805901, 47.776634 ], [ -98.806037, 47.776748 ], [ -98.807835, 47.777319 ], [ -98.808648, 47.777411 ], [ -98.810072, 47.777411 ], [ -98.81092, 47.777251 ], [ -98.811225, 47.776154 ], [ -98.811564, 47.77572 ], [ -98.813056, 47.775011 ], [ -98.813801, 47.774006 ], [ -98.81492, 47.773594 ], [ -98.815022, 47.773434 ], [ -98.814174, 47.771949 ], [ -98.814344, 47.770943 ], [ -98.814785, 47.770555 ], [ -98.815293, 47.770463 ], [ -98.815666, 47.770555 ], [ -98.816615, 47.771057 ], [ -98.81709, 47.771057 ], [ -98.817666, 47.770692 ], [ -98.819158, 47.770577 ], [ -98.820107, 47.771149 ], [ -98.820751, 47.771171 ], [ -98.822039, 47.77076 ], [ -98.822785, 47.770349 ], [ -98.82292, 47.770166 ], [ -98.822479, 47.769274 ], [ -98.822513, 47.768292 ], [ -98.825191, 47.76772 ], [ -98.825835, 47.767309 ], [ -98.825733, 47.767012 ], [ -98.825055, 47.766715 ], [ -98.824581, 47.76676 ], [ -98.82353, 47.767469 ], [ -98.822852, 47.76756 ], [ -98.823157, 47.766761 ], [ -98.823123, 47.765938 ], [ -98.823428, 47.765823 ], [ -98.824004, 47.766006 ], [ -98.824851, 47.7658 ], [ -98.826173, 47.76596 ], [ -98.826309, 47.7658 ], [ -98.826309, 47.765549 ], [ -98.826038, 47.765389 ], [ -98.824919, 47.765092 ], [ -98.824953, 47.764886 ], [ -98.825766, 47.764703 ], [ -98.826275, 47.763903 ], [ -98.825631, 47.763744 ], [ -98.825631, 47.763515 ], [ -98.826173, 47.763195 ], [ -98.824952, 47.762464 ], [ -98.824952, 47.762304 ], [ -98.825223, 47.762098 ], [ -98.825834, 47.761984 ], [ -98.827156, 47.762509 ], [ -98.827664, 47.762532 ], [ -98.82824, 47.762212 ], [ -98.828274, 47.762052 ], [ -98.827698, 47.761755 ], [ -98.827969, 47.761047 ], [ -98.827697, 47.760407 ], [ -98.827833, 47.75963 ], [ -98.828138, 47.759264 ], [ -98.829086, 47.759035 ], [ -98.829391, 47.759058 ], [ -98.830273, 47.759629 ], [ -98.830375, 47.759812 ], [ -98.830002, 47.760201 ], [ -98.829968, 47.760521 ], [ -98.83068, 47.761046 ], [ -98.830782, 47.761869 ], [ -98.832002, 47.762074 ], [ -98.832544, 47.761869 ], [ -98.832307, 47.761617 ], [ -98.831595, 47.76148 ], [ -98.83173, 47.760406 ], [ -98.831425, 47.759423 ], [ -98.831764, 47.759058 ], [ -98.832374, 47.758898 ], [ -98.832577, 47.758989 ], [ -98.832408, 47.759652 ], [ -98.832544, 47.759995 ], [ -98.832849, 47.760429 ], [ -98.833256, 47.760589 ], [ -98.833561, 47.760131 ], [ -98.833321, 47.759949 ], [ -98.833278, 47.75908 ], [ -98.833614, 47.759012 ], [ -98.833948, 47.759536 ], [ -98.834554, 47.759582 ], [ -98.835597, 47.759216 ], [ -98.835315, 47.758233 ], [ -98.834903, 47.757845 ], [ -98.834729, 47.757364 ], [ -98.834011, 47.756976 ], [ -98.834042, 47.75677 ], [ -98.834581, 47.756473 ], [ -98.834612, 47.756267 ], [ -98.834235, 47.75597 ], [ -98.834232, 47.755627 ], [ -98.83564, 47.754392 ], [ -98.838905, 47.754025 ], [ -98.839645, 47.753636 ], [ -98.839604, 47.753019 ], [ -98.838682, 47.752585 ], [ -98.838578, 47.752379 ], [ -98.838637, 47.751511 ], [ -98.839067, 47.750441 ], [ -98.842594, 47.750349 ], [ -98.842225, 47.750869 ], [ -98.841618, 47.75103 ], [ -98.841653, 47.751213 ], [ -98.841756, 47.75135 ], [ -98.842675, 47.75151 ], [ -98.842781, 47.752195 ], [ -98.843633, 47.752355 ], [ -98.84513, 47.751897 ], [ -98.844963, 47.751623 ], [ -98.84395, 47.751532 ], [ -98.844092, 47.750316 ], [ -98.844705, 47.750328 ], [ -98.845252, 47.751076 ], [ -98.845865, 47.750961 ], [ -98.845902, 47.750465 ], [ -98.846072, 47.750385 ], [ -98.847161, 47.750419 ], [ -98.847332, 47.750732 ], [ -98.847201, 47.751258 ], [ -98.847644, 47.75151 ], [ -98.849073, 47.751647 ], [ -98.849754, 47.751532 ], [ -98.850061, 47.751258 ], [ -98.849933, 47.749548 ], [ -98.852827, 47.748892 ], [ -98.853304, 47.748915 ], [ -98.854393, 47.749235 ], [ -98.855754, 47.749165 ], [ -98.857252, 47.749684 ], [ -98.85702, 47.750293 ], [ -98.856447, 47.750328 ], [ -98.856655, 47.751121 ], [ -98.857235, 47.751532 ], [ -98.857848, 47.75144 ], [ -98.857816, 47.751029 ], [ -98.858156, 47.750823 ], [ -98.858905, 47.750845 ], [ -98.859515, 47.751371 ], [ -98.860498, 47.751668 ], [ -98.861955, 47.75121 ], [ -98.862396, 47.75121 ], [ -98.86321, 47.752078 ], [ -98.863989, 47.752352 ], [ -98.865041, 47.753265 ], [ -98.866702, 47.753996 ], [ -98.867347, 47.75491 ], [ -98.867856, 47.755252 ], [ -98.868601, 47.755503 ], [ -98.870363, 47.755183 ], [ -98.870838, 47.755434 ], [ -98.871279, 47.756005 ], [ -98.871348, 47.75653 ], [ -98.873789, 47.757215 ], [ -98.874197, 47.758266 ], [ -98.875034, 47.758814 ], [ -98.876544, 47.758586 ], [ -98.876241, 47.7571 ], [ -98.876546, 47.756963 ], [ -98.87719, 47.7571 ], [ -98.877664, 47.757741 ], [ -98.877493, 47.758929 ], [ -98.877696, 47.759318 ], [ -98.879998, 47.761787 ], [ -98.880742, 47.763067 ], [ -98.880335, 47.763341 ], [ -98.878708, 47.763569 ], [ -98.878335, 47.763774 ], [ -98.877826, 47.764528 ], [ -98.877519, 47.765488 ], [ -98.877552, 47.766448 ], [ -98.878059, 47.767408 ], [ -98.878567, 47.767797 ], [ -98.880771, 47.768004 ], [ -98.881245, 47.76821 ], [ -98.881448, 47.768552 ], [ -98.8826, 47.769033 ], [ -98.883955, 47.769993 ], [ -98.884157, 47.770931 ], [ -98.884801, 47.771137 ], [ -98.885242, 47.77068 ], [ -98.885209, 47.770223 ], [ -98.884532, 47.768737 ], [ -98.885143, 47.768234 ], [ -98.886058, 47.768555 ], [ -98.886769, 47.769469 ], [ -98.888022, 47.770475 ], [ -98.887954, 47.770749 ], [ -98.887479, 47.771138 ], [ -98.887581, 47.771503 ], [ -98.888461, 47.772189 ], [ -98.890902, 47.77315 ], [ -98.891478, 47.774202 ], [ -98.894425, 47.77626 ], [ -98.896458, 47.778592 ], [ -98.896593, 47.779254 ], [ -98.896321, 47.779437 ], [ -98.895474, 47.779368 ], [ -98.89483, 47.77882 ], [ -98.894526, 47.778157 ], [ -98.893713, 47.777288 ], [ -98.893238, 47.777288 ], [ -98.892288, 47.777699 ], [ -98.891949, 47.77827 ], [ -98.891948, 47.77907 ], [ -98.89276, 47.781333 ], [ -98.893437, 47.782384 ], [ -98.894826, 47.78371 ], [ -98.895369, 47.783848 ], [ -98.896217, 47.783459 ], [ -98.896862, 47.781837 ], [ -98.897642, 47.781677 ], [ -98.898049, 47.781837 ], [ -98.900421, 47.783758 ], [ -98.901641, 47.785107 ], [ -98.903166, 47.787553 ], [ -98.903267, 47.789015 ], [ -98.902554, 47.789861 ], [ -98.901808, 47.790112 ], [ -98.900484, 47.791003 ], [ -98.89963, 47.791853 ], [ -98.899048, 47.792795 ], [ -98.899145, 47.793414 ], [ -98.899549, 47.794012 ], [ -98.901469, 47.79576 ], [ -98.901124, 47.796541 ], [ -98.899756, 47.798034 ], [ -98.898394, 47.798403 ], [ -98.897992, 47.799267 ], [ -98.898065, 47.799628 ], [ -98.898374, 47.799831 ], [ -98.901321, 47.800515 ], [ -98.901325, 47.801059 ], [ -98.900783, 47.801036 ], [ -98.899833, 47.800715 ], [ -98.898442, 47.80172 ], [ -98.898441, 47.802155 ], [ -98.89878, 47.80252 ], [ -98.899424, 47.802795 ], [ -98.899424, 47.803069 ], [ -98.898271, 47.803503 ], [ -98.897897, 47.803914 ], [ -98.897795, 47.804691 ], [ -98.896708, 47.806565 ], [ -98.896945, 47.807273 ], [ -98.89725, 47.807365 ], [ -98.897521, 47.807342 ], [ -98.898608, 47.806451 ], [ -98.899523, 47.806703 ], [ -98.90088, 47.806726 ], [ -98.901185, 47.807001 ], [ -98.901117, 47.807526 ], [ -98.900914, 47.807617 ], [ -98.898709, 47.807571 ], [ -98.897962, 47.807731 ], [ -98.897996, 47.807891 ], [ -98.898708, 47.808028 ], [ -98.898674, 47.808462 ], [ -98.899861, 47.808554 ], [ -98.900133, 47.808714 ], [ -98.900268, 47.809126 ], [ -98.899691, 47.809583 ], [ -98.900504, 47.81116 ], [ -98.900232, 47.811434 ], [ -98.899418, 47.811502 ], [ -98.899316, 47.811731 ], [ -98.900775, 47.812325 ], [ -98.901385, 47.812737 ], [ -98.902402, 47.814246 ], [ -98.904572, 47.815892 ], [ -98.90464, 47.816257 ], [ -98.903215, 47.816166 ], [ -98.902706, 47.816371 ], [ -98.902705, 47.817674 ], [ -98.902229, 47.818839 ], [ -98.903009, 47.820073 ], [ -98.903857, 47.820554 ], [ -98.905317, 47.820417 ], [ -98.905249, 47.819983 ], [ -98.904197, 47.819411 ], [ -98.904028, 47.818634 ], [ -98.904334, 47.818474 ], [ -98.905691, 47.818749 ], [ -98.90793, 47.819732 ], [ -98.909015, 47.821104 ], [ -98.910304, 47.821812 ], [ -98.910643, 47.822269 ], [ -98.910473, 47.822635 ], [ -98.908946, 47.823206 ], [ -98.908844, 47.823686 ], [ -98.909251, 47.823937 ], [ -98.912237, 47.824532 ], [ -98.91719, 47.82739 ], [ -98.917292, 47.827573 ], [ -98.91926, 47.828259 ], [ -98.920108, 47.82835 ], [ -98.92089, 47.828625 ], [ -98.922756, 47.828785 ], [ -98.923435, 47.829059 ], [ -98.923978, 47.829562 ], [ -98.924724, 47.829448 ], [ -98.925166, 47.828808 ], [ -98.926625, 47.829037 ], [ -98.926591, 47.829791 ], [ -98.926896, 47.830042 ], [ -98.927371, 47.829974 ], [ -98.927575, 47.829654 ], [ -98.928254, 47.829494 ], [ -98.929883, 47.829426 ], [ -98.931885, 47.829746 ], [ -98.932258, 47.829929 ], [ -98.932294, 47.830892 ], [ -98.933275, 47.831399 ], [ -98.934946, 47.831633 ], [ -98.935333, 47.83184 ], [ -98.935318, 47.832345 ], [ -98.934499, 47.832897 ], [ -98.934509, 47.833173 ], [ -98.937147, 47.834835 ], [ -98.937875, 47.835016 ], [ -98.938639, 47.834923 ], [ -98.938802, 47.834739 ], [ -98.938529, 47.833661 ], [ -98.939515, 47.832948 ], [ -98.939881, 47.832947 ], [ -98.940302, 47.833448 ], [ -98.940167, 47.835116 ], [ -98.94054, 47.835368 ], [ -98.943256, 47.835253 ], [ -98.944749, 47.834865 ], [ -98.945462, 47.835002 ], [ -98.94794, 47.837424 ], [ -98.947906, 47.837561 ], [ -98.946956, 47.837447 ], [ -98.946243, 47.837539 ], [ -98.945971, 47.837721 ], [ -98.945971, 47.838087 ], [ -98.946752, 47.838567 ], [ -98.94682, 47.840327 ], [ -98.947126, 47.840715 ], [ -98.947398, 47.840898 ], [ -98.948009, 47.840898 ], [ -98.949162, 47.839527 ], [ -98.950656, 47.840052 ], [ -98.950588, 47.840349 ], [ -98.949876, 47.840555 ], [ -98.949231, 47.841286 ], [ -98.949265, 47.841652 ], [ -98.950079, 47.841903 ], [ -98.949536, 47.842338 ], [ -98.949672, 47.843206 ], [ -98.949808, 47.843343 ], [ -98.95025, 47.843297 ], [ -98.95086, 47.84284 ], [ -98.951913, 47.842497 ], [ -98.952626, 47.842726 ], [ -98.952524, 47.843183 ], [ -98.951607, 47.843137 ], [ -98.951234, 47.843297 ], [ -98.950929, 47.843891 ], [ -98.951472, 47.843891 ], [ -98.951947, 47.84364 ], [ -98.952694, 47.843937 ], [ -98.952932, 47.844394 ], [ -98.954086, 47.845491 ], [ -98.95514, 47.846199 ], [ -98.955408, 47.846597 ], [ -98.993085, 47.846623 ], [ -99.005136, 47.846571 ], [ -99.007314, 47.846426 ], [ -99.008891, 47.846556 ], [ -99.019704, 47.846619 ], [ -99.083004, 47.84677 ], [ -99.093589, 47.846908 ], [ -99.09384, 47.847136 ], [ -99.095727, 47.846471 ], [ -99.096237, 47.846425 ], [ -99.096657, 47.847101 ], [ -99.096832, 47.846919 ], [ -99.098702, 47.846929 ], [ -99.098946, 47.847299 ], [ -99.100208, 47.846058 ], [ -99.102244, 47.844846 ], [ -99.105096, 47.845005 ], [ -99.106658, 47.844776 ], [ -99.107948, 47.844296 ], [ -99.110051, 47.841804 ], [ -99.110492, 47.841552 ], [ -99.112733, 47.842237 ], [ -99.114294, 47.842373 ], [ -99.115482, 47.842213 ], [ -99.11745, 47.840749 ], [ -99.118094, 47.840566 ], [ -99.119724, 47.840817 ], [ -99.120165, 47.840679 ], [ -99.121115, 47.839993 ], [ -99.122167, 47.839581 ], [ -99.123185, 47.839672 ], [ -99.1254, 47.839454 ], [ -99.126696, 47.839106 ], [ -99.128498, 47.839079 ], [ -99.130772, 47.839331 ], [ -99.133997, 47.83931 ], [ -99.137629, 47.8397 ], [ -99.144079, 47.839931 ], [ -99.149645, 47.840756 ], [ -99.153107, 47.841671 ], [ -99.15942, 47.842862 ], [ -99.163596, 47.843983 ], [ -99.164037, 47.844349 ], [ -99.164444, 47.845446 ], [ -99.165326, 47.846132 ], [ -99.169128, 47.847001 ], [ -99.169983, 47.847419 ], [ -99.172939, 47.847401 ], [ -99.172828, 47.846794 ], [ -99.173159, 47.846285 ], [ -99.174059, 47.846194 ], [ -99.174595, 47.847384 ], [ -99.208344, 47.847246 ], [ -99.211362, 47.847029 ], [ -99.232567, 47.846988 ], [ -99.234287, 47.847103 ], [ -99.276005, 47.846831 ], [ -99.300253, 47.846843 ], [ -99.30566, 47.846686 ], [ -99.318538, 47.846912 ], [ -99.337178, 47.846912 ], [ -99.340317, 47.846802 ], [ -99.340346, 47.846709 ], [ -99.42595, 47.846767 ], [ -99.425909, 47.882573 ], [ -99.426149, 47.882935 ], [ -99.426126, 47.901024 ], [ -99.44764, 47.901117 ], [ -99.447491, 47.902368 ], [ -99.447399, 47.933611 ], [ -99.469015, 47.933634 ], [ -99.469286, 48.021099 ], [ -99.480814, 48.021114 ], [ -99.480811, 48.035554 ], [ -99.494744, 48.035619 ], [ -99.496683, 48.035204 ], [ -99.49859, 48.035638 ], [ -99.52404, 48.035648 ], [ -99.524024, 48.064641 ], [ -99.545674, 48.064642 ], [ -99.545711, 48.151502 ], [ -99.567359, 48.151546 ], [ -99.56725, 48.187745 ], [ -99.588388, 48.187709 ], [ -99.588367, 48.194947 ], [ -99.599291, 48.195 ], [ -99.599178, 48.200048 ], [ -99.598639, 48.201465 ], [ -99.598618, 48.202371 ], [ -99.598335, 48.203163 ], [ -99.598684, 48.204374 ], [ -99.598723, 48.205455 ], [ -99.598484, 48.205817 ], [ -99.597944, 48.20613 ], [ -99.597595, 48.209448 ], [ -99.588315, 48.209418 ], [ -99.587987, 48.31078 ], [ -99.609729, 48.310896 ], [ -99.609627, 48.352271 ], [ -99.610887, 48.354428 ], [ -99.610488, 48.354429 ], [ -99.624991, 48.376824 ], [ -99.640407, 48.400058 ], [ -99.645704, 48.400057 ], [ -99.645676, 48.408658 ], [ -99.649512, 48.414544 ], [ -99.654268, 48.423093 ], [ -99.666455, 48.44355 ], [ -99.667428, 48.443548 ], [ -99.667407, 48.445142 ], [ -99.675124, 48.458082 ], [ -99.68919, 48.458061 ], [ -99.689144, 48.544953 ], [ -99.776189, 48.544789 ], [ -99.841595, 48.545002 ], [ -99.877352, 48.544889 ], [ -99.906525, 48.545209 ], [ -99.949822, 48.544988 ], [ -100.145858, 48.545211 ] ] ] } }
]
}
