{
  "type": "FeatureCollection",
  "name": "reservations",
  "crs": {"type": "name", "properties": {"name": "urn:ogc:def:crs:OGC:1.3:CRS84"}},
  "features": [

    {"type": "Feature", "properties": {"name": "Fargo", "minzoom": 5}, "geometry": {"type": "Point", "coordinates": [-96.78982, 46.87723]}},
    {"type": "Feature", "properties": {"name": "Bismarck", "minzoom": 5}, "geometry": {"type": "Point", "coordinates": [-100.78374, 46.80833]}},
    {"type": "Feature", "properties": {"name": "Grand Forks", "minzoom": 5}, "geometry": {"type": "Point", "coordinates": [-97.03063, 47.92521]}},
    {"type": "Feature", "properties": {"name": "Minot", "minzoom": 5}, "geometry": {"type": "Point", "coordinates": [-101.29627, 48.23251]}},
    {"type": "Feature", "properties": {"name": "Williston", "minzoom": 5}, "geometry": {"type": "Point", "coordinates": [-103.62181, 48.14655]}},
    {"type": "Feature", "properties": {"name": "Dickinson", "minzoom": 5}, "geometry": {"type": "Point", "coordinates": [-102.78962, 46.87918]}},
    {"type": "Feature", "properties": {"name": "Jamestown", "minzoom": 5}, "geometry": {"type": "Point", "coordinates": [-98.70844, 46.91054]}},
    {"type": "Feature", "properties": {"name": "Wahpeton", "minzoom": 5}, "geometry": {"type": "Point", "coordinates": [-96.60886, 46.26588]}},
    {"type": "Feature", "properties": {"name": "Devils Lake", "minzoom": 5}, "geometry": {"type": "Point", "coordinates": [-98.86512, 48.11278]}},

    {"type": "Feature", "properties": {"name": "West Fargo", "minzoom": 7}, "geometry": {"type": "Point", "coordinates": [-96.90036, 46.87497]}},
    {"type": "Feature", "properties": {"name": "Mandan", "minzoom": 7}, "geometry": {"type": "Point", "coordinates": [-100.8897, 46.82641]}},

    {"type": "Feature", "properties": {"name": "Valley City", "minzoom": 8}, "geometry": {"type": "Point", "coordinates": [-98.00316, 46.92331]}},
    {"type": "Feature", "properties": {"name": "Horace", "minzoom": 8}, "geometry": {"type": "Point", "coordinates": [-96.9037, 46.75885]}},
    {"type": "Feature", "properties": {"name": "Watford City", "minzoom": 8}, "geometry": {"type": "Point", "coordinates": [-103.28325, 47.80224]}},
    {"type": "Feature", "properties": {"name": "Lincoln", "minzoom": 8}, "geometry": {"type": "Point", "coordinates": [-100.7004, 46.76249]}},
    {"type": "Feature", "properties": {"name": "Grafton", "minzoom": 8}, "geometry": {"type": "Point", "coordinates": [-97.41063, 48.41221]}},
    {"type": "Feature", "properties": {"name": "Beulah", "minzoom": 8}, "geometry": {"type": "Point", "coordinates": [-101.77795, 47.26334]}},
    {"type": "Feature", "properties": {"name": "New Town", "minzoom": 8}, "geometry": {"type": "Point", "coordinates": [-102.49018, 47.98085]}},
    {"type": "Feature", "properties": {"name": "Casselton", "minzoom": 8}, "geometry": {"type": "Point", "coordinates": [-97.2112, 46.90053]}},
    {"type": "Feature", "properties": {"name": "Rugby", "minzoom": 8}, "geometry": {"type": "Point", "coordinates": [-99.99625, 48.36889]}},
    {"type": "Feature", "properties": {"name": "Hazen", "minzoom": 8}, "geometry": {"type": "Point", "coordinates": [-101.62266, 47.29445]}},
    {"type": "Feature", "properties": {"name": "Stanley", "minzoom": 8}, "geometry": {"type": "Point", "coordinates": [-102.39045, 48.31724]}},
    {"type": "Feature", "properties": {"name": "Bottineau", "minzoom": 8}, "geometry": {"type": "Point", "coordinates": [-100.4457, 48.82723]}},
    {"type": "Feature", "properties": {"name": "Tioga", "minzoom": 8}, "geometry": {"type": "Point", "coordinates": [-102.93824, 48.39724]}},
    {"type": "Feature", "properties": {"name": "Lisbon", "minzoom": 8}, "geometry": {"type": "Point", "coordinates": [-97.68121, 46.44163]}},
    {"type": "Feature", "properties": {"name": "Carrington", "minzoom": 8}, "geometry": {"type": "Point", "coordinates": [-99.12622, 47.44972]}},
    {"type": "Feature", "properties": {"name": "Langdon", "minzoom": 8}, "geometry": {"type": "Point", "coordinates": [-98.36782, 48.76059]}},
    {"type": "Feature", "properties": {"name": "Mayville", "minzoom": 8}, "geometry": {"type": "Point", "coordinates": [-97.32603, 47.49882]}},
    {"type": "Feature", "properties": {"name": "Oakes", "minzoom": 8}, "geometry": {"type": "Point", "coordinates": [-98.09038, 46.13858]}},
    {"type": "Feature", "properties": {"name": "Hillsboro", "minzoom": 8}, "geometry": {"type": "Point", "coordinates": [-97.06203, 47.40387]}},
    {"type": "Feature", "properties": {"name": "Harvey", "minzoom": 8}, "geometry": {"type": "Point", "coordinates": [-99.9354, 47.76972]}},
    {"type": "Feature", "properties": {"name": "Mapleton", "minzoom": 8}, "geometry": {"type": "Point", "coordinates": [-97.05259, 46.88914]}},
    {"type": "Feature", "properties": {"name": "Garrison", "minzoom": 8}, "geometry": {"type": "Point", "coordinates": [-101.41572, 47.65222]}},
    {"type": "Feature", "properties": {"name": "Surrey", "minzoom": 8}, "geometry": {"type": "Point", "coordinates": [-101.13349, 48.2364]}},
    {"type": "Feature", "properties": {"name": "Bowman", "minzoom": 8}, "geometry": {"type": "Point", "coordinates": [-103.39491, 46.18306]}},
    {"type": "Feature", "properties": {"name": "Park River", "minzoom": 8}, "geometry": {"type": "Point", "coordinates": [-97.7412, 48.3986]}},
    {"type": "Feature", "properties": {"name": "Burlington", "minzoom": 8}, "geometry": {"type": "Point", "coordinates": [-101.42878, 48.27529]}},
    {"type": "Feature", "properties": {"name": "New Rockford", "minzoom": 8}, "geometry": {"type": "Point", "coordinates": [-99.1379, 47.68]}},
    {"type": "Feature", "properties": {"name": "Washburn", "minzoom": 8}, "geometry": {"type": "Point", "coordinates": [-101.02897, 47.28967]}},
    {"type": "Feature", "properties": {"name": "Larimore", "minzoom": 8}, "geometry": {"type": "Point", "coordinates": [-97.62385, 47.90478]}},
    {"type": "Feature", "properties": {"name": "Cavalier", "minzoom": 8}, "geometry": {"type": "Point", "coordinates": [-97.62231, 48.79388]}},
    {"type": "Feature", "properties": {"name": "Rolla", "minzoom": 8}, "geometry": {"type": "Point", "coordinates": [-99.61792, 48.85778]}},
    {"type": "Feature", "properties": {"name": "Ellendale", "minzoom": 8}, "geometry": {"type": "Point", "coordinates": [-98.52705, 46.00275]}},
    {"type": "Feature", "properties": {"name": "Thompson", "minzoom": 8}, "geometry": {"type": "Point", "coordinates": [-97.1098, 47.77359]}},
    {"type": "Feature", "properties": {"name": "New Salem", "minzoom": 8}, "geometry": {"type": "Point", "coordinates": [-101.40836, 46.84526]}},
    {"type": "Feature", "properties": {"name": "Cando", "minzoom": 8}, "geometry": {"type": "Point", "coordinates": [-99.20986, 48.48667]}},
    {"type": "Feature", "properties": {"name": "Hettinger", "minzoom": 8}, "geometry": {"type": "Point", "coordinates": [-102.63682, 46.00139]}},

    {"type": "Feature", "properties": {"name": "Velva", "minzoom": 11.9}, "geometry": {"type": "Point", "coordinates": [-100.92932, 48.05612]}},
    {"type": "Feature", "properties": {"name": "Linton", "minzoom": 11.9}, "geometry": {"type": "Point", "coordinates": [-100.23289, 46.26666]}},
    {"type": "Feature", "properties": {"name": "Crosby", "minzoom": 11.9}, "geometry": {"type": "Point", "coordinates": [-103.29491, 48.9142]}},
    {"type": "Feature", "properties": {"name": "Kindred", "minzoom": 11.9}, "geometry": {"type": "Point", "coordinates": [-97.01703, 46.64858]}},
    {"type": "Feature", "properties": {"name": "Beach", "minzoom": 11.9}, "geometry": {"type": "Point", "coordinates": [-104.00437, 46.91807]}},
    {"type": "Feature", "properties": {"name": "Cooperstown", "minzoom": 11.9}, "geometry": {"type": "Point", "coordinates": [-98.12398, 47.44444]}},
    {"type": "Feature", "properties": {"name": "Northwood", "minzoom": 11.9}, "geometry": {"type": "Point", "coordinates": [-97.56675, 47.73415]}},
    {"type": "Feature", "properties": {"name": "Hankinson", "minzoom": 11.9}, "geometry": {"type": "Point", "coordinates": [-96.90175, 46.06968]}},
    {"type": "Feature", "properties": {"name": "Kenmare", "minzoom": 11.9}, "geometry": {"type": "Point", "coordinates": [-102.08266, 48.67475]}},
    {"type": "Feature", "properties": {"name": "Killdeer", "minzoom": 11.9}, "geometry": {"type": "Point", "coordinates": [-102.75412, 47.37199]}},
    {"type": "Feature", "properties": {"name": "Parshall", "minzoom": 11.9}, "geometry": {"type": "Point", "coordinates": [-102.13489, 47.95335]}},
    {"type": "Feature", "properties": {"name": "Gwinner", "minzoom": 11.9}, "geometry": {"type": "Point", "coordinates": [-97.6626, 46.2258]}},
    {"type": "Feature", "properties": {"name": "Walhalla", "minzoom": 11.9}, "geometry": {"type": "Point", "coordinates": [-97.91815, 48.92333]}},
    {"type": "Feature", "properties": {"name": "Reile's Acres", "minzoom": 11.9}, "geometry": {"type": "Point", "coordinates": [-96.86536, 46.92302]}},
    {"type": "Feature", "properties": {"name": "Enderlin", "minzoom": 11.9}, "geometry": {"type": "Point", "coordinates": [-97.60149, 46.62303]}},
    {"type": "Feature", "properties": {"name": "Harwood", "minzoom": 11.9}, "geometry": {"type": "Point", "coordinates": [-96.88064, 46.97941]}},
    {"type": "Feature", "properties": {"name": "Wishek", "minzoom": 11.9}, "geometry": {"type": "Point", "coordinates": [-99.55706, 46.25692]}},
    {"type": "Feature", "properties": {"name": "Hebron", "minzoom": 11.9}, "geometry": {"type": "Point", "coordinates": [-102.04544, 46.90056]}},
    {"type": "Feature", "properties": {"name": "Underwood", "minzoom": 11.9}, "geometry": {"type": "Point", "coordinates": [-101.1371, 47.45639]}},
    {"type": "Feature", "properties": {"name": "Ray", "minzoom": 11.9}, "geometry": {"type": "Point", "coordinates": [-103.16518, 48.34447]}},
    {"type": "Feature", "properties": {"name": "Napoleon", "minzoom": 11.9}, "geometry": {"type": "Point", "coordinates": [-99.76678, 46.50454]}},
    {"type": "Feature", "properties": {"name": "LaMoure", "minzoom": 11.9}, "geometry": {"type": "Point", "coordinates": [-98.29454, 46.35719]}},
    {"type": "Feature", "properties": {"name": "Drayton", "minzoom": 11.9}, "geometry": {"type": "Point", "coordinates": [-97.17801, 48.57113]}},
    {"type": "Feature", "properties": {"name": "Mohall", "minzoom": 11.9}, "geometry": {"type": "Point", "coordinates": [-101.51322, 48.76336]}},
    {"type": "Feature", "properties": {"name": "Hatton", "minzoom": 11.9}, "geometry": {"type": "Point", "coordinates": [-97.45342, 47.63971]}},
    {"type": "Feature", "properties": {"name": "Wilton", "minzoom": 11.9}, "geometry": {"type": "Point", "coordinates": [-100.78664, 47.15875]}},
    {"type": "Feature", "properties": {"name": "Glen Ullin", "minzoom": 11.9}, "geometry": {"type": "Point", "coordinates": [-101.82988, 46.81501]}},
    {"type": "Feature", "properties": {"name": "New England", "minzoom": 11.9}, "geometry": {"type": "Point", "coordinates": [-102.86822, 46.53918]}},
    {"type": "Feature", "properties": {"name": "Lakota", "minzoom": 11.9}, "geometry": {"type": "Point", "coordinates": [-98.34436, 48.04305]}},
    {"type": "Feature", "properties": {"name": "Richardton", "minzoom": 11.9}, "geometry": {"type": "Point", "coordinates": [-102.31573, 46.8839]}},
    {"type": "Feature", "properties": {"name": "Steele", "minzoom": 11.9}, "geometry": {"type": "Point", "coordinates": [-99.91552, 46.85474]}},
    {"type": "Feature", "properties": {"name": "Mott", "minzoom": 11.9}, "geometry": {"type": "Point", "coordinates": [-102.32649, 46.37268]}},
    {"type": "Feature", "properties": {"name": "Minto", "minzoom": 11.9}, "geometry": {"type": "Point", "coordinates": [-97.37147, 48.29165]}},
    {"type": "Feature", "properties": {"name": "Dunseith", "minzoom": 11.9}, "geometry": {"type": "Point", "coordinates": [-100.06097, 48.81306]}},
    {"type": "Feature", "properties": {"name": "Milnor", "minzoom": 11.9}, "geometry": {"type": "Point", "coordinates": [-97.4562, 46.25913]}},
    {"type": "Feature", "properties": {"name": "Ashley", "minzoom": 11.9}, "geometry": {"type": "Point", "coordinates": [-99.3715, 46.03414]}},
    {"type": "Feature", "properties": {"name": "Lidgerwood", "minzoom": 11.9}, "geometry": {"type": "Point", "coordinates": [-97.15175, 46.07552]}},
    {"type": "Feature", "properties": {"name": "Center", "minzoom": 11.9}, "geometry": {"type": "Point", "coordinates": [-101.29959, 47.11639]}},
    {"type": "Feature", "properties": {"name": "Portland", "minzoom": 11.9}, "geometry": {"type": "Point", "coordinates": [-97.37037, 47.49832]}},
    {"type": "Feature", "properties": {"name": "Edgeley", "minzoom": 11.9}, "geometry": {"type": "Point", "coordinates": [-98.71205, 46.36036]}},
    {"type": "Feature", "properties": {"name": "Turtle Lake", "minzoom": 11.9}, "geometry": {"type": "Point", "coordinates": [-100.89014, 47.52]}},
    {"type": "Feature", "properties": {"name": "Elgin", "minzoom": 11.9}, "geometry": {"type": "Point", "coordinates": [-101.84598, 46.4039]}},
    {"type": "Feature", "properties": {"name": "Pembina", "minzoom": 11.9}, "geometry": {"type": "Point", "coordinates": [-97.24835, 48.96913]}},
    {"type": "Feature", "properties": {"name": "Forman", "minzoom": 11.9}, "geometry": {"type": "Point", "coordinates": [-97.63649, 46.10774]}},
    {"type": "Feature", "properties": {"name": "Argusville", "minzoom": 11.9}, "geometry": {"type": "Point", "coordinates": [-96.93453, 47.05219]}},
    {"type": "Feature", "properties": {"name": "Berthold", "minzoom": 11.9}, "geometry": {"type": "Point", "coordinates": [-101.73711, 48.31307]}},
    {"type": "Feature", "properties": {"name": "Rolette", "minzoom": 11.9}, "geometry": {"type": "Point", "coordinates": [-99.84153, 48.66083]}},
    {"type": "Feature", "properties": {"name": "Towner", "minzoom": 11.9}, "geometry": {"type": "Point", "coordinates": [-100.40541, 48.34583]}},
    {"type": "Feature", "properties": {"name": "Emerado", "minzoom": 11.9}, "geometry": {"type": "Point", "coordinates": [-97.36508, 47.91887]}},
    {"type": "Feature", "properties": {"name": "Fessenden", "minzoom": 11.9}, "geometry": {"type": "Point", "coordinates": [-99.62929, 47.64917]}},
    {"type": "Feature", "properties": {"name": "Wyndmere", "minzoom": 11.9}, "geometry": {"type": "Point", "coordinates": [-97.13231, 46.26663]}},
    {"type": "Feature", "properties": {"name": "Leeds", "minzoom": 11.9}, "geometry": {"type": "Point", "coordinates": [-99.43764, 48.28889]}},
    {"type": "Feature", "properties": {"name": "Glenburn", "minzoom": 11.9}, "geometry": {"type": "Point", "coordinates": [-101.22071, 48.51307]}},
    {"type": "Feature", "properties": {"name": "South Heart", "minzoom": 11.9}, "geometry": {"type": "Point", "coordinates": [-102.99157, 46.86473]}},
    {"type": "Feature", "properties": {"name": "Finley", "minzoom": 11.9}, "geometry": {"type": "Point", "coordinates": [-97.83593, 47.51416]}},
    {"type": "Feature", "properties": {"name": "McVille", "minzoom": 11.9}, "geometry": {"type": "Point", "coordinates": [-98.17732, 47.76388]}},
    {"type": "Feature", "properties": {"name": "Maddock", "minzoom": 11.9}, "geometry": {"type": "Point", "coordinates": [-99.53013, 47.96251]}},
    {"type": "Feature", "properties": {"name": "Powers Lake", "minzoom": 11.9}, "geometry": {"type": "Point", "coordinates": [-102.64796, 48.5628]}},
    {"type": "Feature", "properties": {"name": "Oxbow", "minzoom": 11.9}, "geometry": {"type": "Point", "coordinates": [-96.80774, 46.66968]}},
    {"type": "Feature", "properties": {"name": "Westhope", "minzoom": 11.9}, "geometry": {"type": "Point", "coordinates": [-101.02071, 48.90946]}},
    {"type": "Feature", "properties": {"name": "Manvel", "minzoom": 11.9}, "geometry": {"type": "Point", "coordinates": [-97.17646, 48.07776]}},
    {"type": "Feature", "properties": {"name": "Kulm", "minzoom": 11.9}, "geometry": {"type": "Point", "coordinates": [-98.94816, 46.30191]}},
    {"type": "Feature", "properties": {"name": "Stanton", "minzoom": 11.9}, "geometry": {"type": "Point", "coordinates": [-101.38155, 47.32111]}},
    {"type": "Feature", "properties": {"name": "Strasburg", "minzoom": 11.9}, "geometry": {"type": "Point", "coordinates": [-100.1615, 46.1336]}},
    {"type": "Feature", "properties": {"name": "Buxton", "minzoom": 11.9}, "geometry": {"type": "Point", "coordinates": [-97.09731, 47.60192]}},
    {"type": "Feature", "properties": {"name": "Neche", "minzoom": 11.9}, "geometry": {"type": "Point", "coordinates": [-97.55194, 48.98262]}},
    {"type": "Feature", "properties": {"name": "Fairmount", "minzoom": 11.9}, "geometry": {"type": "Point", "coordinates": [-96.60229, 46.05496]}},
    {"type": "Feature", "properties": {"name": "Hunter", "minzoom": 11.9}, "geometry": {"type": "Point", "coordinates": [-97.21703, 47.19053]}},
    {"type": "Feature", "properties": {"name": "Arthur", "minzoom": 11.9}, "geometry": {"type": "Point", "coordinates": [-97.21814, 47.10414]}},
    {"type": "Feature", "properties": {"name": "McClusky", "minzoom": 11.9}, "geometry": {"type": "Point", "coordinates": [-100.44318, 47.48583]}},
    {"type": "Feature", "properties": {"name": "Saint John", "minzoom": 11.9}, "geometry": {"type": "Point", "coordinates": [-99.71097, 48.94445]}},

    {"type": "Feature", "properties": {"name": "Briarwood", "minzoom": 11.9}, "geometry": {"type": "Point", "coordinates": [-96.79452774, 46.7863931]}},
    {"type": "Feature", "properties": {"name": "Canton City", "minzoom": 11.9}, "geometry": {"type": "Point", "coordinates": [-97.6664791, 48.6883262]}},
    {"type": "Feature", "properties": {"name": "North Portal", "minzoom": 11.9}, "geometry": {"type": "Point", "coordinates": [-102.54803, 49.00145]}},
    {"type": "Feature", "properties": {"name": "Northgate", "minzoom": 11.9}, "geometry": {"type": "Point", "coordinates": [-102.2633, 48.99964]}},
    {"type": "Feature", "properties": {"name": "Gretna", "minzoom": 11.9}, "geometry": {"type": "Point", "coordinates": [-97.5616, 49.00788]}},
    {"type": "Feature", "properties": {"name": "GF Switch", "minzoom": 11.9}, "geometry": {"type": "Point", "coordinates": [-97.09212, 47.91858]}},
    {"type": "Feature", "properties": {"name": "Geneseo Junction", "minzoom": 11.9}, "geometry": {"type": "Point", "coordinates": [-97.26683, 46.07944]}},
    {"type": "Feature", "properties": {"name": "Alice", "minzoom": 11.9}, "geometry": {"type": "Point", "coordinates": [-97.55593, 46.76192]}},
    {"type": "Feature", "properties": {"name": "Bremen", "minzoom": 11.9}, "geometry": {"type": "Point", "coordinates": [-99.38679, 47.74667]}},
    {"type": "Feature", "properties": {"name": "Granville", "minzoom": 11.9}, "geometry": {"type": "Point", "coordinates": [-100.84264, 48.26779]}},
    {"type": "Feature", "properties": {"name": "Peak", "minzoom": 11.9}, "geometry": {"type": "Point", "coordinates": [-97.91316, 46.9322]}},
    {"type": "Feature", "properties": {"name": "Mekinock", "minzoom": 11.9}, "geometry": {"type": "Point", "coordinates": [-97.36342, 48.01277]}},
    {"type": "Feature", "properties": {"name": "Burt", "minzoom": 11.9}, "geometry": {"type": "Point", "coordinates": [-102.15516, 46.36528]}},
    {"type": "Feature", "properties": {"name": "Rising", "minzoom": 11.9}, "geometry": {"type": "Point", "coordinates": [-100.9557, 48.33612]}},
    {"type": "Feature", "properties": {"name": "Colgan", "minzoom": 11.9}, "geometry": {"type": "Point", "coordinates": [-103.62271, 48.94986]}},
    {"type": "Feature", "properties": {"name": "Fredonia", "minzoom": 11.9}, "geometry": {"type": "Point", "coordinates": [-99.09566, 46.32886]}},
    {"type": "Feature", "properties": {"name": "Kelso", "minzoom": 11.9}, "geometry": {"type": "Point", "coordinates": [-97.02953, 47.32303]}},
    {"type": "Feature", "properties": {"name": "Arnegard", "minzoom": 11.9}, "geometry": {"type": "Point", "coordinates": [-103.44103, 47.8078]}},
    {"type": "Feature", "properties": {"name": "Rock Lake", "minzoom": 11.9}, "geometry": {"type": "Point", "coordinates": [-99.24625, 48.79028]}},
    {"type": "Feature", "properties": {"name": "Independence", "minzoom": 11.9}, "geometry": {"type": "Point", "coordinates": [-98.19399, 46.34108]}},
    {"type": "Feature", "properties": {"name": "Dover", "minzoom": 11.9}, "geometry": {"type": "Point", "coordinates": [-99.27623, 47.46028]}},
    {"type": "Feature", "properties": {"name": "Bonetraill", "minzoom": 11.9}, "geometry": {"type": "Point", "coordinates": [-103.83854, 48.41641]}},
    {"type": "Feature", "properties": {"name": "Gorham", "minzoom": 11.9}, "geometry": {"type": "Point", "coordinates": [-103.30741, 47.14863]}},
    {"type": "Feature", "properties": {"name": "Pickert", "minzoom": 11.9}, "geometry": {"type": "Point", "coordinates": [-97.81509, 47.44166]}},
    {"type": "Feature", "properties": {"name": "Tokio", "minzoom": 11.9}, "geometry": {"type": "Point", "coordinates": [-98.81622, 47.92472]}},
    {"type": "Feature", "properties": {"name": "Coburn", "minzoom": 11.9}, "geometry": {"type": "Point", "coordinates": [-97.3712, 46.61775]}},
    {"type": "Feature", "properties": {"name": "Page", "minzoom": 11.9}, "geometry": {"type": "Point", "coordinates": [-97.5712, 47.15971]}},
    {"type": "Feature", "properties": {"name": "Bluegrass", "minzoom": 11.9}, "geometry": {"type": "Point", "coordinates": [-101.58181, 46.94917]}},
    {"type": "Feature", "properties": {"name": "Ludden", "minzoom": 11.9}, "geometry": {"type": "Point", "coordinates": [-98.12538, 46.00858]}},
    {"type": "Feature", "properties": {"name": "Calvin", "minzoom": 11.9}, "geometry": {"type": "Point", "coordinates": [-98.93757, 48.85146]}},
    {"type": "Feature", "properties": {"name": "Wing", "minzoom": 11.9}, "geometry": {"type": "Point", "coordinates": [-100.279, 47.14082]}},
    {"type": "Feature", "properties": {"name": "Balfour", "minzoom": 11.9}, "geometry": {"type": "Point", "coordinates": [-100.53459, 47.95167]}},
    {"type": "Feature", "properties": {"name": "Clifford", "minzoom": 11.9}, "geometry": {"type": "Point", "coordinates": [-97.41064, 47.34804]}},
    {"type": "Feature", "properties": {"name": "Dunn Center", "minzoom": 11.9}, "geometry": {"type": "Point", "coordinates": [-102.62046, 47.35362]}},
    {"type": "Feature", "properties": {"name": "Kenaston", "minzoom": 11.9}, "geometry": {"type": "Point", "coordinates": [-102.11266, 48.61864]}},
    {"type": "Feature", "properties": {"name": "La Mars", "minzoom": 11.9}, "geometry": {"type": "Point", "coordinates": [-96.69035, 45.96468]}},
    {"type": "Feature", "properties": {"name": "Nome", "minzoom": 11.9}, "geometry": {"type": "Point", "coordinates": [-97.81038, 46.67775]}},
    {"type": "Feature", "properties": {"name": "Hove Mobile Park", "minzoom": 11.9}, "geometry": {"type": "Point", "coordinates": [-98.23067, 48.5825]}},
    {"type": "Feature", "properties": {"name": "Comstock", "minzoom": 11.9}, "geometry": {"type": "Point", "coordinates": [-99.3943, 48.15083]}},
    {"type": "Feature", "properties": {"name": "Erie Junction", "minzoom": 11.9}, "geometry": {"type": "Point", "coordinates": [-97.38453, 47.09331]}},
    {"type": "Feature", "properties": {"name": "Chaseley", "minzoom": 11.9}, "geometry": {"type": "Point", "coordinates": [-99.82012, 47.45028]}},
    {"type": "Feature", "properties": {"name": "Inkster", "minzoom": 11.9}, "geometry": {"type": "Point", "coordinates": [-97.64425, 48.15138]}},
    {"type": "Feature", "properties": {"name": "Dodge", "minzoom": 11.9}, "geometry": {"type": "Point", "coordinates": [-102.20434, 47.30612]}},
    {"type": "Feature", "properties": {"name": "Omemee", "minzoom": 11.9}, "geometry": {"type": "Point", "coordinates": [-100.35514, 48.70639]}},
    {"type": "Feature", "properties": {"name": "Hartland", "minzoom": 11.9}, "geometry": {"type": "Point", "coordinates": [-101.82044, 48.39946]}},
    {"type": "Feature", "properties": {"name": "Medicine Hole", "minzoom": 11.9}, "geometry": {"type": "Point", "coordinates": [-102.89102, 47.44418]}},
    {"type": "Feature", "properties": {"name": "Lehigh", "minzoom": 11.9}, "geometry": {"type": "Point", "coordinates": [-102.69462, 46.86779]}},
    {"type": "Feature", "properties": {"name": "Bathgate", "minzoom": 11.9}, "geometry": {"type": "Point", "coordinates": [-97.47619, 48.87721]}},
    {"type": "Feature", "properties": {"name": "Huff", "minzoom": 11.9}, "geometry": {"type": "Point", "coordinates": [-100.65179, 46.62388]}},
    {"type": "Feature", "properties": {"name": "Foxholm", "minzoom": 11.9}, "geometry": {"type": "Point", "coordinates": [-101.57127, 48.36946]}},
    {"type": "Feature", "properties": {"name": "Sanish", "minzoom": 11.9}, "geometry": {"type": "Point", "coordinates": [-102.54602, 47.9739]}},
    {"type": "Feature", "properties": {"name": "Everest", "minzoom": 11.9}, "geometry": {"type": "Point", "coordinates": [-97.22175, 46.8593]}},
    {"type": "Feature", "properties": {"name": "Ruso", "minzoom": 11.9}, "geometry": {"type": "Point", "coordinates": [-100.93348, 47.83834]}},
    {"type": "Feature", "properties": {"name": "Daily", "minzoom": 11.9}, "geometry": {"type": "Point", "coordinates": [-97.97621, 46.71748]}},
    {"type": "Feature", "properties": {"name": "Simcoe", "minzoom": 11.9}, "geometry": {"type": "Point", "coordinates": [-100.86681, 48.1564]}},
    {"type": "Feature", "properties": {"name": "Eastedge", "minzoom": 11.9}, "geometry": {"type": "Point", "coordinates": [-97.89232, 46.65664]}},
    {"type": "Feature", "properties": {"name": "Balta", "minzoom": 11.9}, "geometry": {"type": "Point", "coordinates": [-100.03708, 48.16667]}},
    {"type": "Feature", "properties": {"name": "Mose", "minzoom": 11.9}, "geometry": {"type": "Point", "coordinates": [-98.45482, 47.57861]}},
    {"type": "Feature", "properties": {"name": "Sharlow", "minzoom": 11.9}, "geometry": {"type": "Point", "coordinates": [-98.86011, 46.67998]}},
    {"type": "Feature", "properties": {"name": "Cogswell", "minzoom": 11.9}, "geometry": {"type": "Point", "coordinates": [-97.78204, 46.10691]}},
    {"type": "Feature", "properties": {"name": "Gardner", "minzoom": 11.9}, "geometry": {"type": "Point", "coordinates": [-96.96786, 47.1472]}},
    {"type": "Feature", "properties": {"name": "Eagle Nest", "minzoom": 11.9}, "geometry": {"type": "Point", "coordinates": [-101.92433, 46.85251]}},
    {"type": "Feature", "properties": {"name": "Jud", "minzoom": 11.9}, "geometry": {"type": "Point", "coordinates": [-98.89566, 46.52609]}},
    {"type": "Feature", "properties": {"name": "Edmore", "minzoom": 11.9}, "geometry": {"type": "Point", "coordinates": [-98.45428, 48.41334]}},
    {"type": "Feature", "properties": {"name": "Silva", "minzoom": 11.9}, "geometry": {"type": "Point", "coordinates": [-99.91847, 48.16889]}},
    {"type": "Feature", "properties": {"name": "Brisbane", "minzoom": 11.9}, "geometry": {"type": "Point", "coordinates": [-101.49097, 46.34251]}},
    {"type": "Feature", "properties": {"name": "Darby", "minzoom": 11.9}, "geometry": {"type": "Point", "coordinates": [-98.96763, 48.15361]}},
    {"type": "Feature", "properties": {"name": "Mason", "minzoom": 11.9}, "geometry": {"type": "Point", "coordinates": [-97.32898, 47.07359]}},
    {"type": "Feature", "properties": {"name": "Carpio", "minzoom": 11.9}, "geometry": {"type": "Point", "coordinates": [-101.71461, 48.44252]}},
    {"type": "Feature", "properties": {"name": "Bentley", "minzoom": 11.9}, "geometry": {"type": "Point", "coordinates": [-102.06384, 46.32885]}},
    {"type": "Feature", "properties": {"name": "Greene", "minzoom": 11.9}, "geometry": {"type": "Point", "coordinates": [-101.70118, 48.65725]}},
    {"type": "Feature", "properties": {"name": "Nash", "minzoom": 11.9}, "geometry": {"type": "Point", "coordinates": [-97.51314, 48.47055]}},
    {"type": "Feature", "properties": {"name": "Gaylord", "minzoom": 11.9}, "geometry": {"type": "Point", "coordinates": [-103.18934, 46.74862]}},
    {"type": "Feature", "properties": {"name": "Leverich", "minzoom": 11.9}, "geometry": {"type": "Point", "coordinates": [-100.0893, 48.43528]}},
    {"type": "Feature", "properties": {"name": "Buffalo Springs", "minzoom": 11.9}, "geometry": {"type": "Point", "coordinates": [-103.2349, 46.17501]}},
    {"type": "Feature", "properties": {"name": "Dundas", "minzoom": 11.9}, "geometry": {"type": "Point", "coordinates": [-99.02956, 47.64]}},
    {"type": "Feature", "properties": {"name": "Galchutt", "minzoom": 11.9}, "geometry": {"type": "Point", "coordinates": [-96.80952, 46.38746]}},
    {"type": "Feature", "properties": {"name": "Jamestown Junction", "minzoom": 11.9}, "geometry": {"type": "Point", "coordinates": [-98.67093, 46.86332]}},
    {"type": "Feature", "properties": {"name": "Coulee", "minzoom": 11.9}, "geometry": {"type": "Point", "coordinates": [-102.01155, 48.5453]}},
    {"type": "Feature", "properties": {"name": "Freda", "minzoom": 11.9}, "geometry": {"type": "Point", "coordinates": [-101.17375, 46.34722]}},
    {"type": "Feature", "properties": {"name": "Svold", "minzoom": 11.9}, "geometry": {"type": "Point", "coordinates": [-97.79676, 48.80777]}},
    {"type": "Feature", "properties": {"name": "Blackmer", "minzoom": 11.9}, "geometry": {"type": "Point", "coordinates": [-96.60063, 45.97885]}},
    {"type": "Feature", "properties": {"name": "Urbana", "minzoom": 11.9}, "geometry": {"type": "Point", "coordinates": [-98.41176, 46.93443]}},
    {"type": "Feature", "properties": {"name": "Alkabo", "minzoom": 11.9}, "geometry": {"type": "Point", "coordinates": [-103.88822, 48.86378]}},
    {"type": "Feature", "properties": {"name": "Heil", "minzoom": 11.9}, "geometry": {"type": "Point", "coordinates": [-101.70036, 46.38985]}},
    {"type": "Feature", "properties": {"name": "Homesteaders Gap", "minzoom": 11.9}, "geometry": {"type": "Point", "coordinates": [-103.92743, 47.48891]}},
    {"type": "Feature", "properties": {"name": "Anamoose", "minzoom": 11.9}, "geometry": {"type": "Point", "coordinates": [-100.24096, 47.88266]}},
    {"type": "Feature", "properties": {"name": "Kathryn", "minzoom": 11.9}, "geometry": {"type": "Point", "coordinates": [-97.96871, 46.67803]}},
    {"type": "Feature", "properties": {"name": "Timmer", "minzoom": 11.9}, "geometry": {"type": "Point", "coordinates": [-101.01791, 46.37139]}},
    {"type": "Feature", "properties": {"name": "Voltaire", "minzoom": 11.9}, "geometry": {"type": "Point", "coordinates": [-100.84154, 48.02056]}},
    {"type": "Feature", "properties": {"name": "Porcupine", "minzoom": 11.9}, "geometry": {"type": "Point", "coordinates": [-101.09731, 46.22017]}},
    {"type": "Feature", "properties": {"name": "Hastings", "minzoom": 11.9}, "geometry": {"type": "Point", "coordinates": [-98.09454, 46.68387]}},
    {"type": "Feature", "properties": {"name": "Nanson", "minzoom": 11.9}, "geometry": {"type": "Point", "coordinates": [-99.77987, 48.57389]}},
    {"type": "Feature", "properties": {"name": "Keith", "minzoom": 11.9}, "geometry": {"type": "Point", "coordinates": [-98.75261, 48.09334]}},
    {"type": "Feature", "properties": {"name": "Sully Springs", "minzoom": 11.9}, "geometry": {"type": "Point", "coordinates": [-103.39157, 46.86724]}},
    {"type": "Feature", "properties": {"name": "Boynton", "minzoom": 11.9}, "geometry": {"type": "Point", "coordinates": [-98.55538, 46.15441]}},
    {"type": "Feature", "properties": {"name": "Crystal", "minzoom": 11.9}, "geometry": {"type": "Point", "coordinates": [-97.66953, 48.59694]}},
    {"type": "Feature", "properties": {"name": "Rider", "minzoom": 11.9}, "geometry": {"type": "Point", "coordinates": [-103.63741, 46.91418]}},
    {"type": "Feature", "properties": {"name": "Vanville", "minzoom": 11.9}, "geometry": {"type": "Point", "coordinates": [-102.37267, 48.62947]}},
    {"type": "Feature", "properties": {"name": "Medina", "minzoom": 11.9}, "geometry": {"type": "Point", "coordinates": [-99.29983, 46.89388]}},
    {"type": "Feature", "properties": {"name": "McCanna", "minzoom": 11.9}, "geometry": {"type": "Point", "coordinates": [-97.71009, 48.00583]}},
    {"type": "Feature", "properties": {"name": "Pettibone", "minzoom": 11.9}, "geometry": {"type": "Point", "coordinates": [-99.51956, 47.11916]}},
    {"type": "Feature", "properties": {"name": "Spring Brook", "minzoom": 11.9}, "geometry": {"type": "Point", "coordinates": [-103.46292, 48.25203]}},
    {"type": "Feature", "properties": {"name": "Robinson", "minzoom": 11.9}, "geometry": {"type": "Point", "coordinates": [-99.78122, 47.14277]}},
    {"type": "Feature", "properties": {"name": "Bayne", "minzoom": 11.9}, "geometry": {"type": "Point", "coordinates": [-96.92786, 46.16746]}},
    {"type": "Feature", "properties": {"name": "Verendrye", "minzoom": 11.9}, "geometry": {"type": "Point", "coordinates": [-100.73903, 48.12112]}},
    {"type": "Feature", "properties": {"name": "Columbus", "minzoom": 11.9}, "geometry": {"type": "Point", "coordinates": [-102.78045, 48.9042]}},
    {"type": "Feature", "properties": {"name": "Fullerton", "minzoom": 11.9}, "geometry": {"type": "Point", "coordinates": [-98.42704, 46.16525]}},
    {"type": "Feature", "properties": {"name": "Leonard", "minzoom": 11.9}, "geometry": {"type": "Point", "coordinates": [-97.24565, 46.65192]}},
    {"type": "Feature", "properties": {"name": "Grassy Butte", "minzoom": 11.9}, "geometry": {"type": "Point", "coordinates": [-103.24797, 47.39251]}},
    {"type": "Feature", "properties": {"name": "Hanks", "minzoom": 11.9}, "geometry": {"type": "Point", "coordinates": [-103.79848, 48.60395]}},
    {"type": "Feature", "properties": {"name": "Concrete", "minzoom": 11.9}, "geometry": {"type": "Point", "coordinates": [-97.93454, 48.74555]}},
    {"type": "Feature", "properties": {"name": "Considine", "minzoom": 11.9}, "geometry": {"type": "Point", "coordinates": [-99.28319, 48.56195]}},
    {"type": "Feature", "properties": {"name": "Sarles", "minzoom": 11.9}, "geometry": {"type": "Point", "coordinates": [-98.99596, 48.94584]}},
    {"type": "Feature", "properties": {"name": "Amenia", "minzoom": 11.9}, "geometry": {"type": "Point", "coordinates": [-97.21898, 47.00497]}},
    {"type": "Feature", "properties": {"name": "Churchs Ferry", "minzoom": 11.9}, "geometry": {"type": "Point", "coordinates": [-99.19758, 48.27064]}},
    {"type": "Feature", "properties": {"name": "Carson", "minzoom": 11.9}, "geometry": {"type": "Point", "coordinates": [-101.56486, 46.41778]}},
    {"type": "Feature", "properties": {"name": "Caledonia", "minzoom": 11.9}, "geometry": {"type": "Point", "coordinates": [-96.88564, 47.45748]}},
    {"type": "Feature", "properties": {"name": "Three V Crossing", "minzoom": 11.9}, "geometry": {"type": "Point", "coordinates": [-103.79187, 46.55696]}},
    {"type": "Feature", "properties": {"name": "Brinsmade", "minzoom": 11.9}, "geometry": {"type": "Point", "coordinates": [-99.32402, 48.1825]}},
    {"type": "Feature", "properties": {"name": "Johnson", "minzoom": 11.9}, "geometry": {"type": "Point", "coordinates": [-98.50648, 46.97971]}},
    {"type": "Feature", "properties": {"name": "Douglas", "minzoom": 11.9}, "geometry": {"type": "Point", "coordinates": [-101.50294, 47.85723]}},
    {"type": "Feature", "properties": {"name": "Truax", "minzoom": 11.9}, "geometry": {"type": "Point", "coordinates": [-101.64683, 47.35834]}},
    {"type": "Feature", "properties": {"name": "McCauleyville", "minzoom": 11.9}, "geometry": {"type": "Point", "coordinates": [-96.7089, 46.44139]}},
    {"type": "Feature", "properties": {"name": "Essex", "minzoom": 11.9}, "geometry": {"type": "Point", "coordinates": [-98.74595, 48.1225]}},
    {"type": "Feature", "properties": {"name": "Tolna", "minzoom": 11.9}, "geometry": {"type": "Point", "coordinates": [-98.4401, 47.82722]}},
    {"type": "Feature", "properties": {"name": "Minnewaukan", "minzoom": 11.9}, "geometry": {"type": "Point", "coordinates": [-99.25236, 48.07139]}},
    {"type": "Feature", "properties": {"name": "Golden Valley", "minzoom": 11.9}, "geometry": {"type": "Point", "coordinates": [-102.06462, 47.29084]}},
    {"type": "Feature", "properties": {"name": "Alamo", "minzoom": 11.9}, "geometry": {"type": "Point", "coordinates": [-103.4694, 48.58115]}},
    {"type": "Feature", "properties": {"name": "Kermit", "minzoom": 11.9}, "geometry": {"type": "Point", "coordinates": [-103.04629, 48.90336]}},
    {"type": "Feature", "properties": {"name": "Joliette", "minzoom": 11.9}, "geometry": {"type": "Point", "coordinates": [-97.22757, 48.81804]}},
    {"type": "Feature", "properties": {"name": "Lucca", "minzoom": 11.9}, "geometry": {"type": "Point", "coordinates": [-97.71983, 46.70692]}},
    {"type": "Feature", "properties": {"name": "Power", "minzoom": 11.9}, "geometry": {"type": "Point", "coordinates": [-97.23815, 46.55552]}},
    {"type": "Feature", "properties": {"name": "Fordville", "minzoom": 11.9}, "geometry": {"type": "Point", "coordinates": [-97.79065, 48.21749]}},
    {"type": "Feature", "properties": {"name": "Riverdale", "minzoom": 11.9}, "geometry": {"type": "Point", "coordinates": [-101.37127, 47.4975]}},
    {"type": "Feature", "properties": {"name": "Oswald", "minzoom": 11.9}, "geometry": {"type": "Point", "coordinates": [-96.72813, 46.05885]}},
    {"type": "Feature", "properties": {"name": "Riverdale Junction", "minzoom": 11.9}, "geometry": {"type": "Point", "coordinates": [-101.17515, 47.49889]}},
    {"type": "Feature", "properties": {"name": "Palermo", "minzoom": 11.9}, "geometry": {"type": "Point", "coordinates": [-102.22906, 48.33974]}},
    {"type": "Feature", "properties": {"name": "Hanks Corner", "minzoom": 11.9}, "geometry": {"type": "Point", "coordinates": [-97.94982, 48.75888]}},
    {"type": "Feature", "properties": {"name": "Warsaw", "minzoom": 11.9}, "geometry": {"type": "Point", "coordinates": [-97.2548, 48.2961]}},
    {"type": "Feature", "properties": {"name": "Trenton", "minzoom": 11.9}, "geometry": {"type": "Point", "coordinates": [-103.83687, 48.07058]}},
    {"type": "Feature", "properties": {"name": "Wales", "minzoom": 11.9}, "geometry": {"type": "Point", "coordinates": [-98.60262, 48.89584]}},
    {"type": "Feature", "properties": {"name": "Marshall", "minzoom": 11.9}, "geometry": {"type": "Point", "coordinates": [-102.33296, 47.13806]}},
    {"type": "Feature", "properties": {"name": "Fort Ransom", "minzoom": 11.9}, "geometry": {"type": "Point", "coordinates": [-97.92621, 46.5208]}},
    {"type": "Feature", "properties": {"name": "Anselm", "minzoom": 11.9}, "geometry": {"type": "Point", "coordinates": [-97.49565, 46.52858]}},
    {"type": "Feature", "properties": {"name": "Moffit", "minzoom": 11.9}, "geometry": {"type": "Point", "coordinates": [-100.29404, 46.67997]}},
    {"type": "Feature", "properties": {"name": "Tower City", "minzoom": 11.9}, "geometry": {"type": "Point", "coordinates": [-97.67399, 46.92276]}},
    {"type": "Feature", "properties": {"name": "Mantador", "minzoom": 11.9}, "geometry": {"type": "Point", "coordinates": [-96.97731, 46.16524]}},
    {"type": "Feature", "properties": {"name": "Max", "minzoom": 11.9}, "geometry": {"type": "Point", "coordinates": [-101.29877, 47.82111]}},
    {"type": "Feature", "properties": {"name": "Schmidt", "minzoom": 11.9}, "geometry": {"type": "Point", "coordinates": [-100.78207, 46.67361]}},
    {"type": "Feature", "properties": {"name": "Roseglen", "minzoom": 11.9}, "geometry": {"type": "Point", "coordinates": [-101.83628, 47.75139]}},
    {"type": "Feature", "properties": {"name": "Ypsilanti", "minzoom": 11.9}, "geometry": {"type": "Point", "coordinates": [-98.56315, 46.78193]}},
    {"type": "Feature", "properties": {"name": "Stiles", "minzoom": 11.9}, "geometry": {"type": "Point", "coordinates": [-97.05259, 46.07524]}},
    {"type": "Feature", "properties": {"name": "Guelph", "minzoom": 11.9}, "geometry": {"type": "Point", "coordinates": [-98.23594, 46.02275]}},
    {"type": "Feature", "properties": {"name": "Great Bend", "minzoom": 11.9}, "geometry": {"type": "Point", "coordinates": [-96.80448, 46.15442]}},
    {"type": "Feature", "properties": {"name": "Kempton", "minzoom": 11.9}, "geometry": {"type": "Point", "coordinates": [-97.61425, 47.81888]}},
    {"type": "Feature", "properties": {"name": "North Valley City", "minzoom": 11.9}, "geometry": {"type": "Point", "coordinates": [-97.99677, 46.94609]}},
    {"type": "Feature", "properties": {"name": "Pierce", "minzoom": 11.9}, "geometry": {"type": "Point", "coordinates": [-100.69235, 46.78999]}},
    {"type": "Feature", "properties": {"name": "Scranton", "minzoom": 11.9}, "geometry": {"type": "Point", "coordinates": [-103.14295, 46.14806]}},
    {"type": "Feature", "properties": {"name": "Tolley", "minzoom": 11.9}, "geometry": {"type": "Point", "coordinates": [-101.82739, 48.72891]}},
    {"type": "Feature", "properties": {"name": "Larson", "minzoom": 11.9}, "geometry": {"type": "Point", "coordinates": [-102.85851, 48.88975]}},
    {"type": "Feature", "properties": {"name": "Zap", "minzoom": 11.9}, "geometry": {"type": "Point", "coordinates": [-101.92267, 47.2864]}},
    {"type": "Feature", "properties": {"name": "Gardena", "minzoom": 11.9}, "geometry": {"type": "Point", "coordinates": [-100.49764, 48.70084]}},
    {"type": "Feature", "properties": {"name": "Gascoyne", "minzoom": 11.9}, "geometry": {"type": "Point", "coordinates": [-103.07989, 46.11834]}},
    {"type": "Feature", "properties": {"name": "Holmes", "minzoom": 11.9}, "geometry": {"type": "Point", "coordinates": [-97.29675, 47.71582]}},
    {"type": "Feature", "properties": {"name": "Peters", "minzoom": 11.9}, "geometry": {"type": "Point", "coordinates": [-99.70733, 46.38387]}},
    {"type": "Feature", "properties": {"name": "Sykeston", "minzoom": 11.9}, "geometry": {"type": "Point", "coordinates": [-99.39956, 47.465]}},
    {"type": "Feature", "properties": {"name": "Ayr", "minzoom": 11.9}, "geometry": {"type": "Point", "coordinates": [-97.49065, 47.04109]}},
    {"type": "Feature", "properties": {"name": "Niagara", "minzoom": 11.9}, "geometry": {"type": "Point", "coordinates": [-97.86814, 47.99701]}},
    {"type": "Feature", "properties": {"name": "Rhame", "minzoom": 11.9}, "geometry": {"type": "Point", "coordinates": [-103.65547, 46.23251]}},
    {"type": "Feature", "properties": {"name": "Zenith", "minzoom": 11.9}, "geometry": {"type": "Point", "coordinates": [-103.09657, 46.87946]}},
    {"type": "Feature", "properties": {"name": "Martin", "minzoom": 11.9}, "geometry": {"type": "Point", "coordinates": [-100.11513, 47.82667]}},
    {"type": "Feature", "properties": {"name": "Falkirk", "minzoom": 11.9}, "geometry": {"type": "Point", "coordinates": [-101.09459, 47.36194]}},
    {"type": "Feature", "properties": {"name": "Lithia", "minzoom": 11.9}, "geometry": {"type": "Point", "coordinates": [-96.81465, 46.61488]}},
    {"type": "Feature", "properties": {"name": "Hamlin", "minzoom": 11.9}, "geometry": {"type": "Point", "coordinates": [-97.28509, 46.16607]}},
    {"type": "Feature", "properties": {"name": "Pleasant Valley", "minzoom": 11.9}, "geometry": {"type": "Point", "coordinates": [-97.86454, 48.36944]}},
    {"type": "Feature", "properties": {"name": "Mandaree", "minzoom": 11.9}, "geometry": {"type": "Point", "coordinates": [-102.67602, 47.72918]}},
    {"type": "Feature", "properties": {"name": "Dickey", "minzoom": 11.9}, "geometry": {"type": "Point", "coordinates": [-98.46787, 46.53692]}},
    {"type": "Feature", "properties": {"name": "Karlsruhe", "minzoom": 11.9}, "geometry": {"type": "Point", "coordinates": [-100.62042, 48.09001]}},
    {"type": "Feature", "properties": {"name": "Lefor", "minzoom": 11.9}, "geometry": {"type": "Point", "coordinates": [-102.561, 46.68127]}},
    {"type": "Feature", "properties": {"name": "Crystal Springs", "minzoom": 11.9}, "geometry": {"type": "Point", "coordinates": [-99.47427, 46.87695]}},
    {"type": "Feature", "properties": {"name": "Barrie", "minzoom": 11.9}, "geometry": {"type": "Point", "coordinates": [-97.12233, 46.56784]}},
    {"type": "Feature", "properties": {"name": "Revere", "minzoom": 11.9}, "geometry": {"type": "Point", "coordinates": [-98.32871, 47.35555]}},
    {"type": "Feature", "properties": {"name": "St. Michael", "minzoom": 11.9}, "geometry": {"type": "Point", "coordinates": [-98.86805, 47.98395]}},
    {"type": "Feature", "properties": {"name": "Chola", "minzoom": 11.9}, "geometry": {"type": "Point", "coordinates": [-101.49072, 48.62224]}},
    {"type": "Feature", "properties": {"name": "Munster", "minzoom": 11.9}, "geometry": {"type": "Point", "coordinates": [-99.27179, 47.72028]}},
    {"type": "Feature", "properties": {"name": "Temple", "minzoom": 11.9}, "geometry": {"type": "Point", "coordinates": [-103.05602, 48.38891]}},
    {"type": "Feature", "properties": {"name": "Marmon", "minzoom": 11.9}, "geometry": {"type": "Point", "coordinates": [-103.65603, 48.38725]}},
    {"type": "Feature", "properties": {"name": "Grand Harbor", "minzoom": 11.9}, "geometry": {"type": "Point", "coordinates": [-98.98429, 48.16972]}},
    {"type": "Feature", "properties": {"name": "Hurd", "minzoom": 11.9}, "geometry": {"type": "Point", "coordinates": [-101.21794, 48.64613]}},
    {"type": "Feature", "properties": {"name": "Amourdale", "minzoom": 11.9}, "geometry": {"type": "Point", "coordinates": [-99.37292, 48.8714]}},
    {"type": "Feature", "properties": {"name": "Oakdale", "minzoom": 11.9}, "geometry": {"type": "Point", "coordinates": [-102.86491, 47.47307]}},
    {"type": "Feature", "properties": {"name": "Munich", "minzoom": 11.9}, "geometry": {"type": "Point", "coordinates": [-98.83263, 48.66917]}},
    {"type": "Feature", "properties": {"name": "Benson Corner", "minzoom": 11.9}, "geometry": {"type": "Point", "coordinates": [-98.20149, 46.48581]}},
    {"type": "Feature", "properties": {"name": "Haynes", "minzoom": 11.9}, "geometry": {"type": "Point", "coordinates": [-102.47099, 45.97417]}},
    {"type": "Feature", "properties": {"name": "Fried", "minzoom": 11.9}, "geometry": {"type": "Point", "coordinates": [-98.65788, 47.04582]}},
    {"type": "Feature", "properties": {"name": "Otter Creek", "minzoom": 11.9}, "geometry": {"type": "Point", "coordinates": [-101.55515, 47.04917]}},
    {"type": "Feature", "properties": {"name": "Sterling", "minzoom": 11.9}, "geometry": {"type": "Point", "coordinates": [-100.2915, 46.81388]}},
    {"type": "Feature", "properties": {"name": "Antelope", "minzoom": 11.9}, "geometry": {"type": "Point", "coordinates": [-102.20267, 46.85584]}},
    {"type": "Feature", "properties": {"name": "Alfred", "minzoom": 11.9}, "geometry": {"type": "Point", "coordinates": [-98.99928, 46.60303]}},
    {"type": "Feature", "properties": {"name": "Kelvin", "minzoom": 11.9}, "geometry": {"type": "Point", "coordinates": [-100.05096, 48.93723]}},
    {"type": "Feature", "properties": {"name": "Leal", "minzoom": 11.9}, "geometry": {"type": "Point", "coordinates": [-98.31732, 47.10527]}},
    {"type": "Feature", "properties": {"name": "Denhoff", "minzoom": 11.9}, "geometry": {"type": "Point", "coordinates": [-100.25957, 47.47666]}},
    {"type": "Feature", "properties": {"name": "Embden", "minzoom": 11.9}, "geometry": {"type": "Point", "coordinates": [-97.43315, 46.8022]}},
    {"type": "Feature", "properties": {"name": "Heaton", "minzoom": 11.9}, "geometry": {"type": "Point", "coordinates": [-99.5479, 47.47833]}},
    {"type": "Feature", "properties": {"name": "Sherbrooke", "minzoom": 11.9}, "geometry": {"type": "Point", "coordinates": [-97.71954, 47.46082]}},
    {"type": "Feature", "properties": {"name": "Jessie", "minzoom": 11.9}, "geometry": {"type": "Point", "coordinates": [-98.23815, 47.54222]}},
    {"type": "Feature", "properties": {"name": "Dore", "minzoom": 11.9}, "geometry": {"type": "Point", "coordinates": [-104.03104, 47.92057]}},
    {"type": "Feature", "properties": {"name": "Mandt", "minzoom": 11.9}, "geometry": {"type": "Point", "coordinates": [-97.60092, 48.41971]}},
    {"type": "Feature", "properties": {"name": "Manitou", "minzoom": 11.9}, "geometry": {"type": "Point", "coordinates": [-102.63657, 48.33113]}},
    {"type": "Feature", "properties": {"name": "Marmarth", "minzoom": 11.9}, "geometry": {"type": "Point", "coordinates": [-103.92076, 46.29501]}},
    {"type": "Feature", "properties": {"name": "Monango", "minzoom": 11.9}, "geometry": {"type": "Point", "coordinates": [-98.59454, 46.17275]}},
    {"type": "Feature", "properties": {"name": "Petersburg", "minzoom": 11.9}, "geometry": {"type": "Point", "coordinates": [-98.00149, 48.01111]}},
    {"type": "Feature", "properties": {"name": "Tuttle", "minzoom": 11.9}, "geometry": {"type": "Point", "coordinates": [-99.99455, 47.1436]}},
    {"type": "Feature", "properties": {"name": "Halliday", "minzoom": 11.9}, "geometry": {"type": "Point", "coordinates": [-102.33601, 47.35445]}},
    {"type": "Feature", "properties": {"name": "Roseville", "minzoom": 11.9}, "geometry": {"type": "Point", "coordinates": [-97.38898, 47.44026]}},
    {"type": "Feature", "properties": {"name": "Dengate", "minzoom": 11.9}, "geometry": {"type": "Point", "coordinates": [-101.63543, 46.84556]}},
    {"type": "Feature", "properties": {"name": "Mound", "minzoom": 11.9}, "geometry": {"type": "Point", "coordinates": [-103.73853, 46.40251]}},
    {"type": "Feature", "properties": {"name": "Venturia", "minzoom": 11.9}, "geometry": {"type": "Point", "coordinates": [-99.54956, 45.99719]}},
    {"type": "Feature", "properties": {"name": "Rutland", "minzoom": 11.9}, "geometry": {"type": "Point", "coordinates": [-97.50898, 46.05302]}},
    {"type": "Feature", "properties": {"name": "Saint Benedict", "minzoom": 11.9}, "geometry": {"type": "Point", "coordinates": [-96.84147, 46.72441]}},
    {"type": "Feature", "properties": {"name": "Medora", "minzoom": 11.9}, "geometry": {"type": "Point", "coordinates": [-103.52435, 46.9139]}},
    {"type": "Feature", "properties": {"name": "Taft", "minzoom": 11.9}, "geometry": {"type": "Point", "coordinates": [-97.07009, 47.45637]}},
    {"type": "Feature", "properties": {"name": "Belmar", "minzoom": 11.9}, "geometry": {"type": "Point", "coordinates": [-100.32764, 48.66083]}},
    {"type": "Feature", "properties": {"name": "Guptill", "minzoom": 11.9}, "geometry": {"type": "Point", "coordinates": [-99.13845, 47.51555]}},
    {"type": "Feature", "properties": {"name": "Upham", "minzoom": 11.9}, "geometry": {"type": "Point", "coordinates": [-100.72832, 48.58157]}},
    {"type": "Feature", "properties": {"name": "Sweet Briar", "minzoom": 11.9}, "geometry": {"type": "Point", "coordinates": [-101.15486, 46.82444]}},
    {"type": "Feature", "properties": {"name": "Egeland", "minzoom": 11.9}, "geometry": {"type": "Point", "coordinates": [-99.09736, 48.62639]}},
    {"type": "Feature", "properties": {"name": "Michigan City", "minzoom": 11.9}, "geometry": {"type": "Point", "coordinates": [-98.12351, 48.02377]}},
    {"type": "Feature", "properties": {"name": "Fairdale", "minzoom": 11.9}, "geometry": {"type": "Point", "coordinates": [-98.23122, 48.49083]}},
    {"type": "Feature", "properties": {"name": "Fingal", "minzoom": 11.9}, "geometry": {"type": "Point", "coordinates": [-97.79038, 46.76053]}},
    {"type": "Feature", "properties": {"name": "Crete", "minzoom": 11.9}, "geometry": {"type": "Point", "coordinates": [-97.96173, 46.19971]}},
    {"type": "Feature", "properties": {"name": "Mylo", "minzoom": 11.9}, "geometry": {"type": "Point", "coordinates": [-99.61876, 48.63528]}},
    {"type": "Feature", "properties": {"name": "Osnabrock", "minzoom": 11.9}, "geometry": {"type": "Point", "coordinates": [-98.15122, 48.66889]}},
    {"type": "Feature", "properties": {"name": "Des Lacs", "minzoom": 11.9}, "geometry": {"type": "Point", "coordinates": [-101.56372, 48.25676]}},
    {"type": "Feature", "properties": {"name": "Westby", "minzoom": 11.9}, "geometry": {"type": "Point", "coordinates": [-104.0523, 48.86996]}},
    {"type": "Feature", "properties": {"name": "Arvilla", "minzoom": 11.9}, "geometry": {"type": "Point", "coordinates": [-97.49955, 47.91926]}},
    {"type": "Feature", "properties": {"name": "Blabon", "minzoom": 11.9}, "geometry": {"type": "Point", "coordinates": [-97.78898, 47.40166]}},
    {"type": "Feature", "properties": {"name": "Eckelson", "minzoom": 11.9}, "geometry": {"type": "Point", "coordinates": [-98.33315, 46.93804]}},
    {"type": "Feature", "properties": {"name": "Colgate", "minzoom": 11.9}, "geometry": {"type": "Point", "coordinates": [-97.65649, 47.24471]}},
    {"type": "Feature", "properties": {"name": "Grace City", "minzoom": 11.9}, "geometry": {"type": "Point", "coordinates": [-98.80341, 47.55138]}},
    {"type": "Feature", "properties": {"name": "Reeder", "minzoom": 11.9}, "geometry": {"type": "Point", "coordinates": [-102.94544, 46.10584]}},
    {"type": "Feature", "properties": {"name": "Still", "minzoom": 11.9}, "geometry": {"type": "Point", "coordinates": [-100.63624, 47.16055]}},
    {"type": "Feature", "properties": {"name": "Epworth", "minzoom": 11.9}, "geometry": {"type": "Point", "coordinates": [-102.22384, 48.12352]}},
    {"type": "Feature", "properties": {"name": "Brampton", "minzoom": 11.9}, "geometry": {"type": "Point", "coordinates": [-97.77621, 45.99469]}},
    {"type": "Feature", "properties": {"name": "Hope", "minzoom": 11.9}, "geometry": {"type": "Point", "coordinates": [-97.72232, 47.32221]}},
    {"type": "Feature", "properties": {"name": "Kloze", "minzoom": 11.9}, "geometry": {"type": "Point", "coordinates": [-98.73983, 46.80054]}},
    {"type": "Feature", "properties": {"name": "Rohrville", "minzoom": 11.9}, "geometry": {"type": "Point", "coordinates": [-98.66011, 48.1425]}},
    {"type": "Feature", "properties": {"name": "Lakewood Park", "minzoom": 11.9}, "geometry": {"type": "Point", "coordinates": [-98.92957, 48.07167]}},
    {"type": "Feature", "properties": {"name": "Spiritwood", "minzoom": 11.9}, "geometry": {"type": "Point", "coordinates": [-98.49565, 46.9361]}},
    {"type": "Feature", "properties": {"name": "Arnold", "minzoom": 11.9}, "geometry": {"type": "Point", "coordinates": [-100.75346, 46.92388]}},
    {"type": "Feature", "properties": {"name": "Renville", "minzoom": 11.9}, "geometry": {"type": "Point", "coordinates": [-101.29921, 48.76275]}},
    {"type": "Feature", "properties": {"name": "Grandin", "minzoom": 11.9}, "geometry": {"type": "Point", "coordinates": [-97.00147, 47.23692]}},
    {"type": "Feature", "properties": {"name": "Raub", "minzoom": 11.9}, "geometry": {"type": "Point", "coordinates": [-102.04322, 47.7464]}},
    {"type": "Feature", "properties": {"name": "Cleveland", "minzoom": 11.9}, "geometry": {"type": "Point", "coordinates": [-99.11789, 46.89165]}},
    {"type": "Feature", "properties": {"name": "Webster", "minzoom": 11.9}, "geometry": {"type": "Point", "coordinates": [-98.87624, 48.28223]}},
    {"type": "Feature", "properties": {"name": "Garske", "minzoom": 11.9}, "geometry": {"type": "Point", "coordinates": [-98.87735, 48.35778]}},
    {"type": "Feature", "properties": {"name": "Regan", "minzoom": 11.9}, "geometry": {"type": "Point", "coordinates": [-100.52818, 47.15805]}},
    {"type": "Feature", "properties": {"name": "Hannover", "minzoom": 11.9}, "geometry": {"type": "Point", "coordinates": [-101.42654, 47.11139]}},
    {"type": "Feature", "properties": {"name": "Backoo", "minzoom": 11.9}, "geometry": {"type": "Point", "coordinates": [-97.71037, 48.83666]}},
    {"type": "Feature", "properties": {"name": "Akra Township", "minzoom": 11.9}, "geometry": {"type": "Point", "coordinates": [-97.72704, 48.77527]}},
    {"type": "Feature", "properties": {"name": "Noonan", "minzoom": 11.9}, "geometry": {"type": "Point", "coordinates": [-103.00879, 48.88892]}},
    {"type": "Feature", "properties": {"name": "Walden", "minzoom": 11.9}, "geometry": {"type": "Point", "coordinates": [-97.6901, 47.17471]}},
    {"type": "Feature", "properties": {"name": "Hickson", "minzoom": 11.9}, "geometry": {"type": "Point", "coordinates": [-96.81036, 46.66941]}},
    {"type": "Feature", "properties": {"name": "Wimbledon", "minzoom": 11.9}, "geometry": {"type": "Point", "coordinates": [-98.45987, 47.16969]}},
    {"type": "Feature", "properties": {"name": "Easby", "minzoom": 11.9}, "geometry": {"type": "Point", "coordinates": [-98.25345, 48.71028]}},
    {"type": "Feature", "properties": {"name": "Cathay", "minzoom": 11.9}, "geometry": {"type": "Point", "coordinates": [-99.409, 47.55361]}},
    {"type": "Feature", "properties": {"name": "Overly", "minzoom": 11.9}, "geometry": {"type": "Point", "coordinates": [-100.15014, 48.68194]}},
    {"type": "Feature", "properties": {"name": "Belden", "minzoom": 11.9}, "geometry": {"type": "Point", "coordinates": [-102.3574, 48.1514]}},
    {"type": "Feature", "properties": {"name": "Woods", "minzoom": 11.9}, "geometry": {"type": "Point", "coordinates": [-97.18898, 46.67997]}},
    {"type": "Feature", "properties": {"name": "Driscoll", "minzoom": 11.9}, "geometry": {"type": "Point", "coordinates": [-100.1415, 46.84415]}},
    {"type": "Feature", "properties": {"name": "Sheldon", "minzoom": 11.9}, "geometry": {"type": "Point", "coordinates": [-97.4912, 46.5858]}},
    {"type": "Feature", "properties": {"name": "Perella", "minzoom": 11.9}, "geometry": {"type": "Point", "coordinates": [-102.251, 48.90169]}},
    {"type": "Feature", "properties": {"name": "Orrin", "minzoom": 11.9}, "geometry": {"type": "Point", "coordinates": [-100.16436, 48.08979]}},
    {"type": "Feature", "properties": {"name": "Orr", "minzoom": 11.9}, "geometry": {"type": "Point", "coordinates": [-97.67536, 48.09333]}},
    {"type": "Feature", "properties": {"name": "Newville", "minzoom": 11.9}, "geometry": {"type": "Point", "coordinates": [-98.98736, 48.55862]}},
    {"type": "Feature", "properties": {"name": "Abercrombie", "minzoom": 11.9}, "geometry": {"type": "Point", "coordinates": [-96.73036, 46.44774]}},
    {"type": "Feature", "properties": {"name": "Bowbells", "minzoom": 11.9}, "geometry": {"type": "Point", "coordinates": [-102.246, 48.80308]}},
    {"type": "Feature", "properties": {"name": "Lowell", "minzoom": 11.9}, "geometry": {"type": "Point", "coordinates": [-99.38012, 45.94192]}},
    {"type": "Feature", "properties": {"name": "Lark", "minzoom": 11.9}, "geometry": {"type": "Point", "coordinates": [-101.39626, 46.45306]}},
    {"type": "Feature", "properties": {"name": "Vashti", "minzoom": 11.9}, "geometry": {"type": "Point", "coordinates": [-99.08067, 47.18888]}},
    {"type": "Feature", "properties": {"name": "Sutton", "minzoom": 11.9}, "geometry": {"type": "Point", "coordinates": [-98.43926, 47.40194]}},
    {"type": "Feature", "properties": {"name": "Regent", "minzoom": 11.9}, "geometry": {"type": "Point", "coordinates": [-102.55572, 46.42167]}},
    {"type": "Feature", "properties": {"name": "Aylmer", "minzoom": 11.9}, "geometry": {"type": "Point", "coordinates": [-100.19291, 47.93417]}},
    {"type": "Feature", "properties": {"name": "Olga", "minzoom": 11.9}, "geometry": {"type": "Point", "coordinates": [-98.03788, 48.79833]}},
    {"type": "Feature", "properties": {"name": "Ardoch", "minzoom": 11.9}, "geometry": {"type": "Point", "coordinates": [-97.3423, 48.20721]}},
    {"type": "Feature", "properties": {"name": "Wild Rice", "minzoom": 11.9}, "geometry": {"type": "Point", "coordinates": [-96.80953, 46.74635]}},
    {"type": "Feature", "properties": {"name": "Blanchard", "minzoom": 11.9}, "geometry": {"type": "Point", "coordinates": [-97.21953, 47.34581]}},
    {"type": "Feature", "properties": {"name": "Poland", "minzoom": 11.9}, "geometry": {"type": "Point", "coordinates": [-97.21841, 48.19776]}},
    {"type": "Feature", "properties": {"name": "Wolseth", "minzoom": 11.9}, "geometry": {"type": "Point", "coordinates": [-101.12404, 48.44641]}},
    {"type": "Feature", "properties": {"name": "Streeter", "minzoom": 11.9}, "geometry": {"type": "Point", "coordinates": [-99.35615, 46.65807]}},
    {"type": "Feature", "properties": {"name": "Sharon", "minzoom": 11.9}, "geometry": {"type": "Point", "coordinates": [-97.89398, 47.59721]}},
    {"type": "Feature", "properties": {"name": "Danzig", "minzoom": 11.9}, "geometry": {"type": "Point", "coordinates": [-99.47484, 46.13803]}},
    {"type": "Feature", "properties": {"name": "Kellogg", "minzoom": 11.9}, "geometry": {"type": "Point", "coordinates": [-97.4273, 48.36304]}},
    {"type": "Feature", "properties": {"name": "Lallie", "minzoom": 11.9}, "geometry": {"type": "Point", "coordinates": [-99.21597, 47.97833]}},
    {"type": "Feature", "properties": {"name": "Lunds Valley", "minzoom": 11.9}, "geometry": {"type": "Point", "coordinates": [-102.54268, 48.5078]}},
    {"type": "Feature", "properties": {"name": "Judson", "minzoom": 11.9}, "geometry": {"type": "Point", "coordinates": [-101.27848, 46.82639]}},
    {"type": "Feature", "properties": {"name": "Prairie Rose", "minzoom": 11.9}, "geometry": {"type": "Point", "coordinates": [-96.83564, 46.81746]}},
    {"type": "Feature", "properties": {"name": "Baden", "minzoom": 11.9}, "geometry": {"type": "Point", "coordinates": [-102.00405, 48.58724]}},
    {"type": "Feature", "properties": {"name": "Hesper", "minzoom": 11.9}, "geometry": {"type": "Point", "coordinates": [-99.62985, 47.9864]}},
    {"type": "Feature", "properties": {"name": "Hampden", "minzoom": 11.9}, "geometry": {"type": "Point", "coordinates": [-98.65429, 48.54028]}},
    {"type": "Feature", "properties": {"name": "Goodrich", "minzoom": 11.9}, "geometry": {"type": "Point", "coordinates": [-100.12623, 47.47499]}},
    {"type": "Feature", "properties": {"name": "Myra", "minzoom": 11.9}, "geometry": {"type": "Point", "coordinates": [-97.32009, 46.85359]}},
    {"type": "Feature", "properties": {"name": "Ladoga", "minzoom": 11.9}, "geometry": {"type": "Point", "coordinates": [-99.56289, 46.8761]}},
    {"type": "Feature", "properties": {"name": "Herrick", "minzoom": 11.9}, "geometry": {"type": "Point", "coordinates": [-97.22841, 48.51387]}},
    {"type": "Feature", "properties": {"name": "Grand Rapids", "minzoom": 11.9}, "geometry": {"type": "Point", "coordinates": [-98.37065, 46.44442]}},
    {"type": "Feature", "properties": {"name": "Petrel", "minzoom": 11.9}, "geometry": {"type": "Point", "coordinates": [-102.2771, 45.94833]}},
    {"type": "Feature", "properties": {"name": "Duane", "minzoom": 11.9}, "geometry": {"type": "Point", "coordinates": [-98.54232, 46.07219]}},
    {"type": "Feature", "properties": {"name": "Divide", "minzoom": 11.9}, "geometry": {"type": "Point", "coordinates": [-99.12484, 47.76972]}},
    {"type": "Feature", "properties": {"name": "North Lemmon", "minzoom": 11.9}, "geometry": {"type": "Point", "coordinates": [-102.15765, 45.94611]}},
    {"type": "Feature", "properties": {"name": "Maza", "minzoom": 11.9}, "geometry": {"type": "Point", "coordinates": [-99.19847, 48.39361]}},
    {"type": "Feature", "properties": {"name": "Fort Rice", "minzoom": 11.9}, "geometry": {"type": "Point", "coordinates": [-100.58429, 46.52611]}},
    {"type": "Feature", "properties": {"name": "Saint Gertrude", "minzoom": 11.9}, "geometry": {"type": "Point", "coordinates": [-101.33183, 46.28421]}},
    {"type": "Feature", "properties": {"name": "Johnsons Corner", "minzoom": 11.9}, "geometry": {"type": "Point", "coordinates": [-102.94174, 47.80436]}},
    {"type": "Feature", "properties": {"name": "York", "minzoom": 11.9}, "geometry": {"type": "Point", "coordinates": [-99.57347, 48.31278]}},
    {"type": "Feature", "properties": {"name": "Wheatland", "minzoom": 11.9}, "geometry": {"type": "Point", "coordinates": [-97.34537, 46.90747]}},
    {"type": "Feature", "properties": {"name": "Battleview", "minzoom": 11.9}, "geometry": {"type": "Point", "coordinates": [-102.7924, 48.57892]}},
    {"type": "Feature", "properties": {"name": "Benedict", "minzoom": 11.9}, "geometry": {"type": "Point", "coordinates": [-101.08237, 47.83028]}},
    {"type": "Feature", "properties": {"name": "Johnson Ford", "minzoom": 11.9}, "geometry": {"type": "Point", "coordinates": [-101.75403, 46.58084]}},
    {"type": "Feature", "properties": {"name": "Bloom", "minzoom": 11.9}, "geometry": {"type": "Point", "coordinates": [-98.61288, 46.91638]}},
    {"type": "Feature", "properties": {"name": "North Grand Forks", "minzoom": 11.9}, "geometry": {"type": "Point", "coordinates": [-97.09091, 47.97943]}},
    {"type": "Feature", "properties": {"name": "Ops", "minzoom": 11.9}, "geometry": {"type": "Point", "coordinates": [-97.59703, 48.22777]}},
    {"type": "Feature", "properties": {"name": "Wogansport", "minzoom": 11.9}, "geometry": {"type": "Point", "coordinates": [-100.87402, 47.03471]}},
    {"type": "Feature", "properties": {"name": "Warren", "minzoom": 11.9}, "geometry": {"type": "Point", "coordinates": [-97.01037, 46.72725]}},
    {"type": "Feature", "properties": {"name": "Chadwick", "minzoom": 11.9}, "geometry": {"type": "Point", "coordinates": [-101.0343, 46.15972]}},
    {"type": "Feature", "properties": {"name": "Coteau", "minzoom": 11.9}, "geometry": {"type": "Point", "coordinates": [-102.31906, 48.7567]}},
    {"type": "Feature", "properties": {"name": "Sydney", "minzoom": 11.9}, "geometry": {"type": "Point", "coordinates": [-98.76822, 46.73134]}},
    {"type": "Feature", "properties": {"name": "Saint Anthony", "minzoom": 11.9}, "geometry": {"type": "Point", "coordinates": [-100.91045, 46.61752]}},
    {"type": "Feature", "properties": {"name": "Auburn", "minzoom": 11.9}, "geometry": {"type": "Point", "coordinates": [-97.4398, 48.50693]}},
    {"type": "Feature", "properties": {"name": "Honeyford", "minzoom": 11.9}, "geometry": {"type": "Point", "coordinates": [-97.47064, 48.03332]}},
    {"type": "Feature", "properties": {"name": "Kief", "minzoom": 11.9}, "geometry": {"type": "Point", "coordinates": [-100.51263, 47.85817]}},
    {"type": "Feature", "properties": {"name": "De Mores", "minzoom": 11.9}, "geometry": {"type": "Point", "coordinates": [-103.74242, 46.92196]}},
    {"type": "Feature", "properties": {"name": "Leyden", "minzoom": 11.9}, "geometry": {"type": "Point", "coordinates": [-97.81092, 48.87666]}},
    {"type": "Feature", "properties": {"name": "Nolan", "minzoom": 11.9}, "geometry": {"type": "Point", "coordinates": [-97.5614, 47.13821]}},
    {"type": "Feature", "properties": {"name": "Newman", "minzoom": 11.9}, "geometry": {"type": "Point", "coordinates": [-97.09953, 46.99108]}},
    {"type": "Feature", "properties": {"name": "Thorne", "minzoom": 11.9}, "geometry": {"type": "Point", "coordinates": [-99.93153, 48.73917]}},
    {"type": "Feature", "properties": {"name": "Havana", "minzoom": 11.9}, "geometry": {"type": "Point", "coordinates": [-97.61899, 45.95024]}},
    {"type": "Feature", "properties": {"name": "Buffalo", "minzoom": 11.9}, "geometry": {"type": "Point", "coordinates": [-97.54954, 46.9197]}},
    {"type": "Feature", "properties": {"name": "Kuroki", "minzoom": 11.9}, "geometry": {"type": "Point", "coordinates": [-101.14655, 48.93113]}},
    {"type": "Feature", "properties": {"name": "Southam", "minzoom": 11.9}, "geometry": {"type": "Point", "coordinates": [-98.55205, 48.15834]}},
    {"type": "Feature", "properties": {"name": "Haley", "minzoom": 11.9}, "geometry": {"type": "Point", "coordinates": [-103.11934, 45.96139]}},
    {"type": "Feature", "properties": {"name": "Clement", "minzoom": 11.9}, "geometry": {"type": "Point", "coordinates": [-98.24427, 46.15441]}},
    {"type": "Feature", "properties": {"name": "Wellsburg", "minzoom": 11.9}, "geometry": {"type": "Point", "coordinates": [-99.76151, 47.83167]}},
    {"type": "Feature", "properties": {"name": "Norman", "minzoom": 11.9}, "geometry": {"type": "Point", "coordinates": [-96.94342, 46.65885]}},
    {"type": "Feature", "properties": {"name": "Leith", "minzoom": 11.9}, "geometry": {"type": "Point", "coordinates": [-101.63653, 46.35834]}},
    {"type": "Feature", "properties": {"name": "Bordulac", "minzoom": 11.9}, "geometry": {"type": "Point", "coordinates": [-98.964, 47.38777]}},
    {"type": "Feature", "properties": {"name": "Daglum", "minzoom": 11.9}, "geometry": {"type": "Point", "coordinates": [-103.02045, 46.7089]}},
    {"type": "Feature", "properties": {"name": "Banks", "minzoom": 11.9}, "geometry": {"type": "Point", "coordinates": [-103.19463, 48.03863]}},
    {"type": "Feature", "properties": {"name": "Russell", "minzoom": 11.9}, "geometry": {"type": "Point", "coordinates": [-100.90154, 48.67141]}},
    {"type": "Feature", "properties": {"name": "Kincaid", "minzoom": 11.9}, "geometry": {"type": "Point", "coordinates": [-102.78684, 48.88725]}},
    {"type": "Feature", "properties": {"name": "Bergen", "minzoom": 11.9}, "geometry": {"type": "Point", "coordinates": [-100.71459, 48.00167]}},
    {"type": "Feature", "properties": {"name": "Pinkham", "minzoom": 11.9}, "geometry": {"type": "Point", "coordinates": [-96.90369, 46.92025]}},
    {"type": "Feature", "properties": {"name": "Elmore", "minzoom": 11.9}, "geometry": {"type": "Point", "coordinates": [-96.60535, 46.19579]}},
    {"type": "Feature", "properties": {"name": "Hamlet", "minzoom": 11.9}, "geometry": {"type": "Point", "coordinates": [-103.05157, 48.62864]}},
    {"type": "Feature", "properties": {"name": "Manfred", "minzoom": 11.9}, "geometry": {"type": "Point", "coordinates": [-99.74818, 47.69472]}},
    {"type": "Feature", "properties": {"name": "Colfax", "minzoom": 11.9}, "geometry": {"type": "Point", "coordinates": [-96.87453, 46.46941]}},
    {"type": "Feature", "properties": {"name": "Perth", "minzoom": 11.9}, "geometry": {"type": "Point", "coordinates": [-99.45792, 48.71639]}},
    {"type": "Feature", "properties": {"name": "Havelock", "minzoom": 11.9}, "geometry": {"type": "Point", "coordinates": [-102.74378, 46.47473]}},
    {"type": "Feature", "properties": {"name": "Mountain", "minzoom": 11.9}, "geometry": {"type": "Point", "coordinates": [-97.86524, 48.6844]}},
    {"type": "Feature", "properties": {"name": "Lankin", "minzoom": 11.9}, "geometry": {"type": "Point", "coordinates": [-97.92432, 48.31187]}},
    {"type": "Feature", "properties": {"name": "Tappen", "minzoom": 11.9}, "geometry": {"type": "Point", "coordinates": [-99.6365, 46.87499]}},
    {"type": "Feature", "properties": {"name": "Brocket", "minzoom": 11.9}, "geometry": {"type": "Point", "coordinates": [-98.35705, 48.21306]}},
    {"type": "Feature", "properties": {"name": "Herriott", "minzoom": 11.9}, "geometry": {"type": "Point", "coordinates": [-97.38924, 48.35443]}},
    {"type": "Feature", "properties": {"name": "Werner", "minzoom": 11.9}, "geometry": {"type": "Point", "coordinates": [-102.45713, 47.36057]}},
    {"type": "Feature", "properties": {"name": "Courtenay", "minzoom": 11.9}, "geometry": {"type": "Point", "coordinates": [-98.56649, 47.22222]}},
    {"type": "Feature", "properties": {"name": "Zeeland", "minzoom": 11.9}, "geometry": {"type": "Point", "coordinates": [-99.83067, 45.96998]}},
    {"type": "Feature", "properties": {"name": "Parkhurst", "minzoom": 11.9}, "geometry": {"type": "Point", "coordinates": [-98.75066, 46.97638]}},
    {"type": "Feature", "properties": {"name": "Weaver", "minzoom": 11.9}, "geometry": {"type": "Point", "coordinates": [-98.72457, 48.59112]}},
    {"type": "Feature", "properties": {"name": "Alsen", "minzoom": 11.9}, "geometry": {"type": "Point", "coordinates": [-98.70485, 48.63056]}},
    {"type": "Feature", "properties": {"name": "Ekre", "minzoom": 11.9}, "geometry": {"type": "Point", "coordinates": [-103.96993, 46.78918]}},
    {"type": "Feature", "properties": {"name": "Mooreton", "minzoom": 11.9}, "geometry": {"type": "Point", "coordinates": [-96.87619, 46.26857]}},
    {"type": "Feature", "properties": {"name": "Guthrie", "minzoom": 11.9}, "geometry": {"type": "Point", "coordinates": [-100.37736, 48.00112]}},
    {"type": "Feature", "properties": {"name": "Hansboro", "minzoom": 11.9}, "geometry": {"type": "Point", "coordinates": [-99.38075, 48.95219]}},
    {"type": "Feature", "properties": {"name": "Norway", "minzoom": 11.9}, "geometry": {"type": "Point", "coordinates": [-98.14566, 46.13886]}},
    {"type": "Feature", "properties": {"name": "Forest River Hutterite Colony", "minzoom": 11.9}, "geometry": {"type": "Point", "coordinates": [-97.70178, 48.18205]}},
    {"type": "Feature", "properties": {"name": "Warwick", "minzoom": 11.9}, "geometry": {"type": "Point", "coordinates": [-98.71011, 47.855]}},
    {"type": "Feature", "properties": {"name": "Juno", "minzoom": 11.9}, "geometry": {"type": "Point", "coordinates": [-103.20407, 48.89837]}},
    {"type": "Feature", "properties": {"name": "Mount Carmel", "minzoom": 11.9}, "geometry": {"type": "Point", "coordinates": [-98.38678, 48.935]}},
    {"type": "Feature", "properties": {"name": "Pekin", "minzoom": 11.9}, "geometry": {"type": "Point", "coordinates": [-98.32816, 47.79083]}},
    {"type": "Feature", "properties": {"name": "Baker", "minzoom": 11.9}, "geometry": {"type": "Point", "coordinates": [-99.64763, 48.16056]}},
    {"type": "Feature", "properties": {"name": "Wabek", "minzoom": 11.9}, "geometry": {"type": "Point", "coordinates": [-101.95749, 47.96904]}},
    {"type": "Feature", "properties": {"name": "Selz", "minzoom": 11.9}, "geometry": {"type": "Point", "coordinates": [-99.89179, 47.85722]}},
    {"type": "Feature", "properties": {"name": "Mapes", "minzoom": 11.9}, "geometry": {"type": "Point", "coordinates": [-98.22732, 48.03111]}},
    {"type": "Feature", "properties": {"name": "Spotted Horn", "minzoom": 11.9}, "geometry": {"type": "Point", "coordinates": [-102.70686, 47.71335]}},
    {"type": "Feature", "properties": {"name": "Arena", "minzoom": 11.9}, "geometry": {"type": "Point", "coordinates": [-100.16233, 47.12721]}},
    {"type": "Feature", "properties": {"name": "Fairfield", "minzoom": 11.9}, "geometry": {"type": "Point", "coordinates": [-103.22213, 47.18946]}},
    {"type": "Feature", "properties": {"name": "New Hradec", "minzoom": 11.9}, "geometry": {"type": "Point", "coordinates": [-102.88435, 46.99946]}},
    {"type": "Feature", "properties": {"name": "Blaisdell", "minzoom": 11.9}, "geometry": {"type": "Point", "coordinates": [-102.07683, 48.33613]}},
    {"type": "Feature", "properties": {"name": "Venlo", "minzoom": 11.9}, "geometry": {"type": "Point", "coordinates": [-97.4462, 46.48636]}},
    {"type": "Feature", "properties": {"name": "Appam", "minzoom": 11.9}, "geometry": {"type": "Point", "coordinates": [-103.58881, 48.57003]}},
    {"type": "Feature", "properties": {"name": "Verona", "minzoom": 11.9}, "geometry": {"type": "Point", "coordinates": [-98.07232, 46.36386]}},
    {"type": "Feature", "properties": {"name": "Golva", "minzoom": 11.9}, "geometry": {"type": "Point", "coordinates": [-103.98632, 46.73418]}},
    {"type": "Feature", "properties": {"name": "Sherwood", "minzoom": 11.9}, "geometry": {"type": "Point", "coordinates": [-101.63266, 48.96002]}},
    {"type": "Feature", "properties": {"name": "Hallson", "minzoom": 11.9}, "geometry": {"type": "Point", "coordinates": [-97.81787, 48.76388]}},
    {"type": "Feature", "properties": {"name": "Croff", "minzoom": 11.9}, "geometry": {"type": "Point", "coordinates": [-102.9413, 47.74724]}},
    {"type": "Feature", "properties": {"name": "Cole Ford", "minzoom": 11.9}, "geometry": {"type": "Point", "coordinates": [-100.46319, 48.52916]}},
    {"type": "Feature", "properties": {"name": "Merida", "minzoom": 11.9}, "geometry": {"type": "Point", "coordinates": [-100.92931, 47.24277]}},
    {"type": "Feature", "properties": {"name": "Temvik", "minzoom": 11.9}, "geometry": {"type": "Point", "coordinates": [-100.25845, 46.36971]}},
    {"type": "Feature", "properties": {"name": "Walcott", "minzoom": 11.9}, "geometry": {"type": "Point", "coordinates": [-96.93675, 46.54885]}},
    {"type": "Feature", "properties": {"name": "Englevale", "minzoom": 11.9}, "geometry": {"type": "Point", "coordinates": [-97.91343, 46.39275]}},
    {"type": "Feature", "properties": {"name": "Norma", "minzoom": 11.9}, "geometry": {"type": "Point", "coordinates": [-101.97322, 48.72891]}},
    {"type": "Feature", "properties": {"name": "Glenfield", "minzoom": 11.9}, "geometry": {"type": "Point", "coordinates": [-98.56675, 47.45495]}},
    {"type": "Feature", "properties": {"name": "Fillmore", "minzoom": 11.9}, "geometry": {"type": "Point", "coordinates": [-99.80069, 48.18028]}},
    {"type": "Feature", "properties": {"name": "Gilby", "minzoom": 11.9}, "geometry": {"type": "Point", "coordinates": [-97.46951, 48.08373]}},
    {"type": "Feature", "properties": {"name": "Pisek", "minzoom": 11.9}, "geometry": {"type": "Point", "coordinates": [-97.70925, 48.31083]}},
    {"type": "Feature", "properties": {"name": "Portal", "minzoom": 11.9}, "geometry": {"type": "Point", "coordinates": [-102.54961, 48.99586]}},
    {"type": "Feature", "properties": {"name": "Reeves", "minzoom": 11.9}, "geometry": {"type": "Point", "coordinates": [-98.5826, 46.86304]}},
    {"type": "Feature", "properties": {"name": "Watrous", "minzoom": 11.9}, "geometry": {"type": "Point", "coordinates": [-102.19294, 46.32584]}},
    {"type": "Feature", "properties": {"name": "Burnstad", "minzoom": 11.9}, "geometry": {"type": "Point", "coordinates": [-99.63261, 46.38553]}},
    {"type": "Feature", "properties": {"name": "Agate", "minzoom": 11.9}, "geometry": {"type": "Point", "coordinates": [-99.4932, 48.62278]}},
    {"type": "Feature", "properties": {"name": "Kramer", "minzoom": 11.9}, "geometry": {"type": "Point", "coordinates": [-100.70681, 48.69056]}},
    {"type": "Feature", "properties": {"name": "Starkweather", "minzoom": 11.9}, "geometry": {"type": "Point", "coordinates": [-98.88374, 48.45195]}},
    {"type": "Feature", "properties": {"name": "Truro", "minzoom": 11.9}, "geometry": {"type": "Point", "coordinates": [-101.44627, 48.69391]}},
    {"type": "Feature", "properties": {"name": "Prosper", "minzoom": 11.9}, "geometry": {"type": "Point", "coordinates": [-97.01981, 46.96303]}},
    {"type": "Feature", "properties": {"name": "Veseleyville", "minzoom": 11.9}, "geometry": {"type": "Point", "coordinates": [-97.5573, 48.32527]}},
    {"type": "Feature", "properties": {"name": "Lake Williams", "minzoom": 11.9}, "geometry": {"type": "Point", "coordinates": [-99.61456, 47.13471]}},
    {"type": "Feature", "properties": {"name": "Nekoma", "minzoom": 11.9}, "geometry": {"type": "Point", "coordinates": [-98.37039, 48.57722]}},
    {"type": "Feature", "properties": {"name": "Shepard", "minzoom": 11.9}, "geometry": {"type": "Point", "coordinates": [-98.13204, 47.38972]}},
    {"type": "Feature", "properties": {"name": "Chaffee", "minzoom": 11.9}, "geometry": {"type": "Point", "coordinates": [-97.35482, 46.77469]}},
    {"type": "Feature", "properties": {"name": "Stirum", "minzoom": 11.9}, "geometry": {"type": "Point", "coordinates": [-97.80837, 46.21142]}},
    {"type": "Feature", "properties": {"name": "Taylor", "minzoom": 11.9}, "geometry": {"type": "Point", "coordinates": [-102.42287, 46.90229]}},
    {"type": "Feature", "properties": {"name": "Brittin", "minzoom": 11.9}, "geometry": {"type": "Point", "coordinates": [-100.40567, 46.71527]}},
    {"type": "Feature", "properties": {"name": "Thelan", "minzoom": 11.9}, "geometry": {"type": "Point", "coordinates": [-103.97187, 46.80362]}},
    {"type": "Feature", "properties": {"name": "Bantry", "minzoom": 11.9}, "geometry": {"type": "Point", "coordinates": [-100.61041, 48.49833]}},
    {"type": "Feature", "properties": {"name": "Durbin", "minzoom": 11.9}, "geometry": {"type": "Point", "coordinates": [-97.14953, 46.80858]}},
    {"type": "Feature", "properties": {"name": "Schefield", "minzoom": 11.9}, "geometry": {"type": "Point", "coordinates": [-102.85462, 46.67473]}},
    {"type": "Feature", "properties": {"name": "Hensler", "minzoom": 11.9}, "geometry": {"type": "Point", "coordinates": [-101.08487, 47.26027]}},
    {"type": "Feature", "properties": {"name": "Aneta", "minzoom": 11.9}, "geometry": {"type": "Point", "coordinates": [-97.98815, 47.67944]}},
    {"type": "Feature", "properties": {"name": "Powell", "minzoom": 11.9}, "geometry": {"type": "Point", "coordinates": [-97.17786, 47.9197]}},
    {"type": "Feature", "properties": {"name": "Baldwin", "minzoom": 11.9}, "geometry": {"type": "Point", "coordinates": [-100.74957, 47.02666]}},
    {"type": "Feature", "properties": {"name": "Binford", "minzoom": 11.9}, "geometry": {"type": "Point", "coordinates": [-98.3451, 47.56194]}},
    {"type": "Feature", "properties": {"name": "Sweetwater", "minzoom": 11.9}, "geometry": {"type": "Point", "coordinates": [-98.87123, 48.21584]}},
    {"type": "Feature", "properties": {"name": "Eldridge", "minzoom": 11.9}, "geometry": {"type": "Point", "coordinates": [-98.85177, 46.90249]}},
    {"type": "Feature", "properties": {"name": "Sentinel Butte", "minzoom": 11.9}, "geometry": {"type": "Point", "coordinates": [-103.83881, 46.91835]}},
    {"type": "Feature", "properties": {"name": "Maxbass", "minzoom": 11.9}, "geometry": {"type": "Point", "coordinates": [-101.14155, 48.72169]}},
    {"type": "Feature", "properties": {"name": "Fleece", "minzoom": 11.9}, "geometry": {"type": "Point", "coordinates": [-97.2043, 48.75976]}},
    {"type": "Feature", "properties": {"name": "Adams", "minzoom": 11.9}, "geometry": {"type": "Point", "coordinates": [-98.07899, 48.42139]}},
    {"type": "Feature", "properties": {"name": "Manning", "minzoom": 11.9}, "geometry": {"type": "Point", "coordinates": [-102.77018, 47.23002]}},
    {"type": "Feature", "properties": {"name": "Kintyre", "minzoom": 11.9}, "geometry": {"type": "Point", "coordinates": [-99.94955, 46.54971]}},
    {"type": "Feature", "properties": {"name": "Stampede", "minzoom": 11.9}, "geometry": {"type": "Point", "coordinates": [-102.73767, 48.88726]}},
    {"type": "Feature", "properties": {"name": "Loma", "minzoom": 11.9}, "geometry": {"type": "Point", "coordinates": [-98.5329, 48.63028]}},
    {"type": "Feature", "properties": {"name": "Pickardville", "minzoom": 11.9}, "geometry": {"type": "Point", "coordinates": [-100.57958, 47.47111]}},
    {"type": "Feature", "properties": {"name": "Clementsville", "minzoom": 11.9}, "geometry": {"type": "Point", "coordinates": [-98.49315, 47.03777]}},
    {"type": "Feature", "properties": {"name": "Forest River", "minzoom": 11.9}, "geometry": {"type": "Point", "coordinates": [-97.46814, 48.21527]}},
    {"type": "Feature", "properties": {"name": "McArthur", "minzoom": 11.9}, "geometry": {"type": "Point", "coordinates": [-97.22785, 48.87638]}},
    {"type": "Feature", "properties": {"name": "Calio", "minzoom": 11.9}, "geometry": {"type": "Point", "coordinates": [-98.9354, 48.63301]}},
    {"type": "Feature", "properties": {"name": "Willow City", "minzoom": 11.9}, "geometry": {"type": "Point", "coordinates": [-100.29441, 48.60433]}},
    {"type": "Feature", "properties": {"name": "Enloe", "minzoom": 11.9}, "geometry": {"type": "Point", "coordinates": [-96.75758, 46.49968]}},
    {"type": "Feature", "properties": {"name": "Berea", "minzoom": 11.9}, "geometry": {"type": "Point", "coordinates": [-98.0951, 46.93415]}},
    {"type": "Feature", "properties": {"name": "Alexander", "minzoom": 11.9}, "geometry": {"type": "Point", "coordinates": [-103.6427, 47.84308]}},
    {"type": "Feature", "properties": {"name": "Hazelton", "minzoom": 11.9}, "geometry": {"type": "Point", "coordinates": [-100.27956, 46.48471]}},
    {"type": "Feature", "properties": {"name": "Clyde", "minzoom": 11.9}, "geometry": {"type": "Point", "coordinates": [-98.89902, 48.77001]}},
    {"type": "Feature", "properties": {"name": "Antler", "minzoom": 11.9}, "geometry": {"type": "Point", "coordinates": [-101.28238, 48.97085]}},
    {"type": "Feature", "properties": {"name": "Lincoln Valley", "minzoom": 11.9}, "geometry": {"type": "Point", "coordinates": [-100.3043, 47.63833]}},
    {"type": "Feature", "properties": {"name": "Cannon Ball", "minzoom": 11.9}, "geometry": {"type": "Point", "coordinates": [-100.59682, 46.38957]}},
    {"type": "Feature", "properties": {"name": "Shields", "minzoom": 11.9}, "geometry": {"type": "Point", "coordinates": [-101.12713, 46.23301]}},
    {"type": "Feature", "properties": {"name": "Greenfield", "minzoom": 11.9}, "geometry": {"type": "Point", "coordinates": [-97.21759, 47.27443]}},
    {"type": "Feature", "properties": {"name": "Josephine", "minzoom": 11.9}, "geometry": {"type": "Point", "coordinates": [-99.31402, 47.93972]}},
    {"type": "Feature", "properties": {"name": "Landa", "minzoom": 11.9}, "geometry": {"type": "Point", "coordinates": [-100.91182, 48.89669]}},
    {"type": "Feature", "properties": {"name": "Rival", "minzoom": 11.9}, "geometry": {"type": "Point", "coordinates": [-102.61132, 48.90119]}},
    {"type": "Feature", "properties": {"name": "Tasco", "minzoom": 11.9}, "geometry": {"type": "Point", "coordinates": [-100.25514, 48.68722]}},
    {"type": "Feature", "properties": {"name": "McGregor", "minzoom": 11.9}, "geometry": {"type": "Point", "coordinates": [-102.92824, 48.59531]}},
    {"type": "Feature", "properties": {"name": "Hannaford", "minzoom": 11.9}, "geometry": {"type": "Point", "coordinates": [-98.18648, 47.31333]}},
    {"type": "Feature", "properties": {"name": "Kongsberg", "minzoom": 11.9}, "geometry": {"type": "Point", "coordinates": [-100.80126, 47.85139]}},
    {"type": "Feature", "properties": {"name": "Oriska", "minzoom": 11.9}, "geometry": {"type": "Point", "coordinates": [-97.78899, 46.93053]}},
    {"type": "Feature", "properties": {"name": "Shell Valley", "minzoom": 11.9}, "geometry": {"type": "Point", "coordinates": [-99.86486, 48.79806]}},
    {"type": "Feature", "properties": {"name": "Belcourt", "minzoom": 11.9}, "geometry": {"type": "Point", "coordinates": [-99.74514, 48.83978]}},
    {"type": "Feature", "properties": {"name": "Berwick", "minzoom": 11.9}, "geometry": {"type": "Point", "coordinates": [-100.24652, 48.36111]}},
    {"type": "Feature", "properties": {"name": "McHenry", "minzoom": 11.9}, "geometry": {"type": "Point", "coordinates": [-98.58925, 47.57612]}},
    {"type": "Feature", "properties": {"name": "Hesnault", "minzoom": 11.9}, "geometry": {"type": "Point", "coordinates": [-101.55766, 48.05029]}},
    {"type": "Feature", "properties": {"name": "Buford", "minzoom": 11.9}, "geometry": {"type": "Point", "coordinates": [-103.99132, 47.99863]}},
    {"type": "Feature", "properties": {"name": "Fonda", "minzoom": 11.9}, "geometry": {"type": "Point", "coordinates": [-100.01875, 48.66972]}},
    {"type": "Feature", "properties": {"name": "Flora", "minzoom": 11.9}, "geometry": {"type": "Point", "coordinates": [-99.41791, 47.95028]}},
    {"type": "Feature", "properties": {"name": "Solen", "minzoom": 11.9}, "geometry": {"type": "Point", "coordinates": [-100.79705, 46.38651]}},
    {"type": "Feature", "properties": {"name": "Davenport", "minzoom": 11.9}, "geometry": {"type": "Point", "coordinates": [-97.07009, 46.71414]}},
    {"type": "Feature", "properties": {"name": "Barlow", "minzoom": 11.9}, "geometry": {"type": "Point", "coordinates": [-99.13789, 47.56972]}},
    {"type": "Feature", "properties": {"name": "Breien", "minzoom": 11.9}, "geometry": {"type": "Point", "coordinates": [-100.94235, 46.38]}},
    {"type": "Feature", "properties": {"name": "Wirch", "minzoom": 11.9}, "geometry": {"type": "Point", "coordinates": [-98.944, 46.07747]}},
    {"type": "Feature", "properties": {"name": "Shawnee", "minzoom": 11.9}, "geometry": {"type": "Point", "coordinates": [-97.7512, 47.95527]}},
    {"type": "Feature", "properties": {"name": "Lyons", "minzoom": 11.9}, "geometry": {"type": "Point", "coordinates": [-101.05319, 46.81111]}},
    {"type": "Feature", "properties": {"name": "Paulson", "minzoom": 11.9}, "geometry": {"type": "Point", "coordinates": [-103.13324, 48.8967]}},
    {"type": "Feature", "properties": {"name": "Maida", "minzoom": 11.9}, "geometry": {"type": "Point", "coordinates": [-98.36483, 48.99861]}},
    {"type": "Feature", "properties": {"name": "Kloten", "minzoom": 11.9}, "geometry": {"type": "Point", "coordinates": [-98.07537, 47.71611]}},
    {"type": "Feature", "properties": {"name": "Riga", "minzoom": 11.9}, "geometry": {"type": "Point", "coordinates": [-100.70736, 48.29389]}},
    {"type": "Feature", "properties": {"name": "Tagus", "minzoom": 11.9}, "geometry": {"type": "Point", "coordinates": [-101.93405, 48.3464]}},
    {"type": "Feature", "properties": {"name": "Logan Center", "minzoom": 11.9}, "geometry": {"type": "Point", "coordinates": [-97.81842, 47.80277]}},
    {"type": "Feature", "properties": {"name": "Twin Buttes / cuuk gaamaa\u0294uush / T\u00ed\u00edru\u2019pa Psh\u00ed\u00ed W\u00f3\u00f3nis", "minzoom": 11.9}, "geometry": {"type": "Point", "coordinates": [-102.24629, 47.51639]}},
    {"type": "Feature", "properties": {"name": "Tunbridge", "minzoom": 11.9}, "geometry": {"type": "Point", "coordinates": [-100.10625, 48.36583]}},
    {"type": "Feature", "properties": {"name": "Union", "minzoom": 11.9}, "geometry": {"type": "Point", "coordinates": [-97.94899, 48.55777]}},
    {"type": "Feature", "properties": {"name": "Moselle", "minzoom": 11.9}, "geometry": {"type": "Point", "coordinates": [-97.08342, 46.2319]}},
    {"type": "Feature", "properties": {"name": "Farmington", "minzoom": 11.9}, "geometry": {"type": "Point", "coordinates": [-96.75147, 46.26774]}},
    {"type": "Feature", "properties": {"name": "Genoa", "minzoom": 11.9}, "geometry": {"type": "Point", "coordinates": [-100.99432, 48.19362]}},
    {"type": "Feature", "properties": {"name": "Skaar", "minzoom": 11.9}, "geometry": {"type": "Point", "coordinates": [-104.04021, 47.37335]}},
    {"type": "Feature", "properties": {"name": "Silverleaf", "minzoom": 11.9}, "geometry": {"type": "Point", "coordinates": [-98.38093, 46.01358]}},
    {"type": "Feature", "properties": {"name": "De Sart", "minzoom": 11.9}, "geometry": {"type": "Point", "coordinates": [-102.95822, 46.3789]}},
    {"type": "Feature", "properties": {"name": "Alpha", "minzoom": 11.9}, "geometry": {"type": "Point", "coordinates": [-103.81992, 46.65834]}},
    {"type": "Feature", "properties": {"name": "Geneseo", "minzoom": 11.9}, "geometry": {"type": "Point", "coordinates": [-97.2787, 46.07385]}},
    {"type": "Feature", "properties": {"name": "Double Ditch Indian Village", "minzoom": 11.9}, "geometry": {"type": "Point", "coordinates": [-100.90097, 46.93638]}},
    {"type": "Feature", "properties": {"name": "Emmet", "minzoom": 11.9}, "geometry": {"type": "Point", "coordinates": [-101.6535, 47.64639]}},
    {"type": "Feature", "properties": {"name": "Price", "minzoom": 11.9}, "geometry": {"type": "Point", "coordinates": [-100.94153, 47.08583]}},
    {"type": "Feature", "properties": {"name": "Hamilton", "minzoom": 11.9}, "geometry": {"type": "Point", "coordinates": [-97.45286, 48.8086]}},
    {"type": "Feature", "properties": {"name": "Ralston", "minzoom": 11.9}, "geometry": {"type": "Point", "coordinates": [-101.47628, 48.24862]}},
    {"type": "Feature", "properties": {"name": "Saint Joe", "minzoom": 11.9}, "geometry": {"type": "Point", "coordinates": [-98.92735, 48.51362]}},
    {"type": "Feature", "properties": {"name": "Eckman", "minzoom": 11.9}, "geometry": {"type": "Point", "coordinates": [-101.05793, 48.65808]}},
    {"type": "Feature", "properties": {"name": "Logan", "minzoom": 11.9}, "geometry": {"type": "Point", "coordinates": [-101.15377, 48.14834]}},
    {"type": "Feature", "properties": {"name": "East Dunseith", "minzoom": 11.9}, "geometry": {"type": "Point", "coordinates": [-100.02701, 48.86887]}},
    {"type": "Feature", "properties": {"name": "Luverne", "minzoom": 11.9}, "geometry": {"type": "Point", "coordinates": [-97.93482, 47.2511]}},
    {"type": "Feature", "properties": {"name": "Cayuga", "minzoom": 11.9}, "geometry": {"type": "Point", "coordinates": [-97.38426, 46.07413]}},
    {"type": "Feature", "properties": {"name": "Dunning", "minzoom": 11.9}, "geometry": {"type": "Point", "coordinates": [-101.03988, 48.71947]}},
    {"type": "Feature", "properties": {"name": "Ramsey", "minzoom": 11.9}, "geometry": {"type": "Point", "coordinates": [-99.08846, 48.15833]}},
    {"type": "Feature", "properties": {"name": "Niobe", "minzoom": 11.9}, "geometry": {"type": "Point", "coordinates": [-102.21572, 48.68892]}},
    {"type": "Feature", "properties": {"name": "South Prairie", "minzoom": 11.9}, "geometry": {"type": "Point", "coordinates": [-101.29572, 48.05195]}},
    {"type": "Feature", "properties": {"name": "Forfar", "minzoom": 11.9}, "geometry": {"type": "Point", "coordinates": [-101.29849, 48.57057]}},
    {"type": "Feature", "properties": {"name": "Tyler", "minzoom": 11.9}, "geometry": {"type": "Point", "coordinates": [-96.60535, 46.14913]}},
    {"type": "Feature", "properties": {"name": "Absaraka", "minzoom": 11.9}, "geometry": {"type": "Point", "coordinates": [-97.39453, 46.97803]}},
    {"type": "Feature", "properties": {"name": "Leroy", "minzoom": 11.9}, "geometry": {"type": "Point", "coordinates": [-97.75258, 48.92333]}},
    {"type": "Feature", "properties": {"name": "Hirschville", "minzoom": 11.9}, "geometry": {"type": "Point", "coordinates": [-102.5638, 47.06806]}},
    {"type": "Feature", "properties": {"name": "Pleasant Lake", "minzoom": 11.9}, "geometry": {"type": "Point", "coordinates": [-99.80208, 48.36139]}},
    {"type": "Feature", "properties": {"name": "Lawton", "minzoom": 11.9}, "geometry": {"type": "Point", "coordinates": [-98.36927, 48.30278]}},
    {"type": "Feature", "properties": {"name": "Oberon", "minzoom": 11.9}, "geometry": {"type": "Point", "coordinates": [-99.20402, 47.92305]}},
    {"type": "Feature", "properties": {"name": "Gardar", "minzoom": 11.9}, "geometry": {"type": "Point", "coordinates": [-97.87398, 48.58916]}},
    {"type": "Feature", "properties": {"name": "Crary", "minzoom": 11.9}, "geometry": {"type": "Point", "coordinates": [-98.63844, 48.07084]}},
    {"type": "Feature", "properties": {"name": "Crocus", "minzoom": 11.9}, "geometry": {"type": "Point", "coordinates": [-99.16153, 48.70889]}},
    {"type": "Feature", "properties": {"name": "Stady", "minzoom": 11.9}, "geometry": {"type": "Point", "coordinates": [-103.70925, 48.72153]}},
    {"type": "Feature", "properties": {"name": "Apple Valley", "minzoom": 11.9}, "geometry": {"type": "Point", "coordinates": [-100.59884, 46.82192]}},
    {"type": "Feature", "properties": {"name": "Lemert", "minzoom": 11.9}, "geometry": {"type": "Point", "coordinates": [-99.264, 47.50972]}},
    {"type": "Feature", "properties": {"name": "Elliott", "minzoom": 11.9}, "geometry": {"type": "Point", "coordinates": [-97.81482, 46.40219]}},
    {"type": "Feature", "properties": {"name": "Selfridge", "minzoom": 11.9}, "geometry": {"type": "Point", "coordinates": [-100.92513, 46.04139]}},
    {"type": "Feature", "properties": {"name": "Fallon", "minzoom": 11.9}, "geometry": {"type": "Point", "coordinates": [-101.09097, 46.51222]}},
    {"type": "Feature", "properties": {"name": "Fort Totten", "minzoom": 11.9}, "geometry": {"type": "Point", "coordinates": [-98.9929, 47.98]}},
    {"type": "Feature", "properties": {"name": "Marion", "minzoom": 11.9}, "geometry": {"type": "Point", "coordinates": [-98.33232, 46.6072]}},
    {"type": "Feature", "properties": {"name": "Sonora", "minzoom": 11.9}, "geometry": {"type": "Point", "coordinates": [-96.74146, 46.06663]}},
    {"type": "Feature", "properties": {"name": "Pitcairn", "minzoom": 11.9}, "geometry": {"type": "Point", "coordinates": [-96.84258, 46.42774]}},
    {"type": "Feature", "properties": {"name": "Fairview", "minzoom": 11.9}, "geometry": {"type": "Point", "coordinates": [-104.04493, 47.85641]}},
    {"type": "Feature", "properties": {"name": "Adrian", "minzoom": 11.9}, "geometry": {"type": "Point", "coordinates": [-98.55343, 46.59998]}},
    {"type": "Feature", "properties": {"name": "Fortuna", "minzoom": 11.9}, "geometry": {"type": "Point", "coordinates": [-103.77527, 48.91075]}},
    {"type": "Feature", "properties": {"name": "Loraine", "minzoom": 11.9}, "geometry": {"type": "Point", "coordinates": [-101.56794, 48.86558]}},
    {"type": "Feature", "properties": {"name": "Plaza", "minzoom": 11.9}, "geometry": {"type": "Point", "coordinates": [-101.96046, 48.02477]}},
    {"type": "Feature", "properties": {"name": "Cuba", "minzoom": 11.9}, "geometry": {"type": "Point", "coordinates": [-97.8626, 46.82137]}},
    {"type": "Feature", "properties": {"name": "Grano", "minzoom": 11.9}, "geometry": {"type": "Point", "coordinates": [-101.58655, 48.61502]}},
    {"type": "Feature", "properties": {"name": "Charlson", "minzoom": 11.9}, "geometry": {"type": "Point", "coordinates": [-102.8713, 48.0603]}},
    {"type": "Feature", "properties": {"name": "White Earth", "minzoom": 11.9}, "geometry": {"type": "Point", "coordinates": [-102.77324, 48.38058]}},
    {"type": "Feature", "properties": {"name": "Hull", "minzoom": 11.9}, "geometry": {"type": "Point", "coordinates": [-100.12484, 46.0286]}},
    {"type": "Feature", "properties": {"name": "Kensal", "minzoom": 11.9}, "geometry": {"type": "Point", "coordinates": [-98.73344, 47.30083]}},
    {"type": "Feature", "properties": {"name": "Guyson", "minzoom": 11.9}, "geometry": {"type": "Point", "coordinates": [-99.20539, 46.29747]}},
    {"type": "Feature", "properties": {"name": "Harlow", "minzoom": 11.9}, "geometry": {"type": "Point", "coordinates": [-99.51902, 48.16361]}},
    {"type": "Feature", "properties": {"name": "Arndt", "minzoom": 11.9}, "geometry": {"type": "Point", "coordinates": [-99.23542, 48.63]}},
    {"type": "Feature", "properties": {"name": "Eland", "minzoom": 11.9}, "geometry": {"type": "Point", "coordinates": [-102.88212, 46.86201]}},
    {"type": "Feature", "properties": {"name": "Edmunds", "minzoom": 11.9}, "geometry": {"type": "Point", "coordinates": [-98.96817, 47.24722]}},
    {"type": "Feature", "properties": {"name": "Nine Mile Corner", "minzoom": 11.9}, "geometry": {"type": "Point", "coordinates": [-102.08722, 48.80699]}},
    {"type": "Feature", "properties": {"name": "Portland Junction", "minzoom": 11.9}, "geometry": {"type": "Point", "coordinates": [-97.36926, 47.56137]}},
    {"type": "Feature", "properties": {"name": "Vance", "minzoom": 11.9}, "geometry": {"type": "Point", "coordinates": [-97.21787, 47.03386]}},
    {"type": "Feature", "properties": {"name": "Dresden", "minzoom": 11.9}, "geometry": {"type": "Point", "coordinates": [-98.48123, 48.8275]}},
    {"type": "Feature", "properties": {"name": "Cartwright", "minzoom": 11.9}, "geometry": {"type": "Point", "coordinates": [-103.92632, 47.85974]}},
    {"type": "Feature", "properties": {"name": "Dazey", "minzoom": 11.9}, "geometry": {"type": "Point", "coordinates": [-98.20176, 47.19054]}},
    {"type": "Feature", "properties": {"name": "Charbonneau", "minzoom": 11.9}, "geometry": {"type": "Point", "coordinates": [-103.76326, 47.85335]}},
    {"type": "Feature", "properties": {"name": "Durupt", "minzoom": 11.9}, "geometry": {"type": "Point", "coordinates": [-98.47085, 47.09429]}},
    {"type": "Feature", "properties": {"name": "Barton", "minzoom": 11.9}, "geometry": {"type": "Point", "coordinates": [-100.17625, 48.50694]}},
    {"type": "Feature", "properties": {"name": "Wolford", "minzoom": 11.9}, "geometry": {"type": "Point", "coordinates": [-99.70431, 48.49861]}},
    {"type": "Feature", "properties": {"name": "Gladstone", "minzoom": 11.9}, "geometry": {"type": "Point", "coordinates": [-102.56796, 46.86084]}},
    {"type": "Feature", "properties": {"name": "Glasston", "minzoom": 11.9}, "geometry": {"type": "Point", "coordinates": [-97.44758, 48.70582]}},
    {"type": "Feature", "properties": {"name": "Windsor", "minzoom": 11.9}, "geometry": {"type": "Point", "coordinates": [-99.04289, 46.89638]}},
    {"type": "Feature", "properties": {"name": "Hoople", "minzoom": 11.9}, "geometry": {"type": "Point", "coordinates": [-97.63481, 48.53471]}},
    {"type": "Feature", "properties": {"name": "Norwich", "minzoom": 11.9}, "geometry": {"type": "Point", "coordinates": [-100.98904, 48.2464]}},
    {"type": "Feature", "properties": {"name": "Melville", "minzoom": 11.9}, "geometry": {"type": "Point", "coordinates": [-99.03673, 47.3347]}},
    {"type": "Feature", "properties": {"name": "Rangeley", "minzoom": 11.9}, "geometry": {"type": "Point", "coordinates": [-100.49098, 48.04278]}},
    {"type": "Feature", "properties": {"name": "Reynolds", "minzoom": 11.9}, "geometry": {"type": "Point", "coordinates": [-97.10675, 47.6722]}},
    {"type": "Feature", "properties": {"name": "Fife", "minzoom": 11.9}, "geometry": {"type": "Point", "coordinates": [-96.96425, 46.88525]}},
    {"type": "Feature", "properties": {"name": "Forbes", "minzoom": 11.9}, "geometry": {"type": "Point", "coordinates": [-98.78205, 45.94358]}},
    {"type": "Feature", "properties": {"name": "Sawyer", "minzoom": 11.9}, "geometry": {"type": "Point", "coordinates": [-101.05376, 48.08973]}},
    {"type": "Feature", "properties": {"name": "Lignite", "minzoom": 11.9}, "geometry": {"type": "Point", "coordinates": [-102.56295, 48.87753]}},
    {"type": "Feature", "properties": {"name": "Rogers", "minzoom": 11.9}, "geometry": {"type": "Point", "coordinates": [-98.20152, 47.07189]}},
    {"type": "Feature", "properties": {"name": "Almont", "minzoom": 11.9}, "geometry": {"type": "Point", "coordinates": [-101.50566, 46.72625]}},
    {"type": "Feature", "properties": {"name": "Fayette", "minzoom": 11.9}, "geometry": {"type": "Point", "coordinates": [-102.9438, 47.26168]}},
    {"type": "Feature", "properties": {"name": "Flasher", "minzoom": 11.9}, "geometry": {"type": "Point", "coordinates": [-101.23264, 46.45611]}},
    {"type": "Feature", "properties": {"name": "Drake", "minzoom": 11.9}, "geometry": {"type": "Point", "coordinates": [-100.37236, 47.92417]}},
    {"type": "Feature", "properties": {"name": "Medberry", "minzoom": 11.9}, "geometry": {"type": "Point", "coordinates": [-98.62093, 46.3758]}},
    {"type": "Feature", "properties": {"name": "Pingree", "minzoom": 11.9}, "geometry": {"type": "Point", "coordinates": [-98.90705, 47.16333]}},
    {"type": "Feature", "properties": {"name": "Grassna", "minzoom": 11.9}, "geometry": {"type": "Point", "coordinates": [-100.29568, 46.08777]}},
    {"type": "Feature", "properties": {"name": "Alton", "minzoom": 11.9}, "geometry": {"type": "Point", "coordinates": [-97.04564, 47.35553]}},
    {"type": "Feature", "properties": {"name": "Harmon", "minzoom": 11.9}, "geometry": {"type": "Point", "coordinates": [-100.95264, 46.95166]}},
    {"type": "Feature", "properties": {"name": "Wheelock", "minzoom": 11.9}, "geometry": {"type": "Point", "coordinates": [-103.25241, 48.29641]}},
    {"type": "Feature", "properties": {"name": "Bisbee", "minzoom": 11.9}, "geometry": {"type": "Point", "coordinates": [-99.37792, 48.62584]}},
    {"type": "Feature", "properties": {"name": "Berlin", "minzoom": 11.9}, "geometry": {"type": "Point", "coordinates": [-98.48982, 46.37858]}},
    {"type": "Feature", "properties": {"name": "Buttzville", "minzoom": 11.9}, "geometry": {"type": "Point", "coordinates": [-97.62982, 46.50802]}},
    {"type": "Feature", "properties": {"name": "Johnstown", "minzoom": 11.9}, "geometry": {"type": "Point", "coordinates": [-97.47008, 48.14416]}},
    {"type": "Feature", "properties": {"name": "Lehr", "minzoom": 11.9}, "geometry": {"type": "Point", "coordinates": [-99.35233, 46.27969]}},
    {"type": "Feature", "properties": {"name": "Coleharbor", "minzoom": 11.9}, "geometry": {"type": "Point", "coordinates": [-101.22377, 47.54417]}},
    {"type": "Feature", "properties": {"name": "Spiritwood Lake", "minzoom": 11.9}, "geometry": {"type": "Point", "coordinates": [-98.57315, 47.07638]}},
    {"type": "Feature", "properties": {"name": "Merrifield", "minzoom": 11.9}, "geometry": {"type": "Point", "coordinates": [-97.10953, 47.84581]}},
    {"type": "Feature", "properties": {"name": "Grenora", "minzoom": 11.9}, "geometry": {"type": "Point", "coordinates": [-103.9384, 48.61837]}},
    {"type": "Feature", "properties": {"name": "Butte", "minzoom": 11.9}, "geometry": {"type": "Point", "coordinates": [-100.66545, 47.83801]}},
    {"type": "Feature", "properties": {"name": "Menoken", "minzoom": 11.9}, "geometry": {"type": "Point", "coordinates": [-100.53123, 46.82055]}},
    {"type": "Feature", "properties": {"name": "Hague", "minzoom": 11.9}, "geometry": {"type": "Point", "coordinates": [-99.99824, 46.02817]}},
    {"type": "Feature", "properties": {"name": "Rawson", "minzoom": 11.9}, "geometry": {"type": "Point", "coordinates": [-103.54075, 47.81946]}},
    {"type": "Feature", "properties": {"name": "New Leipzig", "minzoom": 11.9}, "geometry": {"type": "Point", "coordinates": [-101.94493, 46.37323]}},
    {"type": "Feature", "properties": {"name": "Glover", "minzoom": 11.9}, "geometry": {"type": "Point", "coordinates": [-98.13899, 46.24163]}},
    {"type": "Feature", "properties": {"name": "Epping", "minzoom": 11.9}, "geometry": {"type": "Point", "coordinates": [-103.35713, 48.27919]}},
    {"type": "Feature", "properties": {"name": "Hannah Junction", "minzoom": 11.9}, "geometry": {"type": "Point", "coordinates": [-97.66393, 47.92349]}},
    {"type": "Feature", "properties": {"name": "Raleigh", "minzoom": 11.9}, "geometry": {"type": "Point", "coordinates": [-101.30653, 46.35778]}},
    {"type": "Feature", "properties": {"name": "Seven Mile Corner", "minzoom": 11.9}, "geometry": {"type": "Point", "coordinates": [-102.54668, 48.8947]}},
    {"type": "Feature", "properties": {"name": "Erie", "minzoom": 11.9}, "geometry": {"type": "Point", "coordinates": [-97.38787, 47.11526]}},
    {"type": "Feature", "properties": {"name": "Voss", "minzoom": 11.9}, "geometry": {"type": "Point", "coordinates": [-97.45536, 48.29638]}},
    {"type": "Feature", "properties": {"name": "Clifton", "minzoom": 11.9}, "geometry": {"type": "Point", "coordinates": [-100.0343, 47.89111]}},
    {"type": "Feature", "properties": {"name": "Heimdal", "minzoom": 11.9}, "geometry": {"type": "Point", "coordinates": [-99.64512, 47.79278]}},
    {"type": "Feature", "properties": {"name": "Ryder", "minzoom": 11.9}, "geometry": {"type": "Point", "coordinates": [-101.67377, 47.91758]}},
    {"type": "Feature", "properties": {"name": "Galesburg", "minzoom": 11.9}, "geometry": {"type": "Point", "coordinates": [-97.40648, 47.26998]}},
    {"type": "Feature", "properties": {"name": "Hoving", "minzoom": 11.9}, "geometry": {"type": "Point", "coordinates": [-97.56815, 46.24746]}},
    {"type": "Feature", "properties": {"name": "Prairie Junction", "minzoom": 11.9}, "geometry": {"type": "Point", "coordinates": [-101.90267, 47.9914]}},
    {"type": "Feature", "properties": {"name": "Lynwood", "minzoom": 11.9}, "geometry": {"type": "Point", "coordinates": [-100.90735, 46.66666]}},
    {"type": "Feature", "properties": {"name": "Lostwood", "minzoom": 11.9}, "geometry": {"type": "Point", "coordinates": [-102.42406, 48.47558]}},
    {"type": "Feature", "properties": {"name": "White Shield / nahtasuutaak\u00e1 / maanaagi iixodagish", "minzoom": 11.9}, "geometry": {"type": "Point", "coordinates": [-101.84312, 47.6651]}},
    {"type": "Feature", "properties": {"name": "Zahl", "minzoom": 11.9}, "geometry": {"type": "Point", "coordinates": [-103.69101, 48.5727]}},
    {"type": "Feature", "properties": {"name": "Ruthville", "minzoom": 11.9}, "geometry": {"type": "Point", "coordinates": [-101.29877, 48.37168]}},
    {"type": "Feature", "properties": {"name": "Carbury", "minzoom": 11.9}, "geometry": {"type": "Point", "coordinates": [-100.54459, 48.89085]}},
    {"type": "Feature", "properties": {"name": "Bounty", "minzoom": 11.9}, "geometry": {"type": "Point", "coordinates": [-103.18074, 48.91614]}},
    {"type": "Feature", "properties": {"name": "Nortonville", "minzoom": 11.9}, "geometry": {"type": "Point", "coordinates": [-98.73871, 46.55831]}},
    {"type": "Feature", "properties": {"name": "Doyon", "minzoom": 11.9}, "geometry": {"type": "Point", "coordinates": [-98.53677, 48.05278]}},
    {"type": "Feature", "properties": {"name": "Avoca", "minzoom": 11.9}, "geometry": {"type": "Point", "coordinates": [-103.5222, 48.18163]}},
    {"type": "Feature", "properties": {"name": "Corinth", "minzoom": 11.9}, "geometry": {"type": "Point", "coordinates": [-103.32769, 48.61253]}},
    {"type": "Feature", "properties": {"name": "Karnak", "minzoom": 11.9}, "geometry": {"type": "Point", "coordinates": [-98.06426, 47.28082]}},
    {"type": "Feature", "properties": {"name": "Lynchburg", "minzoom": 11.9}, "geometry": {"type": "Point", "coordinates": [-97.26287, 46.77442]}},
    {"type": "Feature", "properties": {"name": "Barney", "minzoom": 11.9}, "geometry": {"type": "Point", "coordinates": [-97.00064, 46.26718]}},
    {"type": "Feature", "properties": {"name": "Denbigh", "minzoom": 11.9}, "geometry": {"type": "Point", "coordinates": [-100.58708, 48.31528]}},
    {"type": "Feature", "properties": {"name": "Kelly", "minzoom": 11.9}, "geometry": {"type": "Point", "coordinates": [-97.24536, 47.97998]}},
    {"type": "Feature", "properties": {"name": "Litchville", "minzoom": 11.9}, "geometry": {"type": "Point", "coordinates": [-98.19426, 46.65359]}},
    {"type": "Feature", "properties": {"name": "Pelto", "minzoom": 11.9}, "geometry": {"type": "Point", "coordinates": [-98.22788, 48.15861]}},
    {"type": "Feature", "properties": {"name": "Aurelia", "minzoom": 11.9}, "geometry": {"type": "Point", "coordinates": [-101.90211, 48.46669]}},
    {"type": "Feature", "properties": {"name": "Belfield", "minzoom": 11.9}, "geometry": {"type": "Point", "coordinates": [-103.19962, 46.88529]}},
    {"type": "Feature", "properties": {"name": "Murray", "minzoom": 11.9}, "geometry": {"type": "Point", "coordinates": [-97.2762, 47.42582]}},
    {"type": "Feature", "properties": {"name": "Dwight", "minzoom": 11.9}, "geometry": {"type": "Point", "coordinates": [-96.73813, 46.30413]}},
    {"type": "Feature", "properties": {"name": "Christine", "minzoom": 11.9}, "geometry": {"type": "Point", "coordinates": [-96.80632, 46.57381]}},
    {"type": "Feature", "properties": {"name": "Atcoal", "minzoom": 11.9}, "geometry": {"type": "Point", "coordinates": [-102.91185, 48.90142]}},
    {"type": "Feature", "properties": {"name": "Schafer", "minzoom": 11.9}, "geometry": {"type": "Point", "coordinates": [-103.18658, 47.79946]}},
    {"type": "Feature", "properties": {"name": "Deisem", "minzoom": 11.9}, "geometry": {"type": "Point", "coordinates": [-98.78982, 46.44247]}},
    {"type": "Feature", "properties": {"name": "Derrick", "minzoom": 11.9}, "geometry": {"type": "Point", "coordinates": [-98.55762, 48.47695]}},
    {"type": "Feature", "properties": {"name": "Wassaic", "minzoom": 11.9}, "geometry": {"type": "Point", "coordinates": [-102.37823, 48.40613]}},
    {"type": "Feature", "properties": {"name": "Walser Crossing", "minzoom": 11.9}, "geometry": {"type": "Point", "coordinates": [-103.5967, 46.61962]}},
    {"type": "Feature", "properties": {"name": "Deering", "minzoom": 11.9}, "geometry": {"type": "Point", "coordinates": [-101.05182, 48.39557]}},
    {"type": "Feature", "properties": {"name": "Buchanan", "minzoom": 11.9}, "geometry": {"type": "Point", "coordinates": [-98.829, 47.06249]}},
    {"type": "Feature", "properties": {"name": "Sanborn", "minzoom": 11.9}, "geometry": {"type": "Point", "coordinates": [-98.22426, 46.94221]}},
    {"type": "Feature", "properties": {"name": "Donnybrook", "minzoom": 11.9}, "geometry": {"type": "Point", "coordinates": [-101.88516, 48.50946]}},
    {"type": "Feature", "properties": {"name": "Newburg", "minzoom": 11.9}, "geometry": {"type": "Point", "coordinates": [-100.91292, 48.71497]}},
    {"type": "Feature", "properties": {"name": "Fort Clark", "minzoom": 11.9}, "geometry": {"type": "Point", "coordinates": [-101.2521, 47.24]}},
    {"type": "Feature", "properties": {"name": "Keene", "minzoom": 11.9}, "geometry": {"type": "Point", "coordinates": [-102.94158, 47.92697]}},
    {"type": "Feature", "properties": {"name": "North River", "minzoom": 11.9}, "geometry": {"type": "Point", "coordinates": [-96.80258, 46.9508]}},
    {"type": "Feature", "properties": {"name": "Amidon", "minzoom": 11.9}, "geometry": {"type": "Point", "coordinates": [-103.32185, 46.48223]}},
    {"type": "Feature", "properties": {"name": "Pillsbury", "minzoom": 11.9}, "geometry": {"type": "Point", "coordinates": [-97.79066, 47.20693]}},
    {"type": "Feature", "properties": {"name": "Lonetree", "minzoom": 11.9}, "geometry": {"type": "Point", "coordinates": [-101.64168, 48.28505]}},
    {"type": "Feature", "properties": {"name": "Dahlen", "minzoom": 11.9}, "geometry": {"type": "Point", "coordinates": [-97.92954, 48.15805]}},
    {"type": "Feature", "properties": {"name": "Fort Yates", "minzoom": 11.9}, "geometry": {"type": "Point", "coordinates": [-100.63013, 46.08694]}},
    {"type": "Feature", "properties": {"name": "Ives", "minzoom": 11.9}, "geometry": {"type": "Point", "coordinates": [-103.73937, 46.27084]}},
    {"type": "Feature", "properties": {"name": "Woodworth", "minzoom": 11.9}, "geometry": {"type": "Point", "coordinates": [-99.30317, 47.14249]}},
    {"type": "Feature", "properties": {"name": "Bowesmont", "minzoom": 11.9}, "geometry": {"type": "Point", "coordinates": [-97.17813, 48.68999]}},
    {"type": "Feature", "properties": {"name": "Hawkeye", "minzoom": 11.9}, "geometry": {"type": "Point", "coordinates": [-102.87796, 47.99752]}},
    {"type": "Feature", "properties": {"name": "Walum", "minzoom": 11.9}, "geometry": {"type": "Point", "coordinates": [-98.19454, 47.26971]}},
    {"type": "Feature", "properties": {"name": "Ambrose", "minzoom": 11.9}, "geometry": {"type": "Point", "coordinates": [-103.48269, 48.95392]}},
    {"type": "Feature", "properties": {"name": "Six Mile Corner", "minzoom": 11.9}, "geometry": {"type": "Point", "coordinates": [-103.19073, 46.98057]}},
    {"type": "Feature", "properties": {"name": "Makoti", "minzoom": 11.9}, "geometry": {"type": "Point", "coordinates": [-101.80461, 47.96112]}},
    {"type": "Feature", "properties": {"name": "Penn", "minzoom": 11.9}, "geometry": {"type": "Point", "coordinates": [-99.08902, 48.22167]}},
    {"type": "Feature", "properties": {"name": "Milton", "minzoom": 11.9}, "geometry": {"type": "Point", "coordinates": [-98.0426, 48.62638]}},
    {"type": "Feature", "properties": {"name": "Knox", "minzoom": 11.9}, "geometry": {"type": "Point", "coordinates": [-99.69041, 48.34028]}},
    {"type": "Feature", "properties": {"name": "Milroy", "minzoom": 11.9}, "geometry": {"type": "Point", "coordinates": [-100.53374, 48.44]}},
    {"type": "Feature", "properties": {"name": "Roth", "minzoom": 11.9}, "geometry": {"type": "Point", "coordinates": [-100.80265, 48.9078]}},
    {"type": "Feature", "properties": {"name": "Lake Jessie", "minzoom": 11.9}, "geometry": {"type": "Point", "coordinates": [-103.37686, 48.06058]}},
    {"type": "Feature", "properties": {"name": "Wildrose", "minzoom": 11.9}, "geometry": {"type": "Point", "coordinates": [-103.18435, 48.63058]}},
    {"type": "Feature", "properties": {"name": "Sibley", "minzoom": 11.9}, "geometry": {"type": "Point", "coordinates": [-97.96454, 47.21721]}},
    {"type": "Feature", "properties": {"name": "Midway", "minzoom": 11.9}, "geometry": {"type": "Point", "coordinates": [-100.79013, 46.98416]}},
    {"type": "Feature", "properties": {"name": "Whitman", "minzoom": 11.9}, "geometry": {"type": "Point", "coordinates": [-98.11982, 48.15861]}},
    {"type": "Feature", "properties": {"name": "Woburn", "minzoom": 11.9}, "geometry": {"type": "Point", "coordinates": [-102.41934, 48.82864]}},
    {"type": "Feature", "properties": {"name": "Livona", "minzoom": 11.9}, "geometry": {"type": "Point", "coordinates": [-100.54706, 46.50222]}},
    {"type": "Feature", "properties": {"name": "Bucyrus", "minzoom": 11.9}, "geometry": {"type": "Point", "coordinates": [-102.78821, 46.0639]}},
    {"type": "Feature", "properties": {"name": "Chama", "minzoom": 11.9}, "geometry": {"type": "Point", "coordinates": [-103.9102, 46.90779]}},
    {"type": "Feature", "properties": {"name": "Marley", "minzoom": 11.9}, "geometry": {"type": "Point", "coordinates": [-103.90493, 48.02502]}},
    {"type": "Feature", "properties": {"name": "Tilden", "minzoom": 11.9}, "geometry": {"type": "Point", "coordinates": [-99.2468, 48.15583]}},
    {"type": "Feature", "properties": {"name": "Sanger", "minzoom": 11.9}, "geometry": {"type": "Point", "coordinates": [-100.99542, 47.17971]}},
    {"type": "Feature", "properties": {"name": "Koldok", "minzoom": 11.9}, "geometry": {"type": "Point", "coordinates": [-97.72371, 46.92859]}},
    {"type": "Feature", "properties": {"name": "Montpelier", "minzoom": 11.9}, "geometry": {"type": "Point", "coordinates": [-98.58754, 46.69976]}},
    {"type": "Feature", "properties": {"name": "Conway", "minzoom": 11.9}, "geometry": {"type": "Point", "coordinates": [-97.67471, 48.23483]}},
    {"type": "Feature", "properties": {"name": "Souris", "minzoom": 11.9}, "geometry": {"type": "Point", "coordinates": [-100.68154, 48.90974]}},
    {"type": "Feature", "properties": {"name": "Hannah", "minzoom": 11.9}, "geometry": {"type": "Point", "coordinates": [-98.69179, 48.97167]}},
    {"type": "Feature", "properties": {"name": "West Bonetraill", "minzoom": 11.9}, "geometry": {"type": "Point", "coordinates": [-103.94882, 48.40197]}},
    {"type": "Feature", "properties": {"name": "Fryburg", "minzoom": 11.9}, "geometry": {"type": "Point", "coordinates": [-103.30296, 46.87057]}},
    {"type": "Feature", "properties": {"name": "Pick City", "minzoom": 11.9}, "geometry": {"type": "Point", "coordinates": [-101.456, 47.51144]}},
    {"type": "Feature", "properties": {"name": "Brooktree Park", "minzoom": 11.9}, "geometry": {"type": "Point", "coordinates": [-96.89592, 47.00302]}},
    {"type": "Feature", "properties": {"name": "Rock Haven", "minzoom": 11.9}, "geometry": {"type": "Point", "coordinates": [-100.88902, 46.87333]}},
    {"type": "Feature", "properties": {"name": "East Fairview", "minzoom": 11.9}, "geometry": {"type": "Point", "coordinates": [-104.03965, 47.85335]}},
    {"type": "Feature", "properties": {"name": "Lansford", "minzoom": 11.9}, "geometry": {"type": "Point", "coordinates": [-101.37572, 48.62891]}},
    {"type": "Feature", "properties": {"name": "Juanita", "minzoom": 11.9}, "geometry": {"type": "Point", "coordinates": [-98.68399, 47.50222]}},
    {"type": "Feature", "properties": {"name": "Hurdsfield", "minzoom": 11.9}, "geometry": {"type": "Point", "coordinates": [-99.92845, 47.44833]}},
    {"type": "Feature", "properties": {"name": "Homer", "minzoom": 11.9}, "geometry": {"type": "Point", "coordinates": [-98.67149, 46.84776]}},
    {"type": "Feature", "properties": {"name": "Cashel", "minzoom": 11.9}, "geometry": {"type": "Point", "coordinates": [-97.29869, 48.48471]}},
    {"type": "Feature", "properties": {"name": "De Lamere", "minzoom": 11.9}, "geometry": {"type": "Point", "coordinates": [-97.33509, 46.26718]}},
    {"type": "Feature", "properties": {"name": "Flaxton", "minzoom": 11.9}, "geometry": {"type": "Point", "coordinates": [-102.39239, 48.89864]}},
    {"type": "Feature", "properties": {"name": "Goldwin", "minzoom": 11.9}, "geometry": {"type": "Point", "coordinates": [-99.20122, 47.14888]}},
    {"type": "Feature", "properties": {"name": "Isabel", "minzoom": 11.9}, "geometry": {"type": "Point", "coordinates": [-99.65347, 48.06473]}},
    {"type": "Feature", "properties": {"name": "Sunny", "minzoom": 11.9}, "geometry": {"type": "Point", "coordinates": [-100.95708, 46.82944]}},
    {"type": "Feature", "properties": {"name": "Hamberg", "minzoom": 11.9}, "geometry": {"type": "Point", "coordinates": [-99.51457, 47.76306]}},
    {"type": "Feature", "properties": {"name": "Mazda", "minzoom": 11.9}, "geometry": {"type": "Point", "coordinates": [-103.86159, 46.28584]}},
    {"type": "Feature", "properties": {"name": "Esmond", "minzoom": 11.9}, "geometry": {"type": "Point", "coordinates": [-99.76207, 48.03584]}},
    {"type": "Feature", "properties": {"name": "San Haven", "minzoom": 11.9}, "geometry": {"type": "Point", "coordinates": [-100.03616, 48.83825]}},
    {"type": "Feature", "properties": {"name": "White", "minzoom": 11.9}, "geometry": {"type": "Point", "coordinates": [-100.62403, 48.69612]}},
    {"type": "Feature", "properties": {"name": "Westfield", "minzoom": 11.9}, "geometry": {"type": "Point", "coordinates": [-100.20234, 46.02944]}},
    {"type": "Feature", "properties": {"name": "Ross", "minzoom": 11.9}, "geometry": {"type": "Point", "coordinates": [-102.54657, 48.31113]}},
    {"type": "Feature", "properties": {"name": "Lunds Landing", "minzoom": 11.9}, "geometry": {"type": "Point", "coordinates": [-103.14074, 48.16586]}},
    {"type": "Feature", "properties": {"name": "Mercer", "minzoom": 11.9}, "geometry": {"type": "Point", "coordinates": [-100.71097, 47.49055]}},
    {"type": "Feature", "properties": {"name": "Merricourt", "minzoom": 11.9}, "geometry": {"type": "Point", "coordinates": [-98.7626, 46.20941]}},
    {"type": "Feature", "properties": {"name": "Brantford", "minzoom": 11.9}, "geometry": {"type": "Point", "coordinates": [-98.92289, 47.59777]}},
    {"type": "Feature", "properties": {"name": "Saint Thomas", "minzoom": 11.9}, "geometry": {"type": "Point", "coordinates": [-97.44647, 48.61916]}},
    {"type": "Feature", "properties": {"name": "McLeod", "minzoom": 11.9}, "geometry": {"type": "Point", "coordinates": [-97.29954, 46.39358]}},
    {"type": "Feature", "properties": {"name": "Hamar", "minzoom": 11.9}, "geometry": {"type": "Point", "coordinates": [-98.57344, 47.84361]}},
    {"type": "Feature", "properties": {"name": "Bartlett", "minzoom": 11.9}, "geometry": {"type": "Point", "coordinates": [-98.43233, 48.04472]}},
    {"type": "Feature", "properties": {"name": "Hensel", "minzoom": 11.9}, "geometry": {"type": "Point", "coordinates": [-97.66648, 48.68833]}},
    {"type": "Feature", "properties": {"name": "Preston", "minzoom": 11.9}, "geometry": {"type": "Point", "coordinates": [-97.2187, 47.3122]}},
    {"type": "Feature", "properties": {"name": "Sheyenne", "minzoom": 11.9}, "geometry": {"type": "Point", "coordinates": [-99.12012, 47.82805]}},
    {"type": "Feature", "properties": {"name": "Griffin", "minzoom": 11.9}, "geometry": {"type": "Point", "coordinates": [-103.54146, 46.21708]}},
    {"type": "Feature", "properties": {"name": "Braddock", "minzoom": 11.9}, "geometry": {"type": "Point", "coordinates": [-100.09094, 46.56443]}},
    {"type": "Feature", "properties": {"name": "Emerson", "minzoom": 11.9}, "geometry": {"type": "Point", "coordinates": [-102.63491, 47.18362]}},
    {"type": "Feature", "properties": {"name": "Fairview Junction", "minzoom": 11.9}, "geometry": {"type": "Point", "coordinates": [-96.82407, 46.26867]}},
    {"type": "Feature", "properties": {"name": "Cummings", "minzoom": 11.9}, "geometry": {"type": "Point", "coordinates": [-97.07953, 47.5147]}},
    {"type": "Feature", "properties": {"name": "Drady", "minzoom": 11.9}, "geometry": {"type": "Point", "coordinates": [-101.42572, 48.15195]}},
    {"type": "Feature", "properties": {"name": "McKenzie", "minzoom": 11.9}, "geometry": {"type": "Point", "coordinates": [-100.41345, 46.82416]}},
    {"type": "Feature", "properties": {"name": "Vang", "minzoom": 11.9}, "geometry": {"type": "Point", "coordinates": [-98.12483, 48.90583]}},
    {"type": "Feature", "properties": {"name": "Edinburg", "minzoom": 11.9}, "geometry": {"type": "Point", "coordinates": [-97.86204, 48.49666]}},
    {"type": "Feature", "properties": {"name": "Oakwood", "minzoom": 11.9}, "geometry": {"type": "Point", "coordinates": [-97.29535, 48.42693]}},
    {"type": "Feature", "properties": {"name": "Bowdon", "minzoom": 11.9}, "geometry": {"type": "Point", "coordinates": [-99.7079, 47.46972]}},
    {"type": "Feature", "properties": {"name": "Youngtown", "minzoom": 11.9}, "geometry": {"type": "Point", "coordinates": [-101.40792, 46.9425]}},
    {"type": "Feature", "properties": {"name": "Dawson", "minzoom": 11.9}, "geometry": {"type": "Point", "coordinates": [-99.7515, 46.8686]}},
    {"type": "Feature", "properties": {"name": "Millarton", "minzoom": 11.9}, "geometry": {"type": "Point", "coordinates": [-98.75955, 46.66692]}},
    {"type": "Feature", "properties": {"name": "Trotters", "minzoom": 11.9}, "geometry": {"type": "Point", "coordinates": [-103.91826, 47.32307]}},
    {"type": "Feature", "properties": {"name": "Gackle", "minzoom": 11.9}, "geometry": {"type": "Point", "coordinates": [-99.14205, 46.62581]}},
    {"type": "Feature", "properties": {"name": "Cass", "minzoom": 11.9}, "geometry": {"type": "Point", "coordinates": [-97.22063, 46.9242]}},
    {"type": "Feature", "properties": {"name": "Wells", "minzoom": 11.9}, "geometry": {"type": "Point", "coordinates": [-99.65088, 47.56642]}},
    {"type": "Feature", "properties": {"name": "Richland", "minzoom": 11.9}, "geometry": {"type": "Point", "coordinates": [-96.94707, 46.22473]}},
    {"type": "Feature", "properties": {"name": "Emmons", "minzoom": 11.9}, "geometry": {"type": "Point", "coordinates": [-100.25749, 46.25754]}},
    {"type": "Feature", "properties": {"name": "Barnes", "minzoom": 11.9}, "geometry": {"type": "Point", "coordinates": [-98.06788, 46.93105]}},
    {"type": "Feature", "properties": {"name": "Mountrail", "minzoom": 11.9}, "geometry": {"type": "Point", "coordinates": [-102.36033, 48.23032]}},
    {"type": "Feature", "properties": {"name": "Traill", "minzoom": 11.9}, "geometry": {"type": "Point", "coordinates": [-97.1797, 47.44385]}},
    {"type": "Feature", "properties": {"name": "Sheridan", "minzoom": 11.9}, "geometry": {"type": "Point", "coordinates": [-100.36791, 47.53216]}},
    {"type": "Feature", "properties": {"name": "Williams", "minzoom": 11.9}, "geometry": {"type": "Point", "coordinates": [-103.49584, 48.36299]}},
    {"type": "Feature", "properties": {"name": "Billings", "minzoom": 11.9}, "geometry": {"type": "Point", "coordinates": [-103.39437, 47.04563]}},
    {"type": "Feature", "properties": {"name": "Benson", "minzoom": 11.9}, "geometry": {"type": "Point", "coordinates": [-99.4031, 48.01914]}},
    {"type": "Feature", "properties": {"name": "Ransom", "minzoom": 11.9}, "geometry": {"type": "Point", "coordinates": [-97.69031, 46.45191]}},
    {"type": "Feature", "properties": {"name": "Morton", "minzoom": 11.9}, "geometry": {"type": "Point", "coordinates": [-101.16445, 46.72447]}},
    {"type": "Feature", "properties": {"name": "Burleigh", "minzoom": 11.9}, "geometry": {"type": "Point", "coordinates": [-100.51277, 46.94989]}},
    {"type": "Feature", "properties": {"name": "Dunn", "minzoom": 11.9}, "geometry": {"type": "Point", "coordinates": [-102.61123, 47.30612]}},
    {"type": "Feature", "properties": {"name": "Ward", "minzoom": 11.9}, "geometry": {"type": "Point", "coordinates": [-101.62426, 48.24883]}},
    {"type": "Feature", "properties": {"name": "Stark", "minzoom": 11.9}, "geometry": {"type": "Point", "coordinates": [-102.73383, 46.78702]}},
    {"type": "Feature", "properties": {"name": "Griggs", "minzoom": 11.9}, "geometry": {"type": "Point", "coordinates": [-98.26162, 47.44732]}},
    {"type": "Feature", "properties": {"name": "Stutsman", "minzoom": 11.9}, "geometry": {"type": "Point", "coordinates": [-98.97426, 46.95963]}},
    {"type": "Feature", "properties": {"name": "Sargent", "minzoom": 11.9}, "geometry": {"type": "Point", "coordinates": [-97.62918, 46.11018]}},
    {"type": "Feature", "properties": {"name": "Grant", "minzoom": 11.9}, "geometry": {"type": "Point", "coordinates": [-101.62618, 46.3441]}},
    {"type": "Feature", "properties": {"name": "Walsh", "minzoom": 11.9}, "geometry": {"type": "Point", "coordinates": [-97.74699, 48.36938]}},
    {"type": "Feature", "properties": {"name": "Eddy", "minzoom": 11.9}, "geometry": {"type": "Point", "coordinates": [-98.90873, 47.7114]}},
    {"type": "Feature", "properties": {"name": "McIntosh", "minzoom": 11.9}, "geometry": {"type": "Point", "coordinates": [-99.42434, 46.10979]}},
    {"type": "Feature", "properties": {"name": "Sioux", "minzoom": 11.9}, "geometry": {"type": "Point", "coordinates": [-100.97819, 46.06547]}},
    {"type": "Feature", "properties": {"name": "Burke", "minzoom": 11.9}, "geometry": {"type": "Point", "coordinates": [-102.52959, 48.78822]}},
    {"type": "Feature", "properties": {"name": "Slope", "minzoom": 11.9}, "geometry": {"type": "Point", "coordinates": [-103.4507, 46.44647]}},
    {"type": "Feature", "properties": {"name": "Nelson", "minzoom": 11.9}, "geometry": {"type": "Point", "coordinates": [-98.17744, 47.88522]}},
    {"type": "Feature", "properties": {"name": "Oliver", "minzoom": 11.9}, "geometry": {"type": "Point", "coordinates": [-101.35245, 47.10777]}},
    {"type": "Feature", "properties": {"name": "Foster", "minzoom": 11.9}, "geometry": {"type": "Point", "coordinates": [-98.88153, 47.46423]}},
    {"type": "Feature", "properties": {"name": "The Island", "minzoom": 11.9}, "geometry": {"type": "Point", "coordinates": [-99.40125, 48.25722]}},
    {"type": "Feature", "properties": {"name": "Winona Island", "minzoom": 11.9}, "geometry": {"type": "Point", "coordinates": [-100.6004, 46.10972]}},
    {"type": "Feature", "properties": {"name": "Metigoshe", "minzoom": 11.9}, "geometry": {"type": "Point", "coordinates": [-100.35338, 49.00128]}},
    {"type": "Feature", "properties": {"name": "Blumenort", "minzoom": 11.9}, "geometry": {"type": "Point", "coordinates": [-97.65355, 49.00341]}},
    {"type": "Feature", "properties": {"name": "Windygates", "minzoom": 11.9}, "geometry": {"type": "Point", "coordinates": [-98.36171, 49.00051]}},
    {"type": "Feature", "properties": {"name": "Lena", "minzoom": 11.9}, "geometry": {"type": "Point", "coordinates": [-99.65879, 48.99962]}},
    {"type": "Feature", "properties": {"name": "West Lynne", "minzoom": 11.9}, "geometry": {"type": "Point", "coordinates": [-97.2296, 49.00415]}},
    {"type": "Feature", "properties": {"name": "Edenburg", "minzoom": 11.9}, "geometry": {"type": "Point", "coordinates": [-97.49426, 49.01552]}},
    {"type": "Feature", "properties": {"name": "Emerson Junction", "minzoom": 11.9}, "geometry": {"type": "Point", "coordinates": [-97.23612, 49.00984]}},
    {"type": "Feature", "properties": {"name": "Kidder", "minzoom": 11.9}, "geometry": {"type": "Point", "coordinates": [-99.79527, 46.96362]}},
    {"type": "Feature", "properties": {"name": "McLean", "minzoom": 11.9}, "geometry": {"type": "Point", "coordinates": [-101.17198, 47.60022]}},
    {"type": "Feature", "properties": {"name": "Keystone Junction", "minzoom": 11.9}, "geometry": {"type": "Point", "coordinates": [-96.80396, 46.1671]}},
    {"type": "Feature", "properties": {"name": "Mortimer", "minzoom": 11.9}, "geometry": {"type": "Point", "coordinates": [-97.40904, 47.19581]}},
    {"type": "Feature", "properties": {"name": "Neuhorst", "minzoom": 11.9}, "geometry": {"type": "Point", "coordinates": [-97.74133, 49.00776]}},
    {"type": "Feature", "properties": {"name": "Marienthal", "minzoom": 11.9}, "geometry": {"type": "Point", "coordinates": [-103.48789, 48.99992]}},
    {"type": "Feature", "properties": {"name": "Larry Syverson Farm", "minzoom": 11.9}, "geometry": {"type": "Point", "coordinates": [-97.34744, 47.47877]}},
    {"type": "Feature", "properties": {"name": "North Central", "minzoom": 11.9}, "geometry": {"type": "Point", "coordinates": [-98.19723, 47.1192]}},
    {"type": "Feature", "properties": {"name": "Knife River", "minzoom": 11.9}, "geometry": {"type": "Point", "coordinates": [-103.04015, 46.11246]}},
    {"type": "Feature", "properties": {"name": "Port of Carievale", "minzoom": 11.9}, "geometry": {"type": "Point", "coordinates": [-101.62761, 49.00101]}},
    {"type": "Feature", "properties": {"name": "DL Switch", "minzoom": 11.9}, "geometry": {"type": "Point", "coordinates": [-97.11525, 47.9186]}},
    {"type": "Feature", "properties": {"name": "Fairview Hutterite Colony", "minzoom": 11.9}, "geometry": {"type": "Point", "coordinates": [-98.39953, 46.33857]}},
    {"type": "Feature", "properties": {"name": "Grant Hutterite Colony", "minzoom": 11.9}, "geometry": {"type": "Point", "coordinates": [-97.72307, 46.6096]}},
    {"type": "Feature", "properties": {"name": "Maple River Hutterite Colony", "minzoom": 11.9}, "geometry": {"type": "Point", "coordinates": [-98.44169, 46.0735]}},
    {"type": "Feature", "properties": {"name": "Spruce Lane Hutterite Colony", "minzoom": 11.9}, "geometry": {"type": "Point", "coordinates": [-97.19049, 47.3217]}},
    {"type": "Feature", "properties": {"name": "Sundale Hutterite Colony", "minzoom": 11.9}, "geometry": {"type": "Point", "coordinates": [-97.44194, 46.32364]}},
    {"type": "Feature", "properties": {"name": "Wollman Ranch Hutterite Colony", "minzoom": 11.9}, "geometry": {"type": "Point", "coordinates": [-101.7669, 46.55024]}},
    {"type": "Feature", "properties": {"name": "Willowbank Hutterite Colony", "minzoom": 11.9}, "geometry": {"type": "Point", "coordinates": [-98.5706, 46.31456]}},
    {"type": "Feature", "properties": {"name": "Wheatland Hutterite Colony", "minzoom": 11.9}, "geometry": {"type": "Point", "coordinates": [-97.65426, 46.9266]}},
    {"type": "Feature", "properties": {"name": "Baldhills Cactus", "minzoom": 11.9}, "geometry": {"type": "Point", "coordinates": [-98.02417, 47.15283]}},
    {"type": "Feature", "properties": {"name": "Four Bears Village", "minzoom": 11.9}, "geometry": {"type": "Point", "coordinates": [-102.59382, 47.9843]}},
    {"type": "Feature", "properties": {"name": "Van Hook", "minzoom": 11.9}, "geometry": {"type": "Point", "coordinates": [-102.35777, 47.94878]}},
    {"type": "Feature", "properties": {"name": "Brendle's Bay", "minzoom": 11.9}, "geometry": {"type": "Point", "coordinates": [-102.29128, 47.91834]}},
    {"type": "Feature", "properties": {"name": "Charging Eagle Bay", "minzoom": 11.9}, "geometry": {"type": "Point", "coordinates": [-102.38927, 47.58366]}},
    {"type": "Feature", "properties": {"name": "Norfolk", "minzoom": 11.9}, "geometry": {"type": "Point", "coordinates": [-100.30315, 47.97378]}},
    {"type": "Feature", "properties": {"name": "Frontier", "minzoom": 11.9}, "geometry": {"type": "Point", "coordinates": [-96.8332, 46.80037]}},
    {"type": "Feature", "properties": {"name": "Scoria Point", "minzoom": 11.9}, "geometry": {"type": "Point", "coordinates": [-103.48536, 46.93133]}},
    {"type": "Feature", "properties": {"name": "Ukraina", "minzoom": 11.9}, "geometry": {"type": "Point", "coordinates": [-103.10902, 47.05302]}},
    {"type": "Feature", "properties": {"name": "Acme Township", "minzoom": 11.9}, "geometry": {"type": "Point", "coordinates": [-102.353594, 46.506679]}},
    {"type": "Feature", "properties": {"name": "Acton Township", "minzoom": 11.9}, "geometry": {"type": "Point", "coordinates": [-97.201472, 48.419342]}},
    {"type": "Feature", "properties": {"name": "Ada Township", "minzoom": 11.9}, "geometry": {"type": "Point", "coordinates": [-98.319145, 45.979557]}},
    {"type": "Feature", "properties": {"name": "Addie Township", "minzoom": 11.9}, "geometry": {"type": "Point", "coordinates": [-98.299123, 47.537109]}},
    {"type": "Feature", "properties": {"name": "Addison Township", "minzoom": 11.9}, "geometry": {"type": "Point", "coordinates": [-97.115881, 46.760220]}},
    {"type": "Feature", "properties": {"name": "Adelaide Township", "minzoom": 11.9}, "geometry": {"type": "Point", "coordinates": [-103.677343, 46.162682]}},
    {"type": "Feature", "properties": {"name": "Adler Township", "minzoom": 11.9}, "geometry": {"type": "Point", "coordinates": [-97.944722, 47.888030]}},
    {"type": "Feature", "properties": {"name": "Advance Township", "minzoom": 11.9}, "geometry": {"type": "Point", "coordinates": [-97.753243, 48.833775]}},
    {"type": "Feature", "properties": {"name": "Afton Township", "minzoom": 11.9}, "geometry": {"type": "Point", "coordinates": [-101.333926, 48.149080]}},
    {"type": "Feature", "properties": {"name": "Agnes Township", "minzoom": 11.9}, "geometry": {"type": "Point", "coordinates": [-97.708993, 48.064318]}},
    {"type": "Feature", "properties": {"name": "Akra Township", "minzoom": 11.9}, "geometry": {"type": "Point", "coordinates": [-97.761760, 48.754849]}},
    {"type": "Feature", "properties": {"name": "Albertha Township", "minzoom": 11.9}, "geometry": {"type": "Point", "coordinates": [-98.921823, 45.982136]}},
    {"type": "Feature", "properties": {"name": "Albert Township", "minzoom": 11.9}, "geometry": {"type": "Point", "coordinates": [-99.513270, 48.057399]}},
    {"type": "Feature", "properties": {"name": "Albion Township", "minzoom": 11.9}, "geometry": {"type": "Point", "coordinates": [-98.677368, 46.076421]}},
    {"type": "Feature", "properties": {"name": "Alexandria Township", "minzoom": 11.9}, "geometry": {"type": "Point", "coordinates": [-103.651370, 48.757146]}},
    {"type": "Feature", "properties": {"name": "Alex Township", "minzoom": 11.9}, "geometry": {"type": "Point", "coordinates": [-103.594323, 47.800621]}},
    {"type": "Feature", "properties": {"name": "Alger Township", "minzoom": 11.9}, "geometry": {"type": "Point", "coordinates": [-102.493519, 48.236797]}},
    {"type": "Feature", "properties": {"name": "Aliceton Township", "minzoom": 11.9}, "geometry": {"type": "Point", "coordinates": [-97.584913, 46.318834]}},
    {"type": "Feature", "properties": {"name": "Alleghany Township", "minzoom": 11.9}, "geometry": {"type": "Point", "coordinates": [-97.836064, 46.318862]}},
    {"type": "Feature", "properties": {"name": "Allendale Township", "minzoom": 11.9}, "geometry": {"type": "Point", "coordinates": [-97.185485, 47.809731]}},
    {"type": "Feature", "properties": {"name": "Allen Township", "minzoom": 11.9}, "geometry": {"type": "Point", "coordinates": [-99.883150, 46.914669]}},
    {"type": "Feature", "properties": {"name": "Alma Township", "minzoom": 11.9}, "geometry": {"type": "Point", "coordinates": [-98.121986, 48.674068]}},
    {"type": "Feature", "properties": {"name": "Alta Township", "minzoom": 11.9}, "geometry": {"type": "Point", "coordinates": [-97.872897, 46.935364]}},
    {"type": "Feature", "properties": {"name": "Americus Township", "minzoom": 11.9}, "geometry": {"type": "Point", "coordinates": [-97.034747, 47.722861]}},
    {"type": "Feature", "properties": {"name": "Amity Township", "minzoom": 11.9}, "geometry": {"type": "Point", "coordinates": [-100.375861, 48.760912]}},
    {"type": "Feature", "properties": {"name": "Amor Township", "minzoom": 11.9}, "geometry": {"type": "Point", "coordinates": [-103.555048, 46.076432]}},
    {"type": "Feature", "properties": {"name": "Amundsville Township", "minzoom": 11.9}, "geometry": {"type": "Point", "coordinates": [-101.926543, 47.799740]}},
    {"type": "Feature", "properties": {"name": "Anderson Township", "minzoom": 11.9}, "geometry": {"type": "Point", "coordinates": [-98.266211, 47.037519]}},
    {"type": "Feature", "properties": {"name": "Andrews Township", "minzoom": 11.9}, "geometry": {"type": "Point", "coordinates": [-101.035933, 47.797481]}},
    {"type": "Feature", "properties": {"name": "Anna Township", "minzoom": 11.9}, "geometry": {"type": "Point", "coordinates": [-101.668468, 47.985372]}},
    {"type": "Feature", "properties": {"name": "Antelope Creek Township", "minzoom": 11.9}, "geometry": {"type": "Point", "coordinates": [-103.594054, 47.710768]}},
    {"type": "Feature", "properties": {"name": "Antelope Lake Township", "minzoom": 11.9}, "geometry": {"type": "Point", "coordinates": [-100.122933, 47.985031]}},
    {"type": "Feature", "properties": {"name": "Apple Creek Township", "minzoom": 11.9}, "geometry": {"type": "Point", "coordinates": [-100.633910, 46.749623]}},
    {"type": "Feature", "properties": {"name": "Armourdale Township", "minzoom": 11.9}, "geometry": {"type": "Point", "coordinates": [-99.320599, 48.847398]}},
    {"type": "Feature", "properties": {"name": "Arne Township", "minzoom": 11.9}, "geometry": {"type": "Point", "coordinates": [-99.610605, 47.885879]}},
    {"type": "Feature", "properties": {"name": "Ashby Township", "minzoom": 11.9}, "geometry": {"type": "Point", "coordinates": [-102.434700, 46.244718]}},
    {"type": "Feature", "properties": {"name": "Ashland Township", "minzoom": 11.9}, "geometry": {"type": "Point", "coordinates": [-98.649939, 47.112057]}},
    {"type": "Feature", "properties": {"name": "Ashtabula Township", "minzoom": 11.9}, "geometry": {"type": "Point", "coordinates": [-98.014475, 47.114263]}},
    {"type": "Feature", "properties": {"name": "Athens Township", "minzoom": 11.9}, "geometry": {"type": "Point", "coordinates": [-103.609456, 48.403975]}},
    {"type": "Feature", "properties": {"name": "Atkins Township", "minzoom": 11.9}, "geometry": {"type": "Point", "coordinates": [-99.304793, 48.429927]}},
    {"type": "Feature", "properties": {"name": "Atwood Township", "minzoom": 11.9}, "geometry": {"type": "Point", "coordinates": [-99.928410, 47.215299]}},
    {"type": "Feature", "properties": {"name": "Aurena Township", "minzoom": 11.9}, "geometry": {"type": "Point", "coordinates": [-100.789441, 47.718056]}},
    {"type": "Feature", "properties": {"name": "Aurora Township", "minzoom": 11.9}, "geometry": {"type": "Point", "coordinates": [-99.357392, 47.984438]}},
    {"type": "Feature", "properties": {"name": "Austin Township", "minzoom": 11.9}, "geometry": {"type": "Point", "coordinates": [-102.233281, 48.149578]}},
    {"type": "Feature", "properties": {"name": "Avon Township", "minzoom": 11.9}, "geometry": {"type": "Point", "coordinates": [-97.559246, 47.802204]}},
    {"type": "Feature", "properties": {"name": "Badger Township", "minzoom": 11.9}, "geometry": {"type": "Point", "coordinates": [-98.463236, 46.319180]}},
    {"type": "Feature", "properties": {"name": "Baer Township", "minzoom": 11.9}, "geometry": {"type": "Point", "coordinates": [-102.054774, 46.241797]}},
    {"type": "Feature", "properties": {"name": "Bale Township", "minzoom": 11.9}, "geometry": {"type": "Point", "coordinates": [-97.710796, 46.318753]}},
    {"type": "Feature", "properties": {"name": "Ball Hill Township", "minzoom": 11.9}, "geometry": {"type": "Point", "coordinates": [-98.178896, 47.370002]}},
    {"type": "Feature", "properties": {"name": "Banner Township", "minzoom": 11.9}, "geometry": {"type": "Point", "coordinates": [-98.77981071603637, 48.58241575533847]}},
    {"type": "Feature", "properties": {"name": "Barr Butte Township", "minzoom": 11.9}, "geometry": {"type": "Point", "coordinates": [-103.852639, 48.583109]}},
    {"type": "Feature", "properties": {"name": "Bartley Township", "minzoom": 11.9}, "geometry": {"type": "Point", "coordinates": [-98.278087, 47.282086]}},
    {"type": "Feature", "properties": {"name": "Bear Creek Township", "minzoom": 11.9}, "geometry": {"type": "Point", "coordinates": [-98.054236, 46.156543]}},
    {"type": "Feature", "properties": {"name": "Beaulieu Township", "minzoom": 11.9}, "geometry": {"type": "Point", "coordinates": [-97.893444, 48.754743]}},
    {"type": "Feature", "properties": {"name": "Beaver Creek Township", "minzoom": 11.9}, "geometry": {"type": "Point", "coordinates": [-97.654565, 47.623288]}},
    {"type": "Feature", "properties": {"name": "Beaver Township", "minzoom": 11.9}, "geometry": {"type": "Point", "coordinates": [-99.520142, 48.239213]}},
    {"type": "Feature", "properties": {"name": "Beery Township", "minzoom": 11.9}, "geometry": {"type": "Point", "coordinates": [-102.226445, 46.413697]}},
    {"type": "Feature", "properties": {"name": "Beisigl Township", "minzoom": 11.9}, "geometry": {"type": "Point", "coordinates": [-102.098148, 46.159684]}},
    {"type": "Feature", "properties": {"name": "Belford Township", "minzoom": 11.9}, "geometry": {"type": "Point", "coordinates": [-96.948315, 46.152958]}},
    {"type": "Feature", "properties": {"name": "Bell Township", "minzoom": 11.9}, "geometry": {"type": "Point", "coordinates": [-97.133704, 47.195265]}},
    {"type": "Feature", "properties": {"name": "Belmont Township", "minzoom": 11.9}, "geometry": {"type": "Point", "coordinates": [-96.915850, 47.622701]}},
    {"type": "Feature", "properties": {"name": "Bentinck Township", "minzoom": 11.9}, "geometry": {"type": "Point", "coordinates": [-101.168188, 48.850490]}},
    {"type": "Feature", "properties": {"name": "Bentru Township", "minzoom": 11.9}, "geometry": {"type": "Point", "coordinates": [-96.948699, 47.708392]}},
    {"type": "Feature", "properties": {"name": "Bethel Township", "minzoom": 11.9}, "geometry": {"type": "Point", "coordinates": [-99.025178, 48.508175]}},
    {"type": "Feature", "properties": {"name": "Bicker Township", "minzoom": 11.9}, "geometry": {"type": "Point", "coordinates": [-102.801739, 48.510155]}},
    {"type": "Feature", "properties": {"name": "Big Bend Township", "minzoom": 11.9}, "geometry": {"type": "Point", "coordinates": [-97.59589169404079, 46.410446665642155]}},
    {"type": "Feature", "properties": {"name": "Big Meadow Township", "minzoom": 11.9}, "geometry": {"type": "Point", "coordinates": [-103.101268, 48.583015]}},
    {"type": "Feature", "properties": {"name": "Big Stone Township", "minzoom": 11.9}, "geometry": {"type": "Point", "coordinates": [-103.331141, 48.582670]}},
    {"type": "Feature", "properties": {"name": "Bilodeau Township", "minzoom": 11.9}, "geometry": {"type": "Point", "coordinates": [-99.319948, 47.454060]}},
    {"type": "Feature", "properties": {"name": "Binghampton Township", "minzoom": 11.9}, "geometry": {"type": "Point", "coordinates": [-97.744686, 46.760700]}},
    {"type": "Feature", "properties": {"name": "Bingham Township", "minzoom": 11.9}, "geometry": {"type": "Point", "coordinates": [-96.912555, 47.541156]}},
    {"type": "Feature", "properties": {"name": "Birtsell Township", "minzoom": 11.9}, "geometry": {"type": "Point", "coordinates": [-99.191835, 47.537051]}},
    {"type": "Feature", "properties": {"name": "Bjornson Township", "minzoom": 11.9}, "geometry": {"type": "Point", "coordinates": [-100.894818, 47.896062]}},
    {"type": "Feature", "properties": {"name": "Black Butte Township", "minzoom": 11.9}, "geometry": {"type": "Point", "coordinates": [-102.613520, 46.499943]}},
    {"type": "Feature", "properties": {"name": "Black Loam Township", "minzoom": 11.9}, "geometry": {"type": "Point", "coordinates": [-98.107170, 46.493084]}},
    {"type": "Feature", "properties": {"name": "Blacktail Township", "minzoom": 11.9}, "geometry": {"type": "Point", "coordinates": [-103.730302, 48.414394]}},
    {"type": "Feature", "properties": {"name": "Blackwater Township", "minzoom": 11.9}, "geometry": {"type": "Point", "coordinates": [-101.751285, 47.628974]}},
    {"type": "Feature", "properties": {"name": "Blaine Township", "minzoom": 11.9}, "geometry": {"type": "Point", "coordinates": [-101.375325, 48.683439]}},
    {"type": "Feature", "properties": {"name": "Bloomenfield Township", "minzoom": 11.9}, "geometry": {"type": "Point", "coordinates": [-99.279759, 46.747452]}},
    {"type": "Feature", "properties": {"name": "Bloomfield Township", "minzoom": 11.9}, "geometry": {"type": "Point", "coordinates": [-97.155083, 47.367479]}},
    {"type": "Feature", "properties": {"name": "Blooming Prairie Township", "minzoom": 11.9}, "geometry": {"type": "Point", "coordinates": [-103.395531, 48.945295]}},
    {"type": "Feature", "properties": {"name": "Blooming Township", "minzoom": 11.9}, "geometry": {"type": "Point", "coordinates": [-97.297617, 47.972550]}},
    {"type": "Feature", "properties": {"name": "Blooming Valley Township", "minzoom": 11.9}, "geometry": {"type": "Point", "coordinates": [-103.135611, 48.851356]}},
    {"type": "Feature", "properties": {"name": "Bluebird Township", "minzoom": 11.9}, "geometry": {"type": "Point", "coordinates": [-98.848322, 46.499580]}},
    {"type": "Feature", "properties": {"name": "Blue Butte Township", "minzoom": 11.9}, "geometry": {"type": "Point", "coordinates": [-102.953006, 47.886549]}},
    {"type": "Feature", "properties": {"name": "Blue Hill Township", "minzoom": 11.9}, "geometry": {"type": "Point", "coordinates": [-101.669787, 47.790088]}},
    {"type": "Feature", "properties": {"name": "Blue Ridge Township", "minzoom": 11.9}, "geometry": {"type": "Point", "coordinates": [-103.590163, 48.585864]}},
    {"type": "Feature", "properties": {"name": "Bohnsack Township", "minzoom": 11.9}, "geometry": {"type": "Point", "coordinates": [-97.133710, 47.281305]}},
    {"type": "Feature", "properties": {"name": "Boone Township", "minzoom": 11.9}, "geometry": {"type": "Point", "coordinates": [-100.086317, 47.544779]}},
    {"type": "Feature", "properties": {"name": "Border Township", "minzoom": 11.9}, "geometry": {"type": "Point", "coordinates": [-102.994599, 48.756709]}},
    {"type": "Feature", "properties": {"name": "Bowen Township", "minzoom": 11.9}, "geometry": {"type": "Point", "coordinates": [-97.695296, 46.153253]}},
    {"type": "Feature", "properties": {"name": "Boyd Township", "minzoom": 11.9}, "geometry": {"type": "Point", "coordinates": [-100.520928, 46.765077]}},
    {"type": "Feature", "properties": {"name": "Boyesen Township", "minzoom": 11.9}, "geometry": {"type": "Point", "coordinates": [-103.304148, 46.079836]}},
    {"type": "Feature", "properties": {"name": "Brandenburg Township", "minzoom": 11.9}, "geometry": {"type": "Point", "coordinates": [-96.824503, 46.152860]}},
    {"type": "Feature", "properties": {"name": "Brander Township", "minzoom": 11.9}, "geometry": {"type": "Point", "coordinates": [-101.026977, 48.755867]}},
    {"type": "Feature", "properties": {"name": "Brandon Township", "minzoom": 11.9}, "geometry": {"type": "Point", "coordinates": [-101.570983, 48.747978]}},
    {"type": "Feature", "properties": {"name": "Brenna Township", "minzoom": 11.9}, "geometry": {"type": "Point", "coordinates": [-97.171507, 47.888770]}},
    {"type": "Feature", "properties": {"name": "Brightwood Township", "minzoom": 11.9}, "geometry": {"type": "Point", "coordinates": [-96.936548, 46.069255]}},
    {"type": "Feature", "properties": {"name": "Brillian Township", "minzoom": 11.9}, "geometry": {"type": "Point", "coordinates": [-101.034374, 47.980022]}},
    {"type": "Feature", "properties": {"name": "Brimer Township", "minzoom": 11.9}, "geometry": {"type": "Point", "coordinates": [-98.393490, 47.015788]}},
    {"type": "Feature", "properties": {"name": "Brittian Township", "minzoom": 11.9}, "geometry": {"type": "Point", "coordinates": [-102.218605, 46.303491]}},
    {"type": "Feature", "properties": {"name": "Broadlawn Township", "minzoom": 11.9}, "geometry": {"type": "Point", "coordinates": [-97.508269, 47.279320]}},
    {"type": "Feature", "properties": {"name": "Broadview Township", "minzoom": 11.9}, "geometry": {"type": "Point", "coordinates": [-98.012284, 47.281208]}},
    {"type": "Feature", "properties": {"name": "Broe Township", "minzoom": 11.9}, "geometry": {"type": "Point", "coordinates": [-99.641921, 48.146770]}},
    {"type": "Feature", "properties": {"name": "Brookbank Township", "minzoom": 11.9}, "geometry": {"type": "Point", "coordinates": [-102.500392, 48.158814]}},
    {"type": "Feature", "properties": {"name": "Brooklyn Township", "minzoom": 11.9}, "geometry": {"type": "Point", "coordinates": [-103.270596, 48.233917]}},
    {"type": "Feature", "properties": {"name": "Brown Township", "minzoom": 11.9}, "geometry": {"type": "Point", "coordinates": [-100.896087, 47.980892]}},
    {"type": "Feature", "properties": {"name": "Bruce Township", "minzoom": 11.9}, "geometry": {"type": "Point", "coordinates": [-98.918404, 48.768683]}},
    {"type": "Feature", "properties": {"name": "Bryan Township", "minzoom": 11.9}, "geometry": {"type": "Point", "coordinates": [-98.425381, 47.536605]}},
    {"type": "Feature", "properties": {"name": "Bucephalia Township", "minzoom": 11.9}, "geometry": {"type": "Point", "coordinates": [-98.824726, 47.377046]}},
    {"type": "Feature", "properties": {"name": "Buckeye Township", "minzoom": 11.9}, "geometry": {"type": "Point", "coordinates": [-99.647098, 47.030261]}},
    {"type": "Feature", "properties": {"name": "Bucklin Township", "minzoom": 11.9}, "geometry": {"type": "Point", "coordinates": [-103.983039, 46.348091]}},
    {"type": "Feature", "properties": {"name": "Buena Vista Township", "minzoom": 11.9}, "geometry": {"type": "Point", "coordinates": [-103.057674, 46.242991]}},
    {"type": "Feature", "properties": {"name": "Bull Butte Township", "minzoom": 11.9}, "geometry": {"type": "Point", "coordinates": [-103.960814, 48.335541]}},
    {"type": "Feature", "properties": {"name": "Bullion Township", "minzoom": 11.9}, "geometry": {"type": "Point", "coordinates": [-103.769006, 46.678238]}},
    {"type": "Feature", "properties": {"name": "Bull Moose Township", "minzoom": 11.9}, "geometry": {"type": "Point", "coordinates": [-99.962955, 47.462696]}},
    {"type": "Feature", "properties": {"name": "Bunker Township", "minzoom": 11.9}, "geometry": {"type": "Point", "coordinates": [-99.764095, 46.673341]}},
    {"type": "Feature", "properties": {"name": "Burg Township", "minzoom": 11.9}, "geometry": {"type": "Point", "coordinates": [-103.518331, 48.767137]}},
    {"type": "Feature", "properties": {"name": "Bush Township", "minzoom": 11.9}, "geometry": {"type": "Point", "coordinates": [-98.975206, 47.803541]}},
    {"type": "Feature", "properties": {"name": "Butte Valley Township", "minzoom": 11.9}, "geometry": {"type": "Point", "coordinates": [-99.513260, 48.144251]}},
    {"type": "Feature", "properties": {"name": "Byersville Township", "minzoom": 11.9}, "geometry": {"type": "Point", "coordinates": [-100.638829, 47.731660]}},
    {"type": "Feature", "properties": {"name": "Byron Township", "minzoom": 11.9}, "geometry": {"type": "Point", "coordinates": [-98.780896, 48.934555]}},
    {"type": "Feature", "properties": {"name": "Callahan Township", "minzoom": 11.9}, "geometry": {"type": "Point", "coordinates": [-101.658319, 48.586092]}},
    {"type": "Feature", "properties": {"name": "Cameron Township", "minzoom": 11.9}, "geometry": {"type": "Point", "coordinates": [-101.538371, 47.897422]}},
    {"type": "Feature", "properties": {"name": "Campbell Township", "minzoom": 11.9}, "geometry": {"type": "Point", "coordinates": [-99.98017363298581, 46.589880236518574]}},
    {"type": "Feature", "properties": {"name": "Canfield Township", "minzoom": 11.9}, "geometry": {"type": "Point", "coordinates": [-100.398544, 47.179850]}},
    {"type": "Feature", "properties": {"name": "Captain's Landing Township", "minzoom": 11.9}, "geometry": {"type": "Point", "coordinates": [-100.830487, 46.813784]}},
    {"type": "Feature", "properties": {"name": "Carbondale Township", "minzoom": 11.9}, "geometry": {"type": "Point", "coordinates": [-101.910874, 48.500813]}},
    {"type": "Feature", "properties": {"name": "Carlisle Township", "minzoom": 11.9}, "geometry": {"type": "Point", "coordinates": [-97.359806, 48.804129]}},
    {"type": "Feature", "properties": {"name": "Carpenter Township", "minzoom": 11.9}, "geometry": {"type": "Point", "coordinates": [-97.770542, 47.282384]}},
    {"type": "Feature", "properties": {"name": "Carroll Township", "minzoom": 11.9}, "geometry": {"type": "Point", "coordinates": [-102.988525, 46.411232]}},
    {"type": "Feature", "properties": {"name": "Carter Township", "minzoom": 11.9}, "geometry": {"type": "Point", "coordinates": [-102.340216, 48.856110]}},
    {"type": "Feature", "properties": {"name": "Casey Township", "minzoom": 11.9}, "geometry": {"type": "Point", "coordinates": [-97.605198, 46.492998]}},
    {"type": "Feature", "properties": {"name": "Cash Township", "minzoom": 11.9}, "geometry": {"type": "Point", "coordinates": [-103.495329, 46.316272]}},
    {"type": "Feature", "properties": {"name": "Castle Rock Township", "minzoom": 11.9}, "geometry": {"type": "Point", "coordinates": [-102.370512, 46.320235]}},
    {"type": "Feature", "properties": {"name": "Cato Township", "minzoom": 11.9}, "geometry": {"type": "Point", "coordinates": [-98.608770, 48.321505]}},
    {"type": "Feature", "properties": {"name": "Cecil Township", "minzoom": 11.9}, "geometry": {"type": "Point", "coordinates": [-100.221920, 48.667941]}},
    {"type": "Feature", "properties": {"name": "Cedar Creek Township", "minzoom": 11.9}, "geometry": {"type": "Point", "coordinates": [-102.977577, 46.331604]}},
    {"type": "Feature", "properties": {"name": "Cedar Township", "minzoom": 11.9}, "geometry": {"type": "Point", "coordinates": [-102.675823, 46.240608]}},
    {"type": "Feature", "properties": {"name": "Central Township", "minzoom": 11.9}, "geometry": {"type": "Point", "coordinates": [-98.204952, 47.896711]}},
    {"type": "Feature", "properties": {"name": "Chain Lakes Township", "minzoom": 11.9}, "geometry": {"type": "Point", "coordinates": [-99.131819, 48.350443]}},
    {"type": "Feature", "properties": {"name": "Champion Township", "minzoom": 11.9}, "geometry": {"type": "Point", "coordinates": [-103.222457, 48.410210]}},
    {"type": "Feature", "properties": {"name": "Chandler Township", "minzoom": 11.9}, "geometry": {"type": "Point", "coordinates": [-102.424599, 46.169489]}},
    {"type": "Feature", "properties": {"name": "Charbon Township", "minzoom": 11.9}, "geometry": {"type": "Point", "coordinates": [-103.728474, 47.892307]}},
    {"type": "Feature", "properties": {"name": "Chatfield Township", "minzoom": 11.9}, "geometry": {"type": "Point", "coordinates": [-101.121397, 48.588175]}},
    {"type": "Feature", "properties": {"name": "Cherry Lake Township", "minzoom": 11.9}, "geometry": {"type": "Point", "coordinates": [-98.716308, 47.643166]}},
    {"type": "Feature", "properties": {"name": "Chester Township", "minzoom": 11.9}, "geometry": {"type": "Point", "coordinates": [-97.430288, 47.889474]}},
    {"type": "Feature", "properties": {"name": "Chestina Township", "minzoom": 11.9}, "geometry": {"type": "Point", "coordinates": [-100.029623, 47.031837]}},
    {"type": "Feature", "properties": {"name": "Chicago Township", "minzoom": 11.9}, "geometry": {"type": "Point", "coordinates": [-99.265662, 46.850885]}},
    {"type": "Feature", "properties": {"name": "Chilton Township", "minzoom": 11.9}, "geometry": {"type": "Point", "coordinates": [-102.495287, 46.331503]}},
    {"type": "Feature", "properties": {"name": "Christiania Township", "minzoom": 11.9}, "geometry": {"type": "Point", "coordinates": [-100.255074, 46.952550]}},
    {"type": "Feature", "properties": {"name": "Clara Township", "minzoom": 11.9}, "geometry": {"type": "Point", "coordinates": [-98.357281, 48.144429]}},
    {"type": "Feature", "properties": {"name": "Clark Township", "minzoom": 11.9}, "geometry": {"type": "Point", "coordinates": [-102.730707, 46.585077]}},
    {"type": "Feature", "properties": {"name": "Clayton Township", "minzoom": 11.9}, "geometry": {"type": "Point", "coordinates": [-102.488825, 48.758149]}},
    {"type": "Feature", "properties": {"name": "Clay Township", "minzoom": 11.9}, "geometry": {"type": "Point", "coordinates": [-101.514193, 48.678600]}},
    {"type": "Feature", "properties": {"name": "Clearfield Township", "minzoom": 11.9}, "geometry": {"type": "Point", "coordinates": [-98.297626, 47.449530]}},
    {"type": "Feature", "properties": {"name": "Clear Lake Township", "minzoom": 11.9}, "geometry": {"type": "Point", "coordinates": [-100.14018571086321, 46.93857326760262]}},
    {"type": "Feature", "properties": {"name": "Clearwater Township", "minzoom": 11.9}, "geometry": {"type": "Point", "coordinates": [-102.302775, 48.418137]}},
    {"type": "Feature", "properties": {"name": "Cleary Township", "minzoom": 11.9}, "geometry": {"type": "Point", "coordinates": [-102.669424, 48.685446]}},
    {"type": "Feature", "properties": {"name": "Clermont Township", "minzoom": 11.9}, "geometry": {"type": "Point", "coordinates": [-102.436110, 45.989318]}},
    {"type": "Feature", "properties": {"name": "Climax Township", "minzoom": 11.9}, "geometry": {"type": "Point", "coordinates": [-103.985558, 48.501299]}},
    {"type": "Feature", "properties": {"name": "Clinton Township", "minzoom": 11.9}, "geometry": {"type": "Point", "coordinates": [-103.784244, 48.844449]}},
    {"type": "Feature", "properties": {"name": "Coalfield Township", "minzoom": 11.9}, "geometry": {"type": "Point", "coordinates": [-103.000181, 48.843465]}},
    {"type": "Feature", "properties": {"name": "Colquhoun Township", "minzoom": 11.9}, "geometry": {"type": "Point", "coordinates": [-101.704670, 48.944346]}},
    {"type": "Feature", "properties": {"name": "Columbia Township", "minzoom": 11.9}, "geometry": {"type": "Point", "coordinates": [-98.809567, 47.623770]}},
    {"type": "Feature", "properties": {"name": "Colville Township", "minzoom": 11.9}, "geometry": {"type": "Point", "coordinates": [-102.693028, 48.591025]}},
    {"type": "Feature", "properties": {"name": "Colvin Township", "minzoom": 11.9}, "geometry": {"type": "Point", "coordinates": [-98.601342, 47.715317]}},
    {"type": "Feature", "properties": {"name": "Conklin Township", "minzoom": 11.9}, "geometry": {"type": "Point", "coordinates": [-99.299185, 47.293550]}},
    {"type": "Feature", "properties": {"name": "Connor Township", "minzoom": 11.9}, "geometry": {"type": "Point", "coordinates": [-103.232889, 46.411545]}},
    {"type": "Feature", "properties": {"name": "Coolin Township", "minzoom": 11.9}, "geometry": {"type": "Point", "coordinates": [-99.025133, 48.413995]}},
    {"type": "Feature", "properties": {"name": "Cordelia Township", "minzoom": 11.9}, "geometry": {"type": "Point", "coordinates": [-100.238682, 48.851724]}},
    {"type": "Feature", "properties": {"name": "Corinne Township", "minzoom": 11.9}, "geometry": {"type": "Point", "coordinates": [-98.520416, 47.276592]}},
    {"type": "Feature", "properties": {"name": "Cornell Township", "minzoom": 11.9}, "geometry": {"type": "Point", "coordinates": [-97.642303, 47.021877]}},
    {"type": "Feature", "properties": {"name": "Corwin Township", "minzoom": 11.9}, "geometry": {"type": "Point", "coordinates": [-98.638320, 46.747140]}},
    {"type": "Feature", "properties": {"name": "Cottonwood Lake Township", "minzoom": 11.9}, "geometry": {"type": "Point", "coordinates": [-100.650867, 47.897434]}},
    {"type": "Feature", "properties": {"name": "Cottonwood Township", "minzoom": 11.9}, "geometry": {"type": "Point", "coordinates": [-102.527219, 48.427789]}},
    {"type": "Feature", "properties": {"name": "Crane Creek Township", "minzoom": 11.9}, "geometry": {"type": "Point", "coordinates": [-102.380242, 48.074507]}},
    {"type": "Feature", "properties": {"name": "Crawford Township", "minzoom": 11.9}, "geometry": {"type": "Point", "coordinates": [-103.729934, 46.320329]}},
    {"type": "Feature", "properties": {"name": "Creel Township", "minzoom": 11.9}, "geometry": {"type": "Point", "coordinates": [-98.857272, 48.075823]}},
    {"type": "Feature", "properties": {"name": "Cremerville Township", "minzoom": 11.9}, "geometry": {"type": "Point", "coordinates": [-102.054883, 47.811011]}},
    {"type": "Feature", "properties": {"name": "Crofte Township", "minzoom": 11.9}, "geometry": {"type": "Point", "coordinates": [-100.685988, 47.026425]}},
    {"type": "Feature", "properties": {"name": "Cromwell Township", "minzoom": 11.9}, "geometry": {"type": "Point", "coordinates": [-100.558805, 47.026008]}},
    {"type": "Feature", "properties": {"name": "Crowfoot Township", "minzoom": 11.9}, "geometry": {"type": "Point", "coordinates": [-102.180433, 48.495946]}},
    {"type": "Feature", "properties": {"name": "Crown Hill Township", "minzoom": 11.9}, "geometry": {"type": "Point", "coordinates": [-100.025924, 46.770977]}},
    {"type": "Feature", "properties": {"name": "Crystal Lake Township", "minzoom": 11.9}, "geometry": {"type": "Point", "coordinates": [-99.974737, 47.541346]}},
    {"type": "Feature", "properties": {"name": "Cusator Township", "minzoom": 11.9}, "geometry": {"type": "Point", "coordinates": [-98.997611, 46.746853]}},
    {"type": "Feature", "properties": {"name": "Cut Bank Township", "minzoom": 11.9}, "geometry": {"type": "Point", "coordinates": [-101.430571, 48.763937]}},
    {"type": "Feature", "properties": {"name": "Cypress Township", "minzoom": 11.9}, "geometry": {"type": "Point", "coordinates": [-98.910000, 48.937547]}},
    {"type": "Feature", "properties": {"name": "Dalen Township", "minzoom": 11.9}, "geometry": {"type": "Point", "coordinates": [-100.506570, 48.940294]}},
    {"type": "Feature", "properties": {"name": "Dale Township", "minzoom": 11.9}, "geometry": {"type": "Point", "coordinates": [-102.476504, 48.852372]}},
    {"type": "Feature", "properties": {"name": "Daneville Township", "minzoom": 11.9}, "geometry": {"type": "Point", "coordinates": [-103.946884, 48.764881]}},
    {"type": "Feature", "properties": {"name": "Danton Township", "minzoom": 11.9}, "geometry": {"type": "Point", "coordinates": [-97.072051, 46.238611]}},
    {"type": "Feature", "properties": {"name": "Darling Springs Township", "minzoom": 11.9}, "geometry": {"type": "Point", "coordinates": [-102.808942, 46.243789]}},
    {"type": "Feature", "properties": {"name": "Dash Township", "minzoom": 11.9}, "geometry": {"type": "Point", "coordinates": [-99.077031, 48.942696]}},
    {"type": "Feature", "properties": {"name": "Dayton Township", "minzoom": 11.9}, "geometry": {"type": "Point", "coordinates": [-98.449698, 47.796739]}},
    {"type": "Feature", "properties": {"name": "Dean Township", "minzoom": 11.9}, "geometry": {"type": "Point", "coordinates": [-98.349838, 46.318627]}},
    {"type": "Feature", "properties": {"name": "Debing Township", "minzoom": 11.9}, "geometry": {"type": "Point", "coordinates": [-102.623258, 48.233288]}},
    {"type": "Feature", "properties": {"name": "Deep River Township", "minzoom": 11.9}, "geometry": {"type": "Point", "coordinates": [-100.852714, 48.596558]}},
    {"type": "Feature", "properties": {"name": "Deepwater Township", "minzoom": 11.9}, "geometry": {"type": "Point", "coordinates": [-101.936332, 47.717336]}},
    {"type": "Feature", "properties": {"name": "Deer Lake Township", "minzoom": 11.9}, "geometry": {"type": "Point", "coordinates": [-99.045496, 47.043867]}},
    {"type": "Feature", "properties": {"name": "De Groat Township", "minzoom": 11.9}, "geometry": {"type": "Point", "coordinates": [-98.994748, 48.332637]}},
    {"type": "Feature", "properties": {"name": "Delger Township", "minzoom": 11.9}, "geometry": {"type": "Point", "coordinates": [-99.850952, 47.551485]}},
    {"type": "Feature", "properties": {"name": "Delhi Township", "minzoom": 11.9}, "geometry": {"type": "Point", "coordinates": [-103.846476, 47.015903]}},
    {"type": "Feature", "properties": {"name": "Denmark Township", "minzoom": 11.9}, "geometry": {"type": "Point", "coordinates": [-102.086513, 48.763378]}},
    {"type": "Feature", "properties": {"name": "Denver Township", "minzoom": 11.9}, "geometry": {"type": "Point", "coordinates": [-97.934403, 46.232752]}},
    {"type": "Feature", "properties": {"name": "Devillo Township", "minzoom": 11.9}, "geometry": {"type": "Point", "coordinates": [-96.700238, 46.065783]}},
    {"type": "Feature", "properties": {"name": "Dewey Township", "minzoom": 11.9}, "geometry": {"type": "Point", "coordinates": [-98.264085, 48.420151]}},
    {"type": "Feature", "properties": {"name": "De Witt Township", "minzoom": 11.9}, "geometry": {"type": "Point", "coordinates": [-103.787222, 48.953531]}},
    {"type": "Feature", "properties": {"name": "Dexter Township", "minzoom": 11.9}, "geometry": {"type": "Point", "coordinates": [-97.177094, 46.144479]}},
    {"type": "Feature", "properties": {"name": "Dimond Township", "minzoom": 11.9}, "geometry": {"type": "Point", "coordinates": [-102.416307, 48.698601]}},
    {"type": "Feature", "properties": {"name": "Dodds Township", "minzoom": 11.9}, "geometry": {"type": "Point", "coordinates": [-98.322307, 47.990879]}},
    {"type": "Feature", "properties": {"name": "Dogden Township", "minzoom": 11.9}, "geometry": {"type": "Point", "coordinates": [-100.645185, 47.803581]}},
    {"type": "Feature", "properties": {"name": "Dows Township", "minzoom": 11.9}, "geometry": {"type": "Point", "coordinates": [-97.387703, 47.195414]}},
    {"type": "Feature", "properties": {"name": "Dry Fork Township", "minzoom": 11.9}, "geometry": {"type": "Point", "coordinates": [-102.891040, 48.239948]}},
    {"type": "Feature", "properties": {"name": "Dry Lake Township", "minzoom": 11.9}, "geometry": {"type": "Point", "coordinates": [-98.990322, 48.233696]}},
    {"type": "Feature", "properties": {"name": "Dublin Township", "minzoom": 11.9}, "geometry": {"type": "Point", "coordinates": [-103.468389, 48.413512]}},
    {"type": "Feature", "properties": {"name": "Duck Creek Township", "minzoom": 11.9}, "geometry": {"type": "Point", "coordinates": [-102.559432, 46.075393]}},
    {"type": "Feature", "properties": {"name": "Duerr Township", "minzoom": 11.9}, "geometry": {"type": "Point", "coordinates": [-97.125100, 45.985537]}},
    {"type": "Feature", "properties": {"name": "Dunbar Township", "minzoom": 11.9}, "geometry": {"type": "Point", "coordinates": [-97.560115, 46.160117]}},
    {"type": "Feature", "properties": {"name": "Dundee Township", "minzoom": 11.9}, "geometry": {"type": "Point", "coordinates": [-97.731470, 48.499638]}},
    {"type": "Feature", "properties": {"name": "Durham Township", "minzoom": 11.9}, "geometry": {"type": "Point", "coordinates": [-98.647352, 47.190025]}},
    {"type": "Feature", "properties": {"name": "Eagle Township", "minzoom": 11.9}, "geometry": {"type": "Point", "coordinates": [-96.782159, 46.532299]}},
    {"type": "Feature", "properties": {"name": "East Alma Township", "minzoom": 11.9}, "geometry": {"type": "Point", "coordinates": [-97.981632, 48.674603]}},
    {"type": "Feature", "properties": {"name": "East Fork Township", "minzoom": 11.9}, "geometry": {"type": "Point", "coordinates": [-99.75148118185145, 47.89222617756517]}},
    {"type": "Feature", "properties": {"name": "Eastman Township", "minzoom": 11.9}, "geometry": {"type": "Point", "coordinates": [-98.552782, 47.362772]}},
    {"type": "Feature", "properties": {"name": "Easton Township", "minzoom": 11.9}, "geometry": {"type": "Point", "coordinates": [-97.782184, 47.450316]}},
    {"type": "Feature", "properties": {"name": "Ecklund Township", "minzoom": 11.9}, "geometry": {"type": "Point", "coordinates": [-100.717601, 47.113349]}},
    {"type": "Feature", "properties": {"name": "Edendale Township", "minzoom": 11.9}, "geometry": {"type": "Point", "coordinates": [-97.538141, 47.368120]}},
    {"type": "Feature", "properties": {"name": "Eden Township", "minzoom": 11.9}, "geometry": {"type": "Point", "coordinates": [-97.708989, 48.238309]}},
    {"type": "Feature", "properties": {"name": "Eden Valley Township", "minzoom": 11.9}, "geometry": {"type": "Point", "coordinates": [-101.550537, 48.945145]}},
    {"type": "Feature", "properties": {"name": "Edgemont Township", "minzoom": 11.9}, "geometry": {"type": "Point", "coordinates": [-100.598227, 47.363804]}},
    {"type": "Feature", "properties": {"name": "Edna Township", "minzoom": 11.9}, "geometry": {"type": "Point", "coordinates": [-98.267525, 47.117861]}},
    {"type": "Feature", "properties": {"name": "Egan Township", "minzoom": 11.9}, "geometry": {"type": "Point", "coordinates": [-101.976185, 48.333532]}},
    {"type": "Feature", "properties": {"name": "Egg Creek Township", "minzoom": 11.9}, "geometry": {"type": "Point", "coordinates": [-100.811029, 48.334177]}},
    {"type": "Feature", "properties": {"name": "Eidsvold Township", "minzoom": 11.9}, "geometry": {"type": "Point", "coordinates": [-100.808057, 48.857283]}},
    {"type": "Feature", "properties": {"name": "Elden Township", "minzoom": 11.9}, "geometry": {"type": "Point", "coordinates": [-98.567720, 46.068130]}},
    {"type": "Feature", "properties": {"name": "Eldon Township", "minzoom": 11.9}, "geometry": {"type": "Point", "coordinates": [-99.382819, 48.071239]}},
    {"type": "Feature", "properties": {"name": "Eldorado Township", "minzoom": 11.9}, "geometry": {"type": "Point", "coordinates": [-97.017106, 47.461345]}},
    {"type": "Feature", "properties": {"name": "Eldred Township", "minzoom": 11.9}, "geometry": {"type": "Point", "coordinates": [-97.482777, 46.767340]}},
    {"type": "Feature", "properties": {"name": "Elk Creek Township", "minzoom": 11.9}, "geometry": {"type": "Point", "coordinates": [-103.859674, 47.100834]}},
    {"type": "Feature", "properties": {"name": "Elkhorn Township", "minzoom": 11.9}, "geometry": {"type": "Point", "coordinates": [-103.957999, 48.946084]}},
    {"type": "Feature", "properties": {"name": "Elkmount Township", "minzoom": 11.9}, "geometry": {"type": "Point", "coordinates": [-97.826111, 48.154585]}},
    {"type": "Feature", "properties": {"name": "Elling Township", "minzoom": 11.9}, "geometry": {"type": "Point", "coordinates": [-100.162059, 48.072429]}},
    {"type": "Feature", "properties": {"name": "Ellisville Township", "minzoom": 11.9}, "geometry": {"type": "Point", "coordinates": [-103.461339, 48.495924]}},
    {"type": "Feature", "properties": {"name": "Ellsbury Township", "minzoom": 11.9}, "geometry": {"type": "Point", "coordinates": [-97.769402, 47.196454]}},
    {"type": "Feature", "properties": {"name": "Elma Township", "minzoom": 11.9}, "geometry": {"type": "Point", "coordinates": [-96.980851, 45.976032]}},
    {"type": "Feature", "properties": {"name": "Elmdale Township", "minzoom": 11.9}, "geometry": {"type": "Point", "coordinates": [-102.158074, 48.673829]}},
    {"type": "Feature", "properties": {"name": "Elm Grove Township", "minzoom": 11.9}, "geometry": {"type": "Point", "coordinates": [-97.688446, 47.976937]}},
    {"type": "Feature", "properties": {"name": "Elm River Township", "minzoom": 11.9}, "geometry": {"type": "Point", "coordinates": [-96.891314, 47.281269]}},
    {"type": "Feature", "properties": {"name": "Elms Township", "minzoom": 11.9}, "geometry": {"type": "Point", "coordinates": [-101.244703, 48.596380]}},
    {"type": "Feature", "properties": {"name": "Elm Township", "minzoom": 11.9}, "geometry": {"type": "Point", "coordinates": [-101.73451946190175, 46.41482169430076]}},
    {"type": "Feature", "properties": {"name": "Elm Tree Township", "minzoom": 11.9}, "geometry": {"type": "Point", "coordinates": [-102.903050, 48.087667]}},
    {"type": "Feature", "properties": {"name": "Elora Township", "minzoom": 11.9}, "geometry": {"type": "Point", "coordinates": [-97.600438, 48.586540]}},
    {"type": "Feature", "properties": {"name": "Elverum Township", "minzoom": 11.9}, "geometry": {"type": "Point", "coordinates": [-99.901876, 48.144440]}},
    {"type": "Feature", "properties": {"name": "Elysian Township", "minzoom": 11.9}, "geometry": {"type": "Point", "coordinates": [-100.591759, 48.668814]}},
    {"type": "Feature", "properties": {"name": "Empire Township", "minzoom": 11.9}, "geometry": {"type": "Point", "coordinates": [-97.377769, 47.014020]}},
    {"type": "Feature", "properties": {"name": "Enger Township", "minzoom": 11.9}, "geometry": {"type": "Point", "coordinates": [-97.524532, 47.547778]}},
    {"type": "Feature", "properties": {"name": "Ensign Township", "minzoom": 11.9}, "geometry": {"type": "Point", "coordinates": [-101.256516, 48.501911]}},
    {"type": "Feature", "properties": {"name": "Enterprise Township", "minzoom": 11.9}, "geometry": {"type": "Point", "coordinates": [-98.216792, 48.155070]}},
    {"type": "Feature", "properties": {"name": "Equality Township", "minzoom": 11.9}, "geometry": {"type": "Point", "coordinates": [-103.143531, 48.332937]}},
    {"type": "Feature", "properties": {"name": "Ervin Township", "minzoom": 11.9}, "geometry": {"type": "Point", "coordinates": [-97.037723, 47.548594]}},
    {"type": "Feature", "properties": {"name": "Estabrook Township", "minzoom": 11.9}, "geometry": {"type": "Point", "coordinates": [-99.070787, 47.545978]}},
    {"type": "Feature", "properties": {"name": "Estherville Township", "minzoom": 11.9}, "geometry": {"type": "Point", "coordinates": [-100.559057, 47.201007]}},
    {"type": "Feature", "properties": {"name": "Eureka Township", "minzoom": 11.9}, "geometry": {"type": "Point", "coordinates": [-101.337501, 48.328201]}},
    {"type": "Feature", "properties": {"name": "Evergreen Township", "minzoom": 11.9}, "geometry": {"type": "Point", "coordinates": [-101.848749, 48.233809]}},
    {"type": "Feature", "properties": {"name": "Excelsior Township", "minzoom": 11.9}, "geometry": {"type": "Point", "coordinates": [-100.023237, 46.937521]}},
    {"type": "Feature", "properties": {"name": "Fairbanks Township", "minzoom": 11.9}, "geometry": {"type": "Point", "coordinates": [-101.944925, 48.770854]}},
    {"type": "Feature", "properties": {"name": "Fairville Township", "minzoom": 11.9}, "geometry": {"type": "Point", "coordinates": [-99.319445, 47.623788]}},
    {"type": "Feature", "properties": {"name": "Falconer Township", "minzoom": 11.9}, "geometry": {"type": "Point", "coordinates": [-97.077114, 47.984060]}},
    {"type": "Feature", "properties": {"name": "Falsen Township", "minzoom": 11.9}, "geometry": {"type": "Point", "coordinates": [-100.678258, 48.156073]}},
    {"type": "Feature", "properties": {"name": "Fancher Township", "minzoom": 11.9}, "geometry": {"type": "Point", "coordinates": [-98.514478, 48.412962]}},
    {"type": "Feature", "properties": {"name": "Farina Township", "minzoom": 11.9}, "geometry": {"type": "Point", "coordinates": [-102.510459, 46.415571]}},
    {"type": "Feature", "properties": {"name": "Farmvale Township", "minzoom": 11.9}, "geometry": {"type": "Point", "coordinates": [-103.017418, 48.245979]}},
    {"type": "Feature", "properties": {"name": "Fay Township", "minzoom": 11.9}, "geometry": {"type": "Point", "coordinates": [-102.730006, 48.847892]}},
    {"type": "Feature", "properties": {"name": "Felson Township", "minzoom": 11.9}, "geometry": {"type": "Point", "coordinates": [-97.622116, 48.945971]}},
    {"type": "Feature", "properties": {"name": "Ferry Township", "minzoom": 11.9}, "geometry": {"type": "Point", "coordinates": [-97.176811, 48.059133]}},
    {"type": "Feature", "properties": {"name": "Fertile Township", "minzoom": 11.9}, "geometry": {"type": "Point", "coordinates": [-102.19122959508312, 47.89281427163162]}},
    {"type": "Feature", "properties": {"name": "Fertile Valley Township", "minzoom": 11.9}, "geometry": {"type": "Point", "coordinates": [-103.917608, 48.670099]}},
    {"type": "Feature", "properties": {"name": "Field Township", "minzoom": 11.9}, "geometry": {"type": "Point", "coordinates": [-98.064626, 47.795572]}},
    {"type": "Feature", "properties": {"name": "Finn Township", "minzoom": 11.9}, "geometry": {"type": "Point", "coordinates": [-99.103020, 46.589964]}},
    {"type": "Feature", "properties": {"name": "Fischbein Township", "minzoom": 11.9}, "geometry": {"type": "Point", "coordinates": [-103.036535, 46.162279]}},
    {"type": "Feature", "properties": {"name": "Fisher Township", "minzoom": 11.9}, "geometry": {"type": "Point", "coordinates": [-101.685440, 46.245642]}},
    {"type": "Feature", "properties": {"name": "Flint Township", "minzoom": 11.9}, "geometry": {"type": "Point", "coordinates": [-99.235948, 46.949140]}},
    {"type": "Feature", "properties": {"name": "Florance Township", "minzoom": 11.9}, "geometry": {"type": "Point", "coordinates": [-98.681563, 47.536802]}},
    {"type": "Feature", "properties": {"name": "Florence Lake Township", "minzoom": 11.9}, "geometry": {"type": "Point", "coordinates": [-100.293696, 47.279227]}},
    {"type": "Feature", "properties": {"name": "Foothills Township", "minzoom": 11.9}, "geometry": {"type": "Point", "coordinates": [-102.602275, 48.761614]}},
    {"type": "Feature", "properties": {"name": "Forde Township", "minzoom": 11.9}, "geometry": {"type": "Point", "coordinates": [-98.468818, 47.723052]}},
    {"type": "Feature", "properties": {"name": "Forthun Township", "minzoom": 11.9}, "geometry": {"type": "Point", "coordinates": [-102.869671, 48.945558]}},
    {"type": "Feature", "properties": {"name": "Forward Township", "minzoom": 11.9}, "geometry": {"type": "Point", "coordinates": [-99.875901, 47.716087]}},
    {"type": "Feature", "properties": {"name": "Fram Township", "minzoom": 11.9}, "geometry": {"type": "Point", "coordinates": [-99.720077, 47.805447]}},
    {"type": "Feature", "properties": {"name": "Francis Township", "minzoom": 11.9}, "geometry": {"type": "Point", "coordinates": [-100.518334, 46.938859]}},
    {"type": "Feature", "properties": {"name": "Franklin Township", "minzoom": 11.9}, "geometry": {"type": "Point", "coordinates": [-97.910401, 47.535954]}},
    {"type": "Feature", "properties": {"name": "Frazier Township", "minzoom": 11.9}, "geometry": {"type": "Point", "coordinates": [-103.246018, 48.771185]}},
    {"type": "Feature", "properties": {"name": "Frederick Township", "minzoom": 11.9}, "geometry": {"type": "Point", "coordinates": [-103.331090, 48.683979]}},
    {"type": "Feature", "properties": {"name": "Freeborn Township", "minzoom": 11.9}, "geometry": {"type": "Point", "coordinates": [-98.618657, 47.799708]}},
    {"type": "Feature", "properties": {"name": "Freedom Township", "minzoom": 11.9}, "geometry": {"type": "Point", "coordinates": [-101.333576, 48.063698]}},
    {"type": "Feature", "properties": {"name": "Freeman Township", "minzoom": 11.9}, "geometry": {"type": "Point", "coordinates": [-97.217810, 46.412920]}},
    {"type": "Feature", "properties": {"name": "Fremont Township", "minzoom": 11.9}, "geometry": {"type": "Point", "coordinates": [-98.026713, 48.957096]}},
    {"type": "Feature", "properties": {"name": "Freshwater Township", "minzoom": 11.9}, "geometry": {"type": "Point", "coordinates": [-98.875897, 48.247198]}},
    {"type": "Feature", "properties": {"name": "Frettim Township", "minzoom": 11.9}, "geometry": {"type": "Point", "coordinates": [-99.686959, 47.194131]}},
    {"type": "Feature", "properties": {"name": "Garborg Township", "minzoom": 11.9}, "geometry": {"type": "Point", "coordinates": [-97.092507, 46.412706]}},
    {"type": "Feature", "properties": {"name": "Garfield Township", "minzoom": 11.9}, "geometry": {"type": "Point", "coordinates": [-97.408709, 47.628405]}},
    {"type": "Feature", "properties": {"name": "Garner Township", "minzoom": 11.9}, "geometry": {"type": "Point", "coordinates": [-103.793192, 46.763852]}},
    {"type": "Feature", "properties": {"name": "Garness Township", "minzoom": 11.9}, "geometry": {"type": "Point", "coordinates": [-102.530731, 48.597470]}},
    {"type": "Feature", "properties": {"name": "Garnet Township", "minzoom": 11.9}, "geometry": {"type": "Point", "coordinates": [-103.461253, 48.669724]}},
    {"type": "Feature", "properties": {"name": "Gasman Township", "minzoom": 11.9}, "geometry": {"type": "Point", "coordinates": [-101.292254, 47.986054]}},
    {"type": "Feature", "properties": {"name": "Gates Township", "minzoom": 11.9}, "geometry": {"type": "Point", "coordinates": [-99.083995, 47.804082]}},
    {"type": "Feature", "properties": {"name": "Gate Township", "minzoom": 11.9}, "geometry": {"type": "Point", "coordinates": [-101.798760, 47.798190]}},
    {"type": "Feature", "properties": {"name": "Gem Township", "minzoom": 11.9}, "geometry": {"type": "Point", "coordinates": [-103.419814, 46.073648]}},
    {"type": "Feature", "properties": {"name": "Gerber Township", "minzoom": 11.9}, "geometry": {"type": "Point", "coordinates": [-99.442872, 47.187874]}},
    {"type": "Feature", "properties": {"name": "Germania Township", "minzoom": 11.9}, "geometry": {"type": "Point", "coordinates": [-99.257982, 46.675105]}},
    {"type": "Feature", "properties": {"name": "German Township", "minzoom": 11.9}, "geometry": {"type": "Point", "coordinates": [-98.922493, 46.156786]}},
    {"type": "Feature", "properties": {"name": "Germantown Township", "minzoom": 11.9}, "geometry": {"type": "Point", "coordinates": [-99.447789, 47.623931]}},
    {"type": "Feature", "properties": {"name": "Gerrard Township", "minzoom": 11.9}, "geometry": {"type": "Point", "coordinates": [-99.288985, 48.590734]}},
    {"type": "Feature", "properties": {"name": "Getchell Township", "minzoom": 11.9}, "geometry": {"type": "Point", "coordinates": [-98.031442, 47.015317]}},
    {"type": "Feature", "properties": {"name": "Ghylin Township", "minzoom": 11.9}, "geometry": {"type": "Point", "coordinates": [-100.559283, 47.112656]}},
    {"type": "Feature", "properties": {"name": "Gibbs Township", "minzoom": 11.9}, "geometry": {"type": "Point", "coordinates": [-100.636969, 46.858129]}},
    {"type": "Feature", "properties": {"name": "Gill Township", "minzoom": 11.9}, "geometry": {"type": "Point", "coordinates": [-97.356306, 46.843247]}},
    {"type": "Feature", "properties": {"name": "Gilmore Township", "minzoom": 11.9}, "geometry": {"type": "Point", "coordinates": [-100.722523, 48.411278]}},
    {"type": "Feature", "properties": {"name": "Gilstrap Township", "minzoom": 11.9}, "geometry": {"type": "Point", "coordinates": [-102.308144, 45.987824]}},
    {"type": "Feature", "properties": {"name": "Glacier Township", "minzoom": 11.9}, "geometry": {"type": "Point", "coordinates": [-99.172785, 47.282161]}},
    {"type": "Feature", "properties": {"name": "Glendale Township", "minzoom": 11.9}, "geometry": {"type": "Point", "coordinates": [-99.709798, 46.597063]}},
    {"type": "Feature", "properties": {"name": "Glenila Township", "minzoom": 11.9}, "geometry": {"type": "Point", "coordinates": [-98.963324, 48.832189]}},
    {"type": "Feature", "properties": {"name": "Glenmore Township", "minzoom": 11.9}, "geometry": {"type": "Point", "coordinates": [-98.725003, 46.500403]}},
    {"type": "Feature", "properties": {"name": "Glen Township", "minzoom": 11.9}, "geometry": {"type": "Point", "coordinates": [-98.953320, 46.588078]}},
    {"type": "Feature", "properties": {"name": "Glenview Township", "minzoom": 11.9}, "geometry": {"type": "Point", "coordinates": [-100.840657, 47.014586]}},
    {"type": "Feature", "properties": {"name": "Glenwood Township", "minzoom": 11.9}, "geometry": {"type": "Point", "coordinates": [-97.600521, 48.499275]}},
    {"type": "Feature", "properties": {"name": "Golden Glen Township", "minzoom": 11.9}, "geometry": {"type": "Point", "coordinates": [-98.733664, 46.323193]}},
    {"type": "Feature", "properties": {"name": "Golden Lake Township", "minzoom": 11.9}, "geometry": {"type": "Point", "coordinates": [-97.649068, 47.538741]}},
    {"type": "Feature", "properties": {"name": "Golden Township", "minzoom": 11.9}, "geometry": {"type": "Point", "coordinates": [-97.853075, 48.411901]}},
    {"type": "Feature", "properties": {"name": "Goldfield Township", "minzoom": 11.9}, "geometry": {"type": "Point", "coordinates": [-103.183244, 45.988073]}},
    {"type": "Feature", "properties": {"name": "Good Luck Township", "minzoom": 11.9}, "geometry": {"type": "Point", "coordinates": [-103.852512, 48.496096]}},
    {"type": "Feature", "properties": {"name": "Gooseneck Township", "minzoom": 11.9}, "geometry": {"type": "Point", "coordinates": [-103.651852, 48.949658]}},
    {"type": "Feature", "properties": {"name": "Gordon Township", "minzoom": 11.9}, "geometry": {"type": "Point", "coordinates": [-98.653205, 48.681024]}},
    {"type": "Feature", "properties": {"name": "Grace Township", "minzoom": 11.9}, "geometry": {"type": "Point", "coordinates": [-97.688428, 47.801910]}},
    {"type": "Feature", "properties": {"name": "Graf Township", "minzoom": 11.9}, "geometry": {"type": "Point", "coordinates": [-99.506838, 46.673377]}},
    {"type": "Feature", "properties": {"name": "Grail Township", "minzoom": 11.9}, "geometry": {"type": "Point", "coordinates": [-102.841792, 47.804122]}},
    {"type": "Feature", "properties": {"name": "Grainbelt Township", "minzoom": 11.9}, "geometry": {"type": "Point", "coordinates": [-103.308195, 46.247471]}},
    {"type": "Feature", "properties": {"name": "Grainfield Township", "minzoom": 11.9}, "geometry": {"type": "Point", "coordinates": [-99.421484, 48.666559]}},
    {"type": "Feature", "properties": {"name": "Grandfield Township", "minzoom": 11.9}, "geometry": {"type": "Point", "coordinates": [-99.230327, 47.802941]}},
    {"type": "Feature", "properties": {"name": "Grand Prairie Township", "minzoom": 11.9}, "geometry": {"type": "Point", "coordinates": [-97.896712, 47.109684]}},
    {"type": "Feature", "properties": {"name": "Grand River Township", "minzoom": 11.9}, "geometry": {"type": "Point", "coordinates": [-103.561415, 45.996181]}},
    {"type": "Feature", "properties": {"name": "Grand Valley Township", "minzoom": 11.9}, "geometry": {"type": "Point", "coordinates": [-98.818496, 46.069234]}},
    {"type": "Feature", "properties": {"name": "Grandview Township", "minzoom": 11.9}, "geometry": {"type": "Point", "coordinates": [-98.337734, 46.503868]}},
    {"type": "Feature", "properties": {"name": "Grass Lake Township", "minzoom": 11.9}, "geometry": {"type": "Point", "coordinates": [-100.675088, 47.204041]}},
    {"type": "Feature", "properties": {"name": "Grassland Township", "minzoom": 11.9}, "geometry": {"type": "Point", "coordinates": [-101.625466, 48.683748]}},
    {"type": "Feature", "properties": {"name": "Gray Township", "minzoom": 11.9}, "geometry": {"type": "Point", "coordinates": [-98.522673, 47.118150]}},
    {"type": "Feature", "properties": {"name": "Greatstone Township", "minzoom": 11.9}, "geometry": {"type": "Point", "coordinates": [-101.056823, 47.710905]}},
    {"type": "Feature", "properties": {"name": "Greely Township", "minzoom": 11.9}, "geometry": {"type": "Point", "coordinates": [-101.028456, 47.888085]}},
    {"type": "Feature", "properties": {"name": "Greenbush Township", "minzoom": 11.9}, "geometry": {"type": "Point", "coordinates": [-101.907907, 48.589999]}},
    {"type": "Feature", "properties": {"name": "Greendale Township", "minzoom": 11.9}, "geometry": {"type": "Point", "coordinates": [-96.830406, 45.971942]}},
    {"type": "Feature", "properties": {"name": "Greenland Township", "minzoom": 11.9}, "geometry": {"type": "Point", "coordinates": [-98.375846, 46.674716]}},
    {"type": "Feature", "properties": {"name": "Green Township", "minzoom": 11.9}, "geometry": {"type": "Point", "coordinates": [-98.112755, 46.841410]}},
    {"type": "Feature", "properties": {"name": "Greenview Township", "minzoom": 11.9}, "geometry": {"type": "Point", "coordinates": [-97.910531, 47.460338]}},
    {"type": "Feature", "properties": {"name": "Greenville Township", "minzoom": 11.9}, "geometry": {"type": "Point", "coordinates": [-98.086495, 46.420235]}},
    {"type": "Feature", "properties": {"name": "Grey Township", "minzoom": 11.9}, "geometry": {"type": "Point", "coordinates": [-98.791771, 48.842876]}},
    {"type": "Feature", "properties": {"name": "Grilley Township", "minzoom": 11.9}, "geometry": {"type": "Point", "coordinates": [-100.984442, 48.509585]}},
    {"type": "Feature", "properties": {"name": "Grover Township", "minzoom": 11.9}, "geometry": {"type": "Point", "coordinates": [-101.819084, 48.853751]}},
    {"type": "Feature", "properties": {"name": "Gunkel Township", "minzoom": 11.9}, "geometry": {"type": "Point", "coordinates": [-97.133541, 47.108252]}},
    {"type": "Feature", "properties": {"name": "Gutschmidt Township", "minzoom": 11.9}, "geometry": {"type": "Point", "coordinates": [-99.106908, 46.507858]}},
    {"type": "Feature", "properties": {"name": "Haag Township", "minzoom": 11.9}, "geometry": {"type": "Point", "coordinates": [-99.100267, 46.326595]}},
    {"type": "Feature", "properties": {"name": "Haaland Township", "minzoom": 11.9}, "geometry": {"type": "Point", "coordinates": [-99.703377, 47.450335]}},
    {"type": "Feature", "properties": {"name": "Hagel Township", "minzoom": 11.9}, "geometry": {"type": "Point", "coordinates": [-99.866122, 47.883593]}},
    {"type": "Feature", "properties": {"name": "Hall Township", "minzoom": 11.9}, "geometry": {"type": "Point", "coordinates": [-97.332225, 46.246005]}},
    {"type": "Feature", "properties": {"name": "Hamburg Township", "minzoom": 11.9}, "geometry": {"type": "Point", "coordinates": [-99.48989567007513, 47.719097930432646]}},
    {"type": "Feature", "properties": {"name": "Hamerly Township", "minzoom": 11.9}, "geometry": {"type": "Point", "coordinates": [-101.693424, 48.850276]}},
    {"type": "Feature", "properties": {"name": "Hammer Township", "minzoom": 11.9}, "geometry": {"type": "Point", "coordinates": [-98.905957, 48.406612]}},
    {"type": "Feature", "properties": {"name": "Hanson Township", "minzoom": 11.9}, "geometry": {"type": "Point", "coordinates": [-97.955633, 46.416419]}},
    {"type": "Feature", "properties": {"name": "Haram Township", "minzoom": 11.9}, "geometry": {"type": "Point", "coordinates": [-100.632818, 48.945466]}},
    {"type": "Feature", "properties": {"name": "Harding Township", "minzoom": 11.9}, "geometry": {"type": "Point", "coordinates": [-98.735376, 48.332508]}},
    {"type": "Feature", "properties": {"name": "Hardscrabble Township", "minzoom": 11.9}, "geometry": {"type": "Point", "coordinates": [-103.943279, 48.071097]}},
    {"type": "Feature", "properties": {"name": "Harlem Township", "minzoom": 11.9}, "geometry": {"type": "Point", "coordinates": [-97.811391, 46.152653]}},
    {"type": "Feature", "properties": {"name": "Harmonious Township", "minzoom": 11.9}, "geometry": {"type": "Point", "coordinates": [-102.890519, 48.771240]}},
    {"type": "Feature", "properties": {"name": "Harmony Township", "minzoom": 11.9}, "geometry": {"type": "Point", "coordinates": [-97.127136, 46.941011]}},
    {"type": "Feature", "properties": {"name": "Harper Township", "minzoom": 11.9}, "geometry": {"type": "Point", "coordinates": [-103.605754, 46.410454]}},
    {"type": "Feature", "properties": {"name": "Harriet-Lien Township", "minzoom": 11.9}, "geometry": {"type": "Point", "coordinates": [-100.187816, 47.075347]}},
    {"type": "Feature", "properties": {"name": "Harrison Township", "minzoom": 11.9}, "geometry": {"type": "Point", "coordinates": [-101.359321, 48.242550]}},
    {"type": "Feature", "properties": {"name": "Harriston Township", "minzoom": 11.9}, "geometry": {"type": "Point", "coordinates": [-97.317118, 48.326310]}},
    {"type": "Feature", "properties": {"name": "Haven Township", "minzoom": 11.9}, "geometry": {"type": "Point", "coordinates": [-98.830279, 47.449995]}},
    {"type": "Feature", "properties": {"name": "Hawksnest Township", "minzoom": 11.9}, "geometry": {"type": "Point", "coordinates": [-99.320442, 47.374286]}},
    {"type": "Feature", "properties": {"name": "Hay Creek Township", "minzoom": 11.9}, "geometry": {"type": "Point", "coordinates": [-100.798273, 46.870395]}},
    {"type": "Feature", "properties": {"name": "Hayland Township", "minzoom": 11.9}, "geometry": {"type": "Point", "coordinates": [-103.077445, 48.689023]}},
    {"type": "Feature", "properties": {"name": "Hay Township", "minzoom": 11.9}, "geometry": {"type": "Point", "coordinates": [-98.145712, 48.760758]}},
    {"type": "Feature", "properties": {"name": "Hazel Grove Township", "minzoom": 11.9}, "geometry": {"type": "Point", "coordinates": [-100.175186, 47.296127]}},
    {"type": "Feature", "properties": {"name": "Hazel Township", "minzoom": 11.9}, "geometry": {"type": "Point", "coordinates": [-103.222091, 48.590857]}},
    {"type": "Feature", "properties": {"name": "Hegton Township", "minzoom": 11.9}, "geometry": {"type": "Point", "coordinates": [-97.560168, 47.983184]}},
    {"type": "Feature", "properties": {"name": "Helena Township", "minzoom": 11.9}, "geometry": {"type": "Point", "coordinates": [-98.320293, 47.375527]}},
    {"type": "Feature", "properties": {"name": "Helendale Township", "minzoom": 11.9}, "geometry": {"type": "Point", "coordinates": [-97.208619, 46.579655]}},
    {"type": "Feature", "properties": {"name": "Hemen Township", "minzoom": 11.9}, "geometry": {"type": "Point", "coordinates": [-98.258532, 46.847020]}},
    {"type": "Feature", "properties": {"name": "Henderson Township", "minzoom": 11.9}, "geometry": {"type": "Point", "coordinates": [-98.780080, 48.682551]}},
    {"type": "Feature", "properties": {"name": "Hendrickson Township", "minzoom": 11.9}, "geometry": {"type": "Point", "coordinates": [-100.829689, 48.159002]}},
    {"type": "Feature", "properties": {"name": "Henrietta Township", "minzoom": 11.9}, "geometry": {"type": "Point", "coordinates": [-98.466085, 46.417388]}},
    {"type": "Feature", "properties": {"name": "Henry Township", "minzoom": 11.9}, "geometry": {"type": "Point", "coordinates": [-103.989164, 47.233788]}},
    {"type": "Feature", "properties": {"name": "Herberg Township", "minzoom": 11.9}, "geometry": {"type": "Point", "coordinates": [-96.910231, 47.360274]}},
    {"type": "Feature", "properties": {"name": "Herman Township", "minzoom": 11.9}, "geometry": {"type": "Point", "coordinates": [-97.323288, 46.157251]}},
    {"type": "Feature", "properties": {"name": "Hidden Township", "minzoom": 11.9}, "geometry": {"type": "Point", "coordinates": [-98.918706, 47.034318]}},
    {"type": "Feature", "properties": {"name": "Hiddenwood Township", "minzoom": 11.9}, "geometry": {"type": "Point", "coordinates": [-101.796935, 47.898476]}},
    {"type": "Feature", "properties": {"name": "Highland Center Township", "minzoom": 11.9}, "geometry": {"type": "Point", "coordinates": [-98.372819, 48.505054]}},
    {"type": "Feature", "properties": {"name": "Highland Township", "minzoom": 11.9}, "geometry": {"type": "Point", "coordinates": [-97.48899078640099, 46.67345774959344]}},
    {"type": "Feature", "properties": {"name": "Hillsdale Township", "minzoom": 11.9}, "geometry": {"type": "Point", "coordinates": [-100.00408456894382, 47.8056012125028]}},
    {"type": "Feature", "properties": {"name": "Hill Township", "minzoom": 11.9}, "geometry": {"type": "Point", "coordinates": [-97.618836, 46.847245]}},
    {"type": "Feature", "properties": {"name": "Hilton Township", "minzoom": 11.9}, "geometry": {"type": "Point", "coordinates": [-101.433080, 47.985824]}},
    {"type": "Feature", "properties": {"name": "Hobart Township", "minzoom": 11.9}, "geometry": {"type": "Point", "coordinates": [-98.117259, 46.936461]}},
    {"type": "Feature", "properties": {"name": "Hoffman Township", "minzoom": 11.9}, "geometry": {"type": "Point", "coordinates": [-101.417256, 48.845094]}},
    {"type": "Feature", "properties": {"name": "Homen Township", "minzoom": 11.9}, "geometry": {"type": "Point", "coordinates": [-100.271717, 48.943035]}},
    {"type": "Feature", "properties": {"name": "Homestead Township", "minzoom": 11.9}, "geometry": {"type": "Point", "coordinates": [-97.092439, 46.325787]}},
    {"type": "Feature", "properties": {"name": "Horseshoe Valley Township", "minzoom": 11.9}, "geometry": {"type": "Point", "coordinates": [-100.883978, 47.735178]}},
    {"type": "Feature", "properties": {"name": "Howell Township", "minzoom": 11.9}, "geometry": {"type": "Point", "coordinates": [-99.335346, 48.764896]}},
    {"type": "Feature", "properties": {"name": "Howes Township", "minzoom": 11.9}, "geometry": {"type": "Point", "coordinates": [-97.482350, 46.854076]}},
    {"type": "Feature", "properties": {"name": "Howe Township", "minzoom": 11.9}, "geometry": {"type": "Point", "coordinates": [-101.798896, 46.088063]}},
    {"type": "Feature", "properties": {"name": "Howie Township", "minzoom": 11.9}, "geometry": {"type": "Point", "coordinates": [-102.432869, 47.898456]}},
    {"type": "Feature", "properties": {"name": "Hudson Township", "minzoom": 11.9}, "geometry": {"type": "Point", "coordinates": [-98.194385, 46.073544]}},
    {"type": "Feature", "properties": {"name": "Hughes Township", "minzoom": 11.9}, "geometry": {"type": "Point", "coordinates": [-103.876868, 46.327515]}},
    {"type": "Feature", "properties": {"name": "Hugo Township", "minzoom": 11.9}, "geometry": {"type": "Point", "coordinates": [-97.665625, 47.368795]}},
    {"type": "Feature", "properties": {"name": "Hume Township", "minzoom": 11.9}, "geometry": {"type": "Point", "coordinates": [-103.113363, 46.410227]}},
    {"type": "Feature", "properties": {"name": "Hurley Township", "minzoom": 11.9}, "geometry": {"type": "Point", "coordinates": [-101.549308, 48.844208]}},
    {"type": "Feature", "properties": {"name": "Huron Township", "minzoom": 11.9}, "geometry": {"type": "Point", "coordinates": [-98.794365, 48.765861]}},
    {"type": "Feature", "properties": {"name": "Ibsen Township", "minzoom": 11.9}, "geometry": {"type": "Point", "coordinates": [-96.841226, 46.325995]}},
    {"type": "Feature", "properties": {"name": "Idaho Township", "minzoom": 11.9}, "geometry": {"type": "Point", "coordinates": [-102.369734, 48.329097]}},
    {"type": "Feature", "properties": {"name": "Illinois Township", "minzoom": 11.9}, "geometry": {"type": "Point", "coordinates": [-98.466110, 47.980183]}},
    {"type": "Feature", "properties": {"name": "Impark Township", "minzoom": 11.9}, "geometry": {"type": "Point", "coordinates": [-99.790245, 48.142019]}},
    {"type": "Feature", "properties": {"name": "Iosco Township", "minzoom": 11.9}, "geometry": {"type": "Point", "coordinates": [-99.287270, 47.044255]}},
    {"type": "Feature", "properties": {"name": "Iota Flat Township", "minzoom": 11.9}, "geometry": {"type": "Point", "coordinates": [-101.157027, 47.884289]}},
    {"type": "Feature", "properties": {"name": "Iowa Township", "minzoom": 11.9}, "geometry": {"type": "Point", "coordinates": [-99.789896, 48.250829]}},
    {"type": "Feature", "properties": {"name": "Irvine Township", "minzoom": 11.9}, "geometry": {"type": "Point", "coordinates": [-99.255030, 48.332679]}},
    {"type": "Feature", "properties": {"name": "Island Park Township", "minzoom": 11.9}, "geometry": {"type": "Point", "coordinates": [-97.731546, 46.407660]}},
    {"type": "Feature", "properties": {"name": "Isley Township", "minzoom": 11.9}, "geometry": {"type": "Point", "coordinates": [-97.961633, 46.333228]}},
    {"type": "Feature", "properties": {"name": "Ivanhoe Township", "minzoom": 11.9}, "geometry": {"type": "Point", "coordinates": [-101.777552, 48.589900]}},
    {"type": "Feature", "properties": {"name": "Jackson Township", "minzoom": 11.9}, "geometry": {"type": "Point", "coordinates": [-97.945530, 46.066276]}},
    {"type": "Feature", "properties": {"name": "James Hill Township", "minzoom": 11.9}, "geometry": {"type": "Point", "coordinates": [-102.429934, 48.423125]}},
    {"type": "Feature", "properties": {"name": "James River Valley Township", "minzoom": 11.9}, "geometry": {"type": "Point", "coordinates": [-98.188329, 46.246641]}},
    {"type": "Feature", "properties": {"name": "Janke Township", "minzoom": 11.9}, "geometry": {"type": "Point", "coordinates": [-99.131701, 46.415512]}},
    {"type": "Feature", "properties": {"name": "Jefferson Township", "minzoom": 11.9}, "geometry": {"type": "Point", "coordinates": [-100.182370, 48.232149]}},
    {"type": "Feature", "properties": {"name": "Jim River Valley Township", "minzoom": 11.9}, "geometry": {"type": "Point", "coordinates": [-98.778478, 47.112388]}},
    {"type": "Feature", "properties": {"name": "Kandiyohi Township", "minzoom": 11.9}, "geometry": {"type": "Point", "coordinates": [-102.319674, 48.583099]}},
    {"type": "Feature", "properties": {"name": "Kane Township", "minzoom": 11.9}, "geometry": {"type": "Point", "coordinates": [-100.917243, 48.755714]}},
    {"type": "Feature", "properties": {"name": "Keller Township", "minzoom": 11.9}, "geometry": {"type": "Point", "coordinates": [-102.872177, 48.850211]}},
    {"type": "Feature", "properties": {"name": "Kennedy Township", "minzoom": 11.9}, "geometry": {"type": "Point", "coordinates": [-102.871922, 46.330491]}},
    {"type": "Feature", "properties": {"name": "Kennison Township", "minzoom": 11.9}, "geometry": {"type": "Point", "coordinates": [-98.714723, 46.580123]}},
    {"type": "Feature", "properties": {"name": "Kensington Township", "minzoom": 11.9}, "geometry": {"type": "Point", "coordinates": [-97.721640, 48.416067]}},
    {"type": "Feature", "properties": {"name": "Kentner Township", "minzoom": 11.9}, "geometry": {"type": "Point", "coordinates": [-98.431761, 46.070600]}},
    {"type": "Feature", "properties": {"name": "Kent Township", "minzoom": 11.9}, "geometry": {"type": "Point", "coordinates": [-98.317906, 46.073475]}},
    {"type": "Feature", "properties": {"name": "Kern Township", "minzoom": 11.9}, "geometry": {"type": "Point", "coordinates": [-102.299734, 46.234600]}},
    {"type": "Feature", "properties": {"name": "Keystone Township", "minzoom": 11.9}, "geometry": {"type": "Point", "coordinates": [-98.566732, 46.155029]}},
    {"type": "Feature", "properties": {"name": "Kickapoo Township", "minzoom": 11.9}, "geometry": {"type": "Point", "coordinates": [-102.009372, 48.237425]}},
    {"type": "Feature", "properties": {"name": "Kingsley Township", "minzoom": 11.9}, "geometry": {"type": "Point", "coordinates": [-98.435797, 47.456928]}},
    {"type": "Feature", "properties": {"name": "Kingston Township", "minzoom": 11.9}, "geometry": {"type": "Point", "coordinates": [-97.310097, 46.057775]}},
    {"type": "Feature", "properties": {"name": "Kinloss Township", "minzoom": 11.9}, "geometry": {"type": "Point", "coordinates": [-98.266561, 48.504520]}},
    {"type": "Feature", "properties": {"name": "Kinyon Township", "minzoom": 11.9}, "geometry": {"type": "Point", "coordinates": [-97.006279, 47.195064]}},
    {"type": "Feature", "properties": {"name": "Kirkelie Township", "minzoom": 11.9}, "geometry": {"type": "Point", "coordinates": [-101.476236, 48.325754]}},
    {"type": "Feature", "properties": {"name": "Klingstrup Township", "minzoom": 11.9}, "geometry": {"type": "Point", "coordinates": [-98.905402, 48.500605]}},
    {"type": "Feature", "properties": {"name": "Kohlmeier Township", "minzoom": 11.9}, "geometry": {"type": "Point", "coordinates": [-100.070089, 48.682919]}},
    {"type": "Feature", "properties": {"name": "Kottke Valley Township", "minzoom": 11.9}, "geometry": {"type": "Point", "coordinates": [-100.950435, 48.327400]}},
    {"type": "Feature", "properties": {"name": "Kunze Township", "minzoom": 11.9}, "geometry": {"type": "Point", "coordinates": [-102.868980, 46.584716]}},
    {"type": "Feature", "properties": {"name": "Ladd Township", "minzoom": 11.9}, "geometry": {"type": "Point", "coordinates": [-103.442141, 45.981625]}},
    {"type": "Feature", "properties": {"name": "Lake George Township", "minzoom": 11.9}, "geometry": {"type": "Point", "coordinates": [-100.420501, 48.058477]}},
    {"type": "Feature", "properties": {"name": "Lake Hester Township", "minzoom": 11.9}, "geometry": {"type": "Point", "coordinates": [-100.701650, 48.058731]}},
    {"type": "Feature", "properties": {"name": "Lake Ibsen Township", "minzoom": 11.9}, "geometry": {"type": "Point", "coordinates": [-99.386086, 48.240571]}},
    {"type": "Feature", "properties": {"name": "Lake Township", "minzoom": 11.9}, "geometry": {"type": "Point", "coordinates": [-97.638166, 47.100943]}},
    {"type": "Feature", "properties": {"name": "Lake Town Township", "minzoom": 11.9}, "geometry": {"type": "Point", "coordinates": [-98.278848, 47.204534]}},
    {"type": "Feature", "properties": {"name": "Lakeview Township", "minzoom": 11.9}, "geometry": {"type": "Point", "coordinates": [-102.059673, 48.873809]}},
    {"type": "Feature", "properties": {"name": "Lakeville Township", "minzoom": 11.9}, "geometry": {"type": "Point", "coordinates": [-97.330478, 48.070445]}},
    {"type": "Feature", "properties": {"name": "Lake Washington Township", "minzoom": 11.9}, "geometry": {"type": "Point", "coordinates": [-98.741656, 47.703618]}},
    {"type": "Feature", "properties": {"name": "LaMars Township", "minzoom": 11.9}, "geometry": {"type": "Point", "coordinates": [-96.701054, 45.979085]}},
    {"type": "Feature", "properties": {"name": "La Moure Township", "minzoom": 11.9}, "geometry": {"type": "Point", "coordinates": [-97.894673, 48.854886]}},
    {"type": "Feature", "properties": {"name": "Lampton Township", "minzoom": 11.9}, "geometry": {"type": "Point", "coordinates": [-97.851202, 48.506854]}},
    {"type": "Feature", "properties": {"name": "Land Township", "minzoom": 11.9}, "geometry": {"type": "Point", "coordinates": [-100.531606, 47.898396]}},
    {"type": "Feature", "properties": {"name": "Langberg Township", "minzoom": 11.9}, "geometry": {"type": "Point", "coordinates": [-103.679037, 45.994086]}},
    {"type": "Feature", "properties": {"name": "Lansing Township", "minzoom": 11.9}, "geometry": {"type": "Point", "coordinates": [-99.077384, 48.855345]}},
    {"type": "Feature", "properties": {"name": "Larrabee Township", "minzoom": 11.9}, "geometry": {"type": "Point", "coordinates": [-98.808823, 47.536768]}},
    {"type": "Feature", "properties": {"name": "Latona Township", "minzoom": 11.9}, "geometry": {"type": "Point", "coordinates": [-98.087311, 48.332263]}},
    {"type": "Feature", "properties": {"name": "Layton Township", "minzoom": 11.9}, "geometry": {"type": "Point", "coordinates": [-100.731160, 48.503848]}},
    {"type": "Feature", "properties": {"name": "Leaf Mountain Township", "minzoom": 11.9}, "geometry": {"type": "Point", "coordinates": [-102.754382, 48.756803]}},
    {"type": "Feature", "properties": {"name": "Lebanon Township", "minzoom": 11.9}, "geometry": {"type": "Point", "coordinates": [-100.809781, 48.058771]}},
    {"type": "Feature", "properties": {"name": "Lee Township", "minzoom": 11.9}, "geometry": {"type": "Point", "coordinates": [-98.076194, 47.715492]}},
    {"type": "Feature", "properties": {"name": "Leipzig Township", "minzoom": 11.9}, "geometry": {"type": "Point", "coordinates": [-101.850774, 46.508641]}},
    {"type": "Feature", "properties": {"name": "Lenora Township", "minzoom": 11.9}, "geometry": {"type": "Point", "coordinates": [-98.047760, 47.629472]}},
    {"type": "Feature", "properties": {"name": "Lenton Township", "minzoom": 11.9}, "geometry": {"type": "Point", "coordinates": [-98.885230, 46.763062]}},
    {"type": "Feature", "properties": {"name": "Leval Township", "minzoom": 11.9}, "geometry": {"type": "Point", "coordinates": [-98.461717, 47.889716]}},
    {"type": "Feature", "properties": {"name": "Levant Township", "minzoom": 11.9}, "geometry": {"type": "Point", "coordinates": [-97.319393, 48.150883]}},
    {"type": "Feature", "properties": {"name": "Lewis Township", "minzoom": 11.9}, "geometry": {"type": "Point", "coordinates": [-101.124798, 48.676017]}},
    {"type": "Feature", "properties": {"name": "Liberty Grove Township", "minzoom": 11.9}, "geometry": {"type": "Point", "coordinates": [-97.063343, 46.145505]}},
    {"type": "Feature", "properties": {"name": "Liberty Township", "minzoom": 11.9}, "geometry": {"type": "Point", "coordinates": [-102.2951116798499, 47.8953950568184]}},
    {"type": "Feature", "properties": {"name": "Lightning Creek Township", "minzoom": 11.9}, "geometry": {"type": "Point", "coordinates": [-102.933144, 45.988569]}},
    {"type": "Feature", "properties": {"name": "Lillehoff Township", "minzoom": 11.9}, "geometry": {"type": "Point", "coordinates": [-98.357284, 48.245066]}},
    {"type": "Feature", "properties": {"name": "Lincoln Dale Township", "minzoom": 11.9}, "geometry": {"type": "Point", "coordinates": [-100.351011, 47.630821]}},
    {"type": "Feature", "properties": {"name": "Lindaas Township", "minzoom": 11.9}, "geometry": {"type": "Point", "coordinates": [-97.281677, 47.542410]}},
    {"type": "Feature", "properties": {"name": "Lindahl Township", "minzoom": 11.9}, "geometry": {"type": "Point", "coordinates": [-102.962421, 48.481159]}},
    {"type": "Feature", "properties": {"name": "Linden Township", "minzoom": 11.9}, "geometry": {"type": "Point", "coordinates": [-98.666560, 48.945472]}},
    {"type": "Feature", "properties": {"name": "Lind Township", "minzoom": 11.9}, "geometry": {"type": "Point", "coordinates": [-97.688858, 47.715442]}},
    {"type": "Feature", "properties": {"name": "Lippert Township", "minzoom": 11.9}, "geometry": {"type": "Point", "coordinates": [-98.872523, 46.856767]}},
    {"type": "Feature", "properties": {"name": "Little Deep Township", "minzoom": 11.9}, "geometry": {"type": "Point", "coordinates": [-100.852635, 48.509431]}},
    {"type": "Feature", "properties": {"name": "Loam Township", "minzoom": 11.9}, "geometry": {"type": "Point", "coordinates": [-98.155189, 48.854393]}},
    {"type": "Feature", "properties": {"name": "Lockwood Township", "minzoom": 11.9}, "geometry": {"type": "Point", "coordinates": [-101.507167, 48.596951]}},
    {"type": "Feature", "properties": {"name": "Lodema Township", "minzoom": 11.9}, "geometry": {"type": "Point", "coordinates": [-97.600731, 48.673884]}},
    {"type": "Feature", "properties": {"name": "Lohnes Township", "minzoom": 11.9}, "geometry": {"type": "Point", "coordinates": [-98.705852, 47.956329]}},
    {"type": "Feature", "properties": {"name": "Lone Tree Township", "minzoom": 11.9}, "geometry": {"type": "Point", "coordinates": [-103.951491, 46.713111]}},
    {"type": "Feature", "properties": {"name": "Long Creek Township", "minzoom": 11.9}, "geometry": {"type": "Point", "coordinates": [-103.126212, 48.944096]}},
    {"type": "Feature", "properties": {"name": "Longfellow Township", "minzoom": 11.9}, "geometry": {"type": "Point", "coordinates": [-101.254669, 47.451742]}},
    {"type": "Feature", "properties": {"name": "Long Lake Township", "minzoom": 11.9}, "geometry": {"type": "Point", "coordinates": [-100.275198, 46.671655]}},
    {"type": "Feature", "properties": {"name": "Longview Township", "minzoom": 11.9}, "geometry": {"type": "Point", "coordinates": [-99.207755, 47.365433]}},
    {"type": "Feature", "properties": {"name": "Loquemont Township", "minzoom": 11.9}, "geometry": {"type": "Point", "coordinates": [-102.075634, 47.710140]}},
    {"type": "Feature", "properties": {"name": "Lordsburg Township", "minzoom": 11.9}, "geometry": {"type": "Point", "coordinates": [-100.228663, 48.769624]}},
    {"type": "Feature", "properties": {"name": "Loretta Township", "minzoom": 11.9}, "geometry": {"type": "Point", "coordinates": [-97.817996, 47.715705]}},
    {"type": "Feature", "properties": {"name": "Lorraine Township", "minzoom": 11.9}, "geometry": {"type": "Point", "coordinates": [-98.824337, 45.986327]}},
    {"type": "Feature", "properties": {"name": "Lovell Township", "minzoom": 11.9}, "geometry": {"type": "Point", "coordinates": [-98.080806, 45.979477]}},
    {"type": "Feature", "properties": {"name": "Lowery Township", "minzoom": 11.9}, "geometry": {"type": "Point", "coordinates": [-99.424886, 47.285621]}},
    {"type": "Feature", "properties": {"name": "Lowland Township", "minzoom": 11.9}, "geometry": {"type": "Point", "coordinates": [-102.025237, 48.506983]}},
    {"type": "Feature", "properties": {"name": "Lucy Township", "minzoom": 11.9}, "geometry": {"type": "Point", "coordinates": [-102.549425, 48.690915]}},
    {"type": "Feature", "properties": {"name": "Lund Township", "minzoom": 11.9}, "geometry": {"type": "Point", "coordinates": [-101.846052, 48.059167]}},
    {"type": "Feature", "properties": {"name": "Lynn Township", "minzoom": 11.9}, "geometry": {"type": "Point", "coordinates": [-99.979621, 47.370988]}},
    {"type": "Feature", "properties": {"name": "Lyon Township", "minzoom": 11.9}, "geometry": {"type": "Point", "coordinates": [-98.784930, 47.195251]}},
    {"type": "Feature", "properties": {"name": "Mabel Township", "minzoom": 11.9}, "geometry": {"type": "Point", "coordinates": [-98.447327, 47.379473]}},
    {"type": "Feature", "properties": {"name": "Madison Township", "minzoom": 11.9}, "geometry": {"type": "Point", "coordinates": [-102.487125, 46.586935]}},
    {"type": "Feature", "properties": {"name": "Maine Township", "minzoom": 11.9}, "geometry": {"type": "Point", "coordinates": [-102.559556, 46.244371]}},
    {"type": "Feature", "properties": {"name": "Malcolm Township", "minzoom": 11.9}, "geometry": {"type": "Point", "coordinates": [-101.110332, 47.625122]}},
    {"type": "Feature", "properties": {"name": "Manilla Township", "minzoom": 11.9}, "geometry": {"type": "Point", "coordinates": [-98.277274, 48.761426]}},
    {"type": "Feature", "properties": {"name": "Manns Township", "minzoom": 11.9}, "geometry": {"type": "Point", "coordinates": [-98.492488, 46.667305]}},
    {"type": "Feature", "properties": {"name": "Mansfield Township", "minzoom": 11.9}, "geometry": {"type": "Point", "coordinates": [-98.385958, 46.856369]}},
    {"type": "Feature", "properties": {"name": "Maple River Township", "minzoom": 11.9}, "geometry": {"type": "Point", "coordinates": [-97.239523, 46.760708]}},
    {"type": "Feature", "properties": {"name": "Maple Township", "minzoom": 11.9}, "geometry": {"type": "Point", "coordinates": [-98.452348, 46.147178]}},
    {"type": "Feature", "properties": {"name": "Marboe Township", "minzoom": 11.9}, "geometry": {"type": "Point", "coordinates": [-97.302467, 45.971178]}},
    {"type": "Feature", "properties": {"name": "Margaret Township", "minzoom": 11.9}, "geometry": {"type": "Point", "coordinates": [-101.114324, 48.407747]}},
    {"type": "Feature", "properties": {"name": "Marsh Township", "minzoom": 11.9}, "geometry": {"type": "Point", "coordinates": [-97.996901, 46.847984]}},
    {"type": "Feature", "properties": {"name": "Marstonmoor Township", "minzoom": 11.9}, "geometry": {"type": "Point", "coordinates": [-99.407828, 47.115985]}},
    {"type": "Feature", "properties": {"name": "Maryland Township", "minzoom": 11.9}, "geometry": {"type": "Point", "coordinates": [-101.068522, 48.334289]}},
    {"type": "Feature", "properties": {"name": "Maryville Township", "minzoom": 11.9}, "geometry": {"type": "Point", "coordinates": [-99.712103, 48.754735]}},
    {"type": "Feature", "properties": {"name": "Mauch Township", "minzoom": 11.9}, "geometry": {"type": "Point", "coordinates": [-100.097616, 47.374121]}},
    {"type": "Feature", "properties": {"name": "Mayland Township", "minzoom": 11.9}, "geometry": {"type": "Point", "coordinates": [-101.647093, 48.415619]}},
    {"type": "Feature", "properties": {"name": "McAlmond Township", "minzoom": 11.9}, "geometry": {"type": "Point", "coordinates": [-102.105846, 48.247662]}},
    {"type": "Feature", "properties": {"name": "McClellan Township", "minzoom": 11.9}, "geometry": {"type": "Point", "coordinates": [-99.395686, 48.151192]}},
    {"type": "Feature", "properties": {"name": "McGahan Township", "minzoom": 11.9}, "geometry": {"type": "Point", "coordinates": [-102.104144, 48.331776]}},
    {"type": "Feature", "properties": {"name": "McGinnis Township", "minzoom": 11.9}, "geometry": {"type": "Point", "coordinates": [-101.411086, 47.724928]}},
    {"type": "Feature", "properties": {"name": "McKinley Township", "minzoom": 11.9}, "geometry": {"type": "Point", "coordinates": [-101.199844, 48.331322]}},
    {"type": "Feature", "properties": {"name": "McKinney Township", "minzoom": 11.9}, "geometry": {"type": "Point", "coordinates": [-101.819319, 48.767216]}},
    {"type": "Feature", "properties": {"name": "McKinnon Township", "minzoom": 11.9}, "geometry": {"type": "Point", "coordinates": [-98.701941, 47.377328]}},
    {"type": "Feature", "properties": {"name": "Meadow Lake Township", "minzoom": 11.9}, "geometry": {"type": "Point", "coordinates": [-98.353523, 46.761465]}},
    {"type": "Feature", "properties": {"name": "Meadow Township", "minzoom": 11.9}, "geometry": {"type": "Point", "coordinates": [-100.728023, 48.596476]}},
    {"type": "Feature", "properties": {"name": "Medford Township", "minzoom": 11.9}, "geometry": {"type": "Point", "coordinates": [-97.839744, 48.239001]}},
    {"type": "Feature", "properties": {"name": "Medicine Hill Township", "minzoom": 11.9}, "geometry": {"type": "Point", "coordinates": [-100.726531, 47.625111]}},
    {"type": "Feature", "properties": {"name": "Melrose Township", "minzoom": 11.9}, "geometry": {"type": "Point", "coordinates": [-97.783455, 47.361819]}},
    {"type": "Feature", "properties": {"name": "Melvin Township", "minzoom": 11.9}, "geometry": {"type": "Point", "coordinates": [-98.075161, 47.882486]}},
    {"type": "Feature", "properties": {"name": "Mentor Township", "minzoom": 11.9}, "geometry": {"type": "Point", "coordinates": [-102.994591, 48.945233]}},
    {"type": "Feature", "properties": {"name": "Menz Township", "minzoom": 11.9}, "geometry": {"type": "Point", "coordinates": [-101.928370, 45.998945]}},
    {"type": "Feature", "properties": {"name": "Merkel Township", "minzoom": 11.9}, "geometry": {"type": "Point", "coordinates": [-99.825642, 47.254294]}},
    {"type": "Feature", "properties": {"name": "Merrill Township", "minzoom": 11.9}, "geometry": {"type": "Point", "coordinates": [-102.175185, 46.241618]}},
    {"type": "Feature", "properties": {"name": "Meyer Township", "minzoom": 11.9}, "geometry": {"type": "Point", "coordinates": [-99.913725, 48.320560]}},
    {"type": "Feature", "properties": {"name": "Michigan Township", "minzoom": 11.9}, "geometry": {"type": "Point", "coordinates": [-98.0986129132466, 48.03644273745475]}},
    {"type": "Feature", "properties": {"name": "Midland Township", "minzoom": 11.9}, "geometry": {"type": "Point", "coordinates": [-97.331762, 48.637163]}},
    {"type": "Feature", "properties": {"name": "Mikkelson Township", "minzoom": 11.9}, "geometry": {"type": "Point", "coordinates": [-98.842417, 46.591342]}},
    {"type": "Feature", "properties": {"name": "Minco Township", "minzoom": 11.9}, "geometry": {"type": "Point", "coordinates": [-98.597524, 47.869343]}},
    {"type": "Feature", "properties": {"name": "Mineral Springs Township", "minzoom": 11.9}, "geometry": {"type": "Point", "coordinates": [-103.228572, 46.315275]}},
    {"type": "Feature", "properties": {"name": "Minnehaha Township", "minzoom": 11.9}, "geometry": {"type": "Point", "coordinates": [-103.288825, 45.979537]}},
    {"type": "Feature", "properties": {"name": "Minnesota Township", "minzoom": 11.9}, "geometry": {"type": "Point", "coordinates": [-102.184938, 48.857937]}},
    {"type": "Feature", "properties": {"name": "Minnie Lake Township", "minzoom": 11.9}, "geometry": {"type": "Point", "coordinates": [-97.761401, 47.114505]}},
    {"type": "Feature", "properties": {"name": "Minnie Township", "minzoom": 11.9}, "geometry": {"type": "Point", "coordinates": [-101.860174, 46.415033]}},
    {"type": "Feature", "properties": {"name": "Mission Township", "minzoom": 11.9}, "geometry": {"type": "Point", "coordinates": [-98.834887, 47.985178]}},
    {"type": "Feature", "properties": {"name": "Missouri Ridge Township", "minzoom": 11.9}, "geometry": {"type": "Point", "coordinates": [-103.668026, 48.241524]}},
    {"type": "Feature", "properties": {"name": "Missouri Township", "minzoom": 11.9}, "geometry": {"type": "Point", "coordinates": [-100.639813, 46.687767]}},
    {"type": "Feature", "properties": {"name": "Model Township", "minzoom": 11.9}, "geometry": {"type": "Point", "coordinates": [-102.055055, 47.990152]}},
    {"type": "Feature", "properties": {"name": "Monroe Township", "minzoom": 11.9}, "geometry": {"type": "Point", "coordinates": [-99.447307, 48.755027]}},
    {"type": "Feature", "properties": {"name": "Montrose Township", "minzoom": 11.9}, "geometry": {"type": "Point", "coordinates": [-97.987110, 48.579718]}},
    {"type": "Feature", "properties": {"name": "Mont Township", "minzoom": 11.9}, "geometry": {"type": "Point", "coordinates": [-103.805015, 48.254477]}},
    {"type": "Feature", "properties": {"name": "Moon Lake Township", "minzoom": 11.9}, "geometry": {"type": "Point", "coordinates": [-98.998545, 46.848858]}},
    {"type": "Feature", "properties": {"name": "Moord Township", "minzoom": 11.9}, "geometry": {"type": "Point", "coordinates": [-103.109796, 46.493336]}},
    {"type": "Feature", "properties": {"name": "Moore Township", "minzoom": 11.9}, "geometry": {"type": "Point", "coordinates": [-97.720905, 46.586806]}},
    {"type": "Feature", "properties": {"name": "Moraine Township", "minzoom": 11.9}, "geometry": {"type": "Point", "coordinates": [-97.827283, 47.891762]}},
    {"type": "Feature", "properties": {"name": "Moran Township", "minzoom": 11.9}, "geometry": {"type": "Point", "coordinates": [-97.064833, 46.052654]}},
    {"type": "Feature", "properties": {"name": "Morgan Township", "minzoom": 11.9}, "geometry": {"type": "Point", "coordinates": [-97.282464, 47.628581]}},
    {"type": "Feature", "properties": {"name": "Morris Township", "minzoom": 11.9}, "geometry": {"type": "Point", "coordinates": [-98.763196, 48.234316]}},
    {"type": "Feature", "properties": {"name": "Moscow Township", "minzoom": 11.9}, "geometry": {"type": "Point", "coordinates": [-98.666598, 48.761779]}},
    {"type": "Feature", "properties": {"name": "Mount Rose Township", "minzoom": 11.9}, "geometry": {"type": "Point", "coordinates": [-101.255384, 48.676125]}},
    {"type": "Feature", "properties": {"name": "Mount View Township", "minzoom": 11.9}, "geometry": {"type": "Point", "coordinates": [-99.456956, 48.845538]}},
    {"type": "Feature", "properties": {"name": "Mouse River Township", "minzoom": 11.9}, "geometry": {"type": "Point", "coordinates": [-100.581768, 48.597085]}},
    {"type": "Feature", "properties": {"name": "Muskego Township", "minzoom": 11.9}, "geometry": {"type": "Point", "coordinates": [-101.505933, 48.509808]}},
    {"type": "Feature", "properties": {"name": "Myrtle Township", "minzoom": 11.9}, "geometry": {"type": "Point", "coordinates": [-102.767356, 48.329216]}},
    {"type": "Feature", "properties": {"name": "Nansen Township", "minzoom": 11.9}, "geometry": {"type": "Point", "coordinates": [-96.967118, 46.412743]}},
    {"type": "Feature", "properties": {"name": "Naughton Township", "minzoom": 11.9}, "geometry": {"type": "Point", "coordinates": [-100.644871, 46.939251]}},
    {"type": "Feature", "properties": {"name": "Nebo Township", "minzoom": 11.9}, "geometry": {"type": "Point", "coordinates": [-103.675913, 46.078095]}},
    {"type": "Feature", "properties": {"name": "Nedrose Township", "minzoom": 11.9}, "geometry": {"type": "Point", "coordinates": [-101.198445, 48.247362]}},
    {"type": "Feature", "properties": {"name": "Nesheim Township", "minzoom": 11.9}, "geometry": {"type": "Point", "coordinates": [-98.214901, 47.723086]}},
    {"type": "Feature", "properties": {"name": "Ness Township", "minzoom": 11.9}, "geometry": {"type": "Point", "coordinates": [-100.182567, 48.326458]}},
    {"type": "Feature", "properties": {"name": "Newborg Township", "minzoom": 11.9}, "geometry": {"type": "Point", "coordinates": [-100.983793, 48.671222]}},
    {"type": "Feature", "properties": {"name": "Newbre Township", "minzoom": 11.9}, "geometry": {"type": "Point", "coordinates": [-98.475995, 48.234711]}},
    {"type": "Feature", "properties": {"name": "Newburgh Township", "minzoom": 11.9}, "geometry": {"type": "Point", "coordinates": [-97.536757, 47.628715]}},
    {"type": "Feature", "properties": {"name": "Newbury Township", "minzoom": 11.9}, "geometry": {"type": "Point", "coordinates": [-99.422883, 46.757273]}},
    {"type": "Feature", "properties": {"name": "New City Township", "minzoom": 11.9}, "geometry": {"type": "Point", "coordinates": [-99.435275, 48.588019]}},
    {"type": "Feature", "properties": {"name": "New Home Township", "minzoom": 11.9}, "geometry": {"type": "Point", "coordinates": [-103.200445, 48.509517]}},
    {"type": "Feature", "properties": {"name": "Newland Township", "minzoom": 11.9}, "geometry": {"type": "Point", "coordinates": [-98.383895, 48.412940]}},
    {"type": "Feature", "properties": {"name": "Newport Township", "minzoom": 11.9}, "geometry": {"type": "Point", "coordinates": [-100.431899, 48.326607]}},
    {"type": "Feature", "properties": {"name": "New Prairie Township", "minzoom": 11.9}, "geometry": {"type": "Point", "coordinates": [-101.079000, 48.152796]}},
    {"type": "Feature", "properties": {"name": "Noble Township", "minzoom": 11.9}, "geometry": {"type": "Point", "coordinates": [-96.886845, 47.193938]}},
    {"type": "Feature", "properties": {"name": "Nogosek Township", "minzoom": 11.9}, "geometry": {"type": "Point", "coordinates": [-98.656796, 47.276948]}},
    {"type": "Feature", "properties": {"name": "Noltimier Township", "minzoom": 11.9}, "geometry": {"type": "Point", "coordinates": [-97.896614, 47.023152]}},
    {"type": "Feature", "properties": {"name": "Nora Township", "minzoom": 11.9}, "geometry": {"type": "Point", "coordinates": [-98.715208, 46.419968]}},
    {"type": "Feature", "properties": {"name": "Norden Township", "minzoom": 11.9}, "geometry": {"type": "Point", "coordinates": [-98.975734, 46.340202]}},
    {"type": "Feature", "properties": {"name": "Nordmore Township", "minzoom": 11.9}, "geometry": {"type": "Point", "coordinates": [-98.944256, 47.531957]}},
    {"type": "Feature", "properties": {"name": "Normal Township", "minzoom": 11.9}, "geometry": {"type": "Point", "coordinates": [-100.329798, 48.496325]}},
    {"type": "Feature", "properties": {"name": "Normania Township", "minzoom": 11.9}, "geometry": {"type": "Point", "coordinates": [-99.255642, 48.231640]}},
    {"type": "Feature", "properties": {"name": "Normanna Township", "minzoom": 11.9}, "geometry": {"type": "Point", "coordinates": [-96.988042, 46.674639]}},
    {"type": "Feature", "properties": {"name": "North Creel Township", "minzoom": 11.9}, "geometry": {"type": "Point", "coordinates": [-98.892019, 48.171139]}},
    {"type": "Feature", "properties": {"name": "Northfield Township", "minzoom": 11.9}, "geometry": {"type": "Point", "coordinates": [-98.641975, 48.497967]}},
    {"type": "Feature", "properties": {"name": "Northland Township", "minzoom": 11.9}, "geometry": {"type": "Point", "coordinates": [-97.959722, 46.581484]}},
    {"type": "Feature", "properties": {"name": "North Loma Township", "minzoom": 11.9}, "geometry": {"type": "Point", "coordinates": [-98.504652, 48.694804]}},
    {"type": "Feature", "properties": {"name": "North Olga Township", "minzoom": 11.9}, "geometry": {"type": "Point", "coordinates": [-98.030512, 48.855380]}},
    {"type": "Feature", "properties": {"name": "North Prairie Township", "minzoom": 11.9}, "geometry": {"type": "Point", "coordinates": [-100.939776, 48.160147]}},
    {"type": "Feature", "properties": {"name": "North Star Township", "minzoom": 11.9}, "geometry": {"type": "Point", "coordinates": [-102.212788, 48.943570]}},
    {"type": "Feature", "properties": {"name": "North Viking Township", "minzoom": 11.9}, "geometry": {"type": "Point", "coordinates": [-99.483197, 47.981185]}},
    {"type": "Feature", "properties": {"name": "Northwest Township", "minzoom": 11.9}, "geometry": {"type": "Point", "coordinates": [-98.94133649105048, 46.24371402733216]}},
    {"type": "Feature", "properties": {"name": "Norton Township", "minzoom": 11.9}, "geometry": {"type": "Point", "coordinates": [-97.980997, 48.329140]}},
    {"type": "Feature", "properties": {"name": "Norway Lake Township", "minzoom": 11.9}, "geometry": {"type": "Point", "coordinates": [-99.479050, 47.810323]}},
    {"type": "Feature", "properties": {"name": "Oak Creek Township", "minzoom": 11.9}, "geometry": {"type": "Point", "coordinates": [-100.471642, 48.675399]}},
    {"type": "Feature", "properties": {"name": "Oakhill Township", "minzoom": 11.9}, "geometry": {"type": "Point", "coordinates": [-98.017963, 46.679076]}},
    {"type": "Feature", "properties": {"name": "Oakland Township", "minzoom": 11.9}, "geometry": {"type": "Point", "coordinates": [-102.109269, 48.157497]}},
    {"type": "Feature", "properties": {"name": "Oak Valley Township", "minzoom": 11.9}, "geometry": {"type": "Point", "coordinates": [-100.511814, 48.777318]}},
    {"type": "Feature", "properties": {"name": "Oakville Township", "minzoom": 11.9}, "geometry": {"type": "Point", "coordinates": [-97.305536, 47.883391]}},
    {"type": "Feature", "properties": {"name": "Odessa Township", "minzoom": 11.9}, "geometry": {"type": "Point", "coordinates": [-102.11003026005142, 46.58865872057307]}},
    {"type": "Feature", "properties": {"name": "Odin Township", "minzoom": 11.9}, "geometry": {"type": "Point", "coordinates": [-100.637016, 47.986751]}},
    {"type": "Feature", "properties": {"name": "Olivia Township", "minzoom": 11.9}, "geometry": {"type": "Point", "coordinates": [-100.769959, 47.900358]}},
    {"type": "Feature", "properties": {"name": "Olson Township", "minzoom": 11.9}, "geometry": {"type": "Point", "coordinates": [-99.287008, 48.505811]}},
    {"type": "Feature", "properties": {"name": "Ontario Township", "minzoom": 11.9}, "geometry": {"type": "Point", "coordinates": [-98.601321, 48.163172]}},
    {"type": "Feature", "properties": {"name": "Orange Township", "minzoom": 11.9}, "geometry": {"type": "Point", "coordinates": [-102.053893, 46.012558]}},
    {"type": "Feature", "properties": {"name": "Ora Township", "minzoom": 11.9}, "geometry": {"type": "Point", "coordinates": [-97.946877, 47.722982]}},
    {"type": "Feature", "properties": {"name": "Orlien Township", "minzoom": 11.9}, "geometry": {"type": "Point", "coordinates": [-101.796936, 47.985154]}},
    {"type": "Feature", "properties": {"name": "Orthell Township", "minzoom": 11.9}, "geometry": {"type": "Point", "coordinates": [-103.728983, 48.495353]}},
    {"type": "Feature", "properties": {"name": "Osago Township", "minzoom": 11.9}, "geometry": {"type": "Point", "coordinates": [-98.328474, 47.800898]}},
    {"type": "Feature", "properties": {"name": "Osborn Township", "minzoom": 11.9}, "geometry": {"type": "Point", "coordinates": [-102.429987, 47.987208]}},
    {"type": "Feature", "properties": {"name": "Osford Township", "minzoom": 11.9}, "geometry": {"type": "Point", "coordinates": [-98.115821, 48.585234]}},
    {"type": "Feature", "properties": {"name": "Oshkosh Township", "minzoom": 11.9}, "geometry": {"type": "Point", "coordinates": [-99.576942, 47.623026]}},
    {"type": "Feature", "properties": {"name": "Osloe Township", "minzoom": 11.9}, "geometry": {"type": "Point", "coordinates": [-101.976499, 48.146259]}},
    {"type": "Feature", "properties": {"name": "Ostby Township", "minzoom": 11.9}, "geometry": {"type": "Point", "coordinates": [-100.352948, 48.581052]}},
    {"type": "Feature", "properties": {"name": "Otis Township", "minzoom": 11.9}, "geometry": {"type": "Point", "coordinates": [-100.896513, 47.799001]}},
    {"type": "Feature", "properties": {"name": "Overland Township", "minzoom": 11.9}, "geometry": {"type": "Point", "coordinates": [-98.644574, 48.406215]}},
    {"type": "Feature", "properties": {"name": "Ovid Township", "minzoom": 11.9}, "geometry": {"type": "Point", "coordinates": [-98.107769, 46.318992]}},
    {"type": "Feature", "properties": {"name": "Owego Township", "minzoom": 11.9}, "geometry": {"type": "Point", "coordinates": [-97.319286, 46.509330]}},
    {"type": "Feature", "properties": {"name": "Painted Woods Township", "minzoom": 11.9}, "geometry": {"type": "Point", "coordinates": [-100.881204, 47.115568]}},
    {"type": "Feature", "properties": {"name": "Palmer Township", "minzoom": 11.9}, "geometry": {"type": "Point", "coordinates": [-103.200812, 48.691215]}},
    {"type": "Feature", "properties": {"name": "Paradise Township", "minzoom": 11.9}, "geometry": {"type": "Point", "coordinates": [-98.565277, 47.610726]}},
    {"type": "Feature", "properties": {"name": "Paris Township", "minzoom": 11.9}, "geometry": {"type": "Point", "coordinates": [-99.153914, 47.131651]}},
    {"type": "Feature", "properties": {"name": "Park Township", "minzoom": 11.9}, "geometry": {"type": "Point", "coordinates": [-97.726149, 48.675832]}},
    {"type": "Feature", "properties": {"name": "Passport Township", "minzoom": 11.9}, "geometry": {"type": "Point", "coordinates": [-101.862997, 48.333297]}},
    {"type": "Feature", "properties": {"name": "Peabody Township", "minzoom": 11.9}, "geometry": {"type": "Point", "coordinates": [-100.632237, 48.857266]}},
    {"type": "Feature", "properties": {"name": "Peaceful Valley Township", "minzoom": 11.9}, "geometry": {"type": "Point", "coordinates": [-103.235368, 46.587751]}},
    {"type": "Feature", "properties": {"name": "Peace Township", "minzoom": 11.9}, "geometry": {"type": "Point", "coordinates": [-99.608740, 46.683942]}},
    {"type": "Feature", "properties": {"name": "Pearl Lake Township", "minzoom": 11.9}, "geometry": {"type": "Point", "coordinates": [-98.212381, 46.413375]}},
    {"type": "Feature", "properties": {"name": "Pearl Township", "minzoom": 11.9}, "geometry": {"type": "Point", "coordinates": [-103.881061, 47.247025]}},
    {"type": "Feature", "properties": {"name": "Pelican Township", "minzoom": 11.9}, "geometry": {"type": "Point", "coordinates": [-99.112887, 48.162231]}},
    {"type": "Feature", "properties": {"name": "Perry Township", "minzoom": 11.9}, "geometry": {"type": "Point", "coordinates": [-98.378094, 48.688501]}},
    {"type": "Feature", "properties": {"name": "Peterson Township", "minzoom": 11.9}, "geometry": {"type": "Point", "coordinates": [-99.373195, 46.940293]}},
    {"type": "Feature", "properties": {"name": "Petersville Township", "minzoom": 11.9}, "geometry": {"type": "Point", "coordinates": [-99.555396, 47.179948]}},
    {"type": "Feature", "properties": {"name": "Pherrin Township", "minzoom": 11.9}, "geometry": {"type": "Point", "coordinates": [-103.548351, 48.240484]}},
    {"type": "Feature", "properties": {"name": "Pickard Township", "minzoom": 11.9}, "geometry": {"type": "Point", "coordinates": [-100.622456, 47.464136]}},
    {"type": "Feature", "properties": {"name": "Pickering Township", "minzoom": 11.9}, "geometry": {"type": "Point", "coordinates": [-100.513696, 48.856489]}},
    {"type": "Feature", "properties": {"name": "Picton Township", "minzoom": 11.9}, "geometry": {"type": "Point", "coordinates": [-99.447357, 48.948349]}},
    {"type": "Feature", "properties": {"name": "Pilot Mound Township", "minzoom": 11.9}, "geometry": {"type": "Point", "coordinates": [-98.181971, 47.636043]}},
    {"type": "Feature", "properties": {"name": "Pipestem Valley Township", "minzoom": 11.9}, "geometry": {"type": "Point", "coordinates": [-99.032869, 47.200594]}},
    {"type": "Feature", "properties": {"name": "Plain Township", "minzoom": 11.9}, "geometry": {"type": "Point", "coordinates": [-101.636454, 48.509998]}},
    {"type": "Feature", "properties": {"name": "Plainview Township", "minzoom": 11.9}, "geometry": {"type": "Point", "coordinates": [-98.900913, 47.102590]}},
    {"type": "Feature", "properties": {"name": "Pleasant Hill Township", "minzoom": 11.9}, "geometry": {"type": "Point", "coordinates": [-100.014189, 46.857568]}},
    {"type": "Feature", "properties": {"name": "Pleasant Prairie Township", "minzoom": 11.9}, "geometry": {"type": "Point", "coordinates": [-98.936777, 47.623650]}},
    {"type": "Feature", "properties": {"name": "Pleasant Township", "minzoom": 11.9}, "geometry": {"type": "Point", "coordinates": [-96.858760, 46.666649]}},
    {"type": "Feature", "properties": {"name": "Pleasant View Township", "minzoom": 11.9}, "geometry": {"type": "Point", "coordinates": [-97.444658, 47.807814]}},
    {"type": "Feature", "properties": {"name": "Plumer Township", "minzoom": 11.9}, "geometry": {"type": "Point", "coordinates": [-103.388664, 48.756942]}},
    {"type": "Feature", "properties": {"name": "Plymouth Township", "minzoom": 11.9}, "geometry": {"type": "Point", "coordinates": [-97.841404, 48.061269]}},
    {"type": "Feature", "properties": {"name": "Pomona View Township", "minzoom": 11.9}, "geometry": {"type": "Point", "coordinates": [-98.840326, 46.333628]}},
    {"type": "Feature", "properties": {"name": "Pontiac Township", "minzoom": 11.9}, "geometry": {"type": "Point", "coordinates": [-97.608769, 46.666003]}},
    {"type": "Feature", "properties": {"name": "Pony Gulch Township", "minzoom": 11.9}, "geometry": {"type": "Point", "coordinates": [-99.965853, 47.624935]}},
    {"type": "Feature", "properties": {"name": "Poplar Grove Township", "minzoom": 11.9}, "geometry": {"type": "Point", "coordinates": [-99.021504, 48.079414]}},
    {"type": "Feature", "properties": {"name": "Port Emma Township", "minzoom": 11.9}, "geometry": {"type": "Point", "coordinates": [-98.204943, 45.986888]}},
    {"type": "Feature", "properties": {"name": "Porter Township", "minzoom": 11.9}, "geometry": {"type": "Point", "coordinates": [-98.450557, 46.234041]}},
    {"type": "Feature", "properties": {"name": "Potsdam Township", "minzoom": 11.9}, "geometry": {"type": "Point", "coordinates": [-98.701003, 46.237090]}},
    {"type": "Feature", "properties": {"name": "Potter Township", "minzoom": 11.9}, "geometry": {"type": "Point", "coordinates": [-98.259076, 46.937841]}},
    {"type": "Feature", "properties": {"name": "Powers Township", "minzoom": 11.9}, "geometry": {"type": "Point", "coordinates": [-102.550760, 48.505884]}},
    {"type": "Feature", "properties": {"name": "Prairie Centre Township", "minzoom": 11.9}, "geometry": {"type": "Point", "coordinates": [-97.578750, 48.325434]}},
    {"type": "Feature", "properties": {"name": "Prairie Township", "minzoom": 11.9}, "geometry": {"type": "Point", "coordinates": [-98.212048, 46.594439]}},
    {"type": "Feature", "properties": {"name": "Pratt Township", "minzoom": 11.9}, "geometry": {"type": "Point", "coordinates": [-100.983820, 48.581810]}},
    {"type": "Feature", "properties": {"name": "Prescott Township", "minzoom": 11.9}, "geometry": {"type": "Point", "coordinates": [-101.114200, 48.494881]}},
    {"type": "Feature", "properties": {"name": "Pretty Rock Township", "minzoom": 11.9}, "geometry": {"type": "Point", "coordinates": [-101.809643, 46.157439]}},
    {"type": "Feature", "properties": {"name": "Primrose Township", "minzoom": 11.9}, "geometry": {"type": "Point", "coordinates": [-97.537521, 47.455028]}},
    {"type": "Feature", "properties": {"name": "Progress Township", "minzoom": 11.9}, "geometry": {"type": "Point", "coordinates": [-99.703883, 47.363449]}},
    {"type": "Feature", "properties": {"name": "Prophets Township", "minzoom": 11.9}, "geometry": {"type": "Point", "coordinates": [-100.619840, 47.544841]}},
    {"type": "Feature", "properties": {"name": "Prospect Township", "minzoom": 11.9}, "geometry": {"type": "Point", "coordinates": [-98.504396, 48.492687]}},
    {"type": "Feature", "properties": {"name": "Prosperity Township", "minzoom": 11.9}, "geometry": {"type": "Point", "coordinates": [-101.813831, 48.944315]}},
    {"type": "Feature", "properties": {"name": "Pulaski Township", "minzoom": 11.9}, "geometry": {"type": "Point", "coordinates": [-97.200171, 48.316900]}},
    {"type": "Feature", "properties": {"name": "Purcell Township", "minzoom": 11.9}, "geometry": {"type": "Point", "coordinates": [-102.353035, 48.247338]}},
    {"type": "Feature", "properties": {"name": "Quinby Township", "minzoom": 11.9}, "geometry": {"type": "Point", "coordinates": [-99.812197, 47.033776]}},
    {"type": "Feature", "properties": {"name": "Rainbow Township", "minzoom": 11.9}, "geometry": {"type": "Point", "coordinates": [-103.335170, 48.508952]}},
    {"type": "Feature", "properties": {"name": "Rainy Butte Township", "minzoom": 11.9}, "geometry": {"type": "Point", "coordinates": [-102.989024, 46.497503]}},
    {"type": "Feature", "properties": {"name": "Randolph Township", "minzoom": 11.9}, "geometry": {"type": "Point", "coordinates": [-103.732982, 47.809353]}},
    {"type": "Feature", "properties": {"name": "Raney Township", "minzoom": 11.9}, "geometry": {"type": "Point", "coordinates": [-98.975169, 46.500358]}},
    {"type": "Feature", "properties": {"name": "Raritan Township", "minzoom": 11.9}, "geometry": {"type": "Point", "coordinates": [-97.731796, 46.668803]}},
    {"type": "Feature", "properties": {"name": "Rat Lake Township", "minzoom": 11.9}, "geometry": {"type": "Point", "coordinates": [-102.623316, 48.146368]}},
    {"type": "Feature", "properties": {"name": "Raymond Township", "minzoom": 11.9}, "geometry": {"type": "Point", "coordinates": [-96.978866, 46.941319]}},
    {"type": "Feature", "properties": {"name": "Red Lake Township", "minzoom": 11.9}, "geometry": {"type": "Point", "coordinates": [-99.612752, 46.421933]}},
    {"type": "Feature", "properties": {"name": "Redmond Township", "minzoom": 11.9}, "geometry": {"type": "Point", "coordinates": [-102.176275, 48.416326]}},
    {"type": "Feature", "properties": {"name": "Reed Township", "minzoom": 11.9}, "geometry": {"type": "Point", "coordinates": [-96.871470, 46.941238]}},
    {"type": "Feature", "properties": {"name": "Ree Township", "minzoom": 11.9}, "geometry": {"type": "Point", "coordinates": [-101.908292, 48.417367]}},
    {"type": "Feature", "properties": {"name": "Reno Valley Township", "minzoom": 11.9}, "geometry": {"type": "Point", "coordinates": [-99.901859, 48.231569]}},
    {"type": "Feature", "properties": {"name": "Rexine Township", "minzoom": 11.9}, "geometry": {"type": "Point", "coordinates": [-99.561134, 47.263958]}},
    {"type": "Feature", "properties": {"name": "Rice Lake Township", "minzoom": 11.9}, "geometry": {"type": "Point", "coordinates": [-101.540877, 47.986206]}},
    {"type": "Feature", "properties": {"name": "Richburg Township", "minzoom": 11.9}, "geometry": {"type": "Point", "coordinates": [-101.027271, 48.944643]}},
    {"type": "Feature", "properties": {"name": "Richland Center Township", "minzoom": 11.9}, "geometry": {"type": "Point", "coordinates": [-103.633549, 46.501534]}},
    {"type": "Feature", "properties": {"name": "Richmond Township", "minzoom": 11.9}, "geometry": {"type": "Point", "coordinates": [-100.311233, 47.191295]}},
    {"type": "Feature", "properties": {"name": "Rich Township", "minzoom": 11.9}, "geometry": {"type": "Point", "coordinates": [-97.504512, 47.101343]}},
    {"type": "Feature", "properties": {"name": "Rich Valley Township", "minzoom": 11.9}, "geometry": {"type": "Point", "coordinates": [-99.727280, 47.984921]}},
    {"type": "Feature", "properties": {"name": "Rifle Township", "minzoom": 11.9}, "geometry": {"type": "Point", "coordinates": [-102.602182, 46.580715]}},
    {"type": "Feature", "properties": {"name": "Riggin Township", "minzoom": 11.9}, "geometry": {"type": "Point", "coordinates": [-99.232561, 48.147232]}},
    {"type": "Feature", "properties": {"name": "Riverside Township", "minzoom": 11.9}, "geometry": {"type": "Point", "coordinates": [-97.911254, 47.383894]}},
    {"type": "Feature", "properties": {"name": "Riverview Township", "minzoom": 11.9}, "geometry": {"type": "Point", "coordinates": [-102.690915, 48.041557]}},
    {"type": "Feature", "properties": {"name": "Rochester Township", "minzoom": 11.9}, "geometry": {"type": "Point", "coordinates": [-97.642209, 47.196012]}},
    {"type": "Feature", "properties": {"name": "Rockford Township", "minzoom": 11.9}, "geometry": {"type": "Point", "coordinates": [-101.944933, 48.857653]}},
    {"type": "Feature", "properties": {"name": "Rock Hill Township", "minzoom": 11.9}, "geometry": {"type": "Point", "coordinates": [-100.431781, 47.112946]}},
    {"type": "Feature", "properties": {"name": "Rock Island Township", "minzoom": 11.9}, "geometry": {"type": "Point", "coordinates": [-103.461192, 48.597340]}},
    {"type": "Feature", "properties": {"name": "Rock Township", "minzoom": 11.9}, "geometry": {"type": "Point", "coordinates": [-99.10422985435089, 47.894119749510175]}},
    {"type": "Feature", "properties": {"name": "Roland Township", "minzoom": 11.9}, "geometry": {"type": "Point", "coordinates": [-100.369728, 48.943723]}},
    {"type": "Feature", "properties": {"name": "Rolling Green Township", "minzoom": 11.9}, "geometry": {"type": "Point", "coordinates": [-101.580743, 48.143783]}},
    {"type": "Feature", "properties": {"name": "Rolling Prairie Township", "minzoom": 11.9}, "geometry": {"type": "Point", "coordinates": [-98.681116, 47.449844]}},
    {"type": "Feature", "properties": {"name": "Roloff Township", "minzoom": 11.9}, "geometry": {"type": "Point", "coordinates": [-99.065874, 46.244127]}},
    {"type": "Feature", "properties": {"name": "Romness Township", "minzoom": 11.9}, "geometry": {"type": "Point", "coordinates": [-98.038637, 47.540646]}},
    {"type": "Feature", "properties": {"name": "Roosevelt Township", "minzoom": 11.9}, "geometry": {"type": "Point", "coordinates": [-101.766535, 48.669386]}},
    {"type": "Feature", "properties": {"name": "Roscoe Township", "minzoom": 11.9}, "geometry": {"type": "Point", "coordinates": [-98.473722, 46.500192]}},
    {"type": "Feature", "properties": {"name": "Rosebud Township", "minzoom": 11.9}, "geometry": {"type": "Point", "coordinates": [-98.259977, 46.674724]}},
    {"type": "Feature", "properties": {"name": "Rosefield Township", "minzoom": 11.9}, "geometry": {"type": "Point", "coordinates": [-99.192213, 47.619361]}},
    {"type": "Feature", "properties": {"name": "Rose Hill Township", "minzoom": 11.9}, "geometry": {"type": "Point", "coordinates": [-98.94732143224029, 47.455910971888]}},
    {"type": "Feature", "properties": {"name": "Roseland Township", "minzoom": 11.9}, "geometry": {"type": "Point", "coordinates": [-102.296593, 48.684909]}},
    {"type": "Feature", "properties": {"name": "Rosemeade Township", "minzoom": 11.9}, "geometry": {"type": "Point", "coordinates": [-97.353815, 46.340345]}},
    {"type": "Feature", "properties": {"name": "Rosemont Township", "minzoom": 11.9}, "geometry": {"type": "Point", "coordinates": [-101.391448, 47.803478]}},
    {"type": "Feature", "properties": {"name": "Rosendal Township", "minzoom": 11.9}, "geometry": {"type": "Point", "coordinates": [-98.431192, 47.631419]}},
    {"type": "Feature", "properties": {"name": "Rosenfield Township", "minzoom": 11.9}, "geometry": {"type": "Point", "coordinates": [-100.381931, 47.796631]}},
    {"type": "Feature", "properties": {"name": "Rose Township", "minzoom": 11.9}, "geometry": {"type": "Point", "coordinates": [-98.529236, 47.020959]}},
    {"type": "Feature", "properties": {"name": "Round Lake Township", "minzoom": 11.9}, "geometry": {"type": "Point", "coordinates": [-100.311724, 48.070972]}},
    {"type": "Feature", "properties": {"name": "Round Prairie Township", "minzoom": 11.9}, "geometry": {"type": "Point", "coordinates": [-103.954508, 48.155895]}},
    {"type": "Feature", "properties": {"name": "Round Top Township", "minzoom": 11.9}, "geometry": {"type": "Point", "coordinates": [-99.024025, 47.108559]}},
    {"type": "Feature", "properties": {"name": "Royal Township", "minzoom": 11.9}, "geometry": {"type": "Point", "coordinates": [-98.790382, 48.500304]}},
    {"type": "Feature", "properties": {"name": "Rubin Township", "minzoom": 11.9}, "geometry": {"type": "Point", "coordinates": [-98.216960, 48.064637]}},
    {"type": "Feature", "properties": {"name": "Rugh Township", "minzoom": 11.9}, "geometry": {"type": "Point", "coordinates": [-97.945992, 47.807164]}},
    {"type": "Feature", "properties": {"name": "Rushford Township", "minzoom": 11.9}, "geometry": {"type": "Point", "coordinates": [-97.708630, 48.325557]}},
    {"type": "Feature", "properties": {"name": "Rush Lake Township", "minzoom": 11.9}, "geometry": {"type": "Point", "coordinates": [-99.705378, 48.428310]}},
    {"type": "Feature", "properties": {"name": "Rush River Township", "minzoom": 11.9}, "geometry": {"type": "Point", "coordinates": [-97.144643, 47.025553]}},
    {"type": "Feature", "properties": {"name": "Rushville Township", "minzoom": 11.9}, "geometry": {"type": "Point", "coordinates": [47.625521, 0.523]}},
    {"type": "Feature", "properties": {"name": "Ryan Township", "minzoom": 11.9}, "geometry": {"type": "Point", "coordinates": [-98.212510, 46.319056]}},
    {"type": "Feature", "properties": {"name": "Rye Township", "minzoom": 11.9}, "geometry": {"type": "Point", "coordinates": [-97.174153, 47.978420]}},
    {"type": "Feature", "properties": {"name": "Saddle Butte Township", "minzoom": 11.9}, "geometry": {"type": "Point", "coordinates": [-103.976050, 47.021142]}},
    {"type": "Feature", "properties": {"name": "Saline Township", "minzoom": 11.9}, "geometry": {"type": "Point", "coordinates": [-100.874792, 48.422249]}},
    {"type": "Feature", "properties": {"name": "Sand Creek Township", "minzoom": 11.9}, "geometry": {"type": "Point", "coordinates": [-103.427739, 46.494140]}},
    {"type": "Feature", "properties": {"name": "Sandoun Township", "minzoom": 11.9}, "geometry": {"type": "Point", "coordinates": [-97.343555, 46.413051]}},
    {"type": "Feature", "properties": {"name": "Saratoga Township", "minzoom": 11.9}, "geometry": {"type": "Point", "coordinates": [-98.462855, 46.594666]}},
    {"type": "Feature", "properties": {"name": "Sarnia Township", "minzoom": 11.9}, "geometry": {"type": "Point", "coordinates": [-98.100117, 48.150359]}},
    {"type": "Feature", "properties": {"name": "Sauk Prairie Township", "minzoom": 11.9}, "geometry": {"type": "Point", "coordinates": [-101.898137, 48.669986]}},
    {"type": "Feature", "properties": {"name": "Sauk Valley Township", "minzoom": 11.9}, "geometry": {"type": "Point", "coordinates": [-102.944265, 48.583714]}},
    {"type": "Feature", "properties": {"name": "Sauter Township", "minzoom": 11.9}, "geometry": {"type": "Point", "coordinates": [-98.217289, 48.245457]}},
    {"type": "Feature", "properties": {"name": "Scandia Township", "minzoom": 11.9}, "geometry": {"type": "Point", "coordinates": [-100.774709, 48.946531]}},
    {"type": "Feature", "properties": {"name": "Schiller Township", "minzoom": 11.9}, "geometry": {"type": "Point", "coordinates": [-100.270874, 47.975087]}},
    {"type": "Feature", "properties": {"name": "Schrunk Township", "minzoom": 11.9}, "geometry": {"type": "Point", "coordinates": [-100.413430, 47.294280]}},
    {"type": "Feature", "properties": {"name": "Scorio Township", "minzoom": 11.9}, "geometry": {"type": "Point", "coordinates": [-103.732864, 48.595028]}},
    {"type": "Feature", "properties": {"name": "Scotia Township", "minzoom": 11.9}, "geometry": {"type": "Point", "coordinates": [-100.895783, 48.944595]}},
    {"type": "Feature", "properties": {"name": "Scott Township", "minzoom": 11.9}, "geometry": {"type": "Point", "coordinates": [-102.560385, 45.984305]}},
    {"type": "Feature", "properties": {"name": "Scoville Township", "minzoom": 11.9}, "geometry": {"type": "Point", "coordinates": [-97.469165, 46.391559]}},
    {"type": "Feature", "properties": {"name": "Sealy Township", "minzoom": 11.9}, "geometry": {"type": "Point", "coordinates": [-99.863326, 46.595398]}},
    {"type": "Feature", "properties": {"name": "Seivert Township", "minzoom": 11.9}, "geometry": {"type": "Point", "coordinates": [-98.901129, 48.578664]}},
    {"type": "Feature", "properties": {"name": "Sentinel Township", "minzoom": 11.9}, "geometry": {"type": "Point", "coordinates": [-103.718768, 46.886314]}},
    {"type": "Feature", "properties": {"name": "Sergius Township", "minzoom": 11.9}, "geometry": {"type": "Point", "coordinates": [-101.005336, 48.842975]}},
    {"type": "Feature", "properties": {"name": "Severn Township", "minzoom": 11.9}, "geometry": {"type": "Point", "coordinates": [-98.765753, 46.689172]}},
    {"type": "Feature", "properties": {"name": "Shealy Township", "minzoom": 11.9}, "geometry": {"type": "Point", "coordinates": [-101.846768, 48.146370]}},
    {"type": "Feature", "properties": {"name": "Sheets Township", "minzoom": 11.9}, "geometry": {"type": "Point", "coordinates": [-103.359687, 46.326282]}},
    {"type": "Feature", "properties": {"name": "Shell Township", "minzoom": 11.9}, "geometry": {"type": "Point", "coordinates": [-102.108459, 48.065750]}},
    {"type": "Feature", "properties": {"name": "Shenford Township", "minzoom": 11.9}, "geometry": {"type": "Point", "coordinates": [-97.479102, 46.479115]}},
    {"type": "Feature", "properties": {"name": "Shepherd Township", "minzoom": 11.9}, "geometry": {"type": "Point", "coordinates": [-98.222450, 48.332398]}},
    {"type": "Feature", "properties": {"name": "Sherman Township", "minzoom": 11.9}, "geometry": {"type": "Point", "coordinates": [-101.289039, 48.842786]}},
    {"type": "Feature", "properties": {"name": "Short Creek Township", "minzoom": 11.9}, "geometry": {"type": "Point", "coordinates": [-102.734535, 48.943720]}},
    {"type": "Feature", "properties": {"name": "Shuman Township", "minzoom": 11.9}, "geometry": {"type": "Point", "coordinates": [-97.436522, 46.159700]}},
    {"type": "Feature", "properties": {"name": "Sibley Butte Township", "minzoom": 11.9}, "geometry": {"type": "Point", "coordinates": [-100.370762, 46.945670]}},
    {"type": "Feature", "properties": {"name": "Sibley Trail Township", "minzoom": 11.9}, "geometry": {"type": "Point", "coordinates": [-98.014591, 47.189377]}},
    {"type": "Feature", "properties": {"name": "Sidney Township", "minzoom": 11.9}, "geometry": {"type": "Point", "coordinates": [-99.316611, 48.936230]}},
    {"type": "Feature", "properties": {"name": "Sidonia Township", "minzoom": 11.9}, "geometry": {"type": "Point", "coordinates": [-102.285181, 48.508408]}},
    {"type": "Feature", "properties": {"name": "Sikes Township", "minzoom": 11.9}, "geometry": {"type": "Point", "coordinates": [-102.386183, 48.150939]}},
    {"type": "Feature", "properties": {"name": "Silver Lake Township", "minzoom": 11.9}, "geometry": {"type": "Point", "coordinates": [-99.836299, 47.401106]}},
    {"type": "Feature", "properties": {"name": "Silvesta Township", "minzoom": 11.9}, "geometry": {"type": "Point", "coordinates": [-98.111696, 48.492537]}},
    {"type": "Feature", "properties": {"name": "Sinclair Township", "minzoom": 11.9}, "geometry": {"type": "Point", "coordinates": [-99.128339, 46.758025]}},
    {"type": "Feature", "properties": {"name": "Sioux Trail Township", "minzoom": 11.9}, "geometry": {"type": "Point", "coordinates": [-103.733516, 48.684574]}},
    {"type": "Feature", "properties": {"name": "Skandia Township", "minzoom": 11.9}, "geometry": {"type": "Point", "coordinates": [-98.107668, 46.772308]}},
    {"type": "Feature", "properties": {"name": "Smith Township", "minzoom": 11.9}, "geometry": {"type": "Point", "coordinates": [-99.188018, 48.942626]}},
    {"type": "Feature", "properties": {"name": "Smoky Butte Township", "minzoom": 11.9}, "geometry": {"type": "Point", "coordinates": [-103.596935, 48.673153]}},
    {"type": "Feature", "properties": {"name": "Snow Township", "minzoom": 11.9}, "geometry": {"type": "Point", "coordinates": [-101.250968, 47.626616]}},
    {"type": "Feature", "properties": {"name": "Solon Township", "minzoom": 11.9}, "geometry": {"type": "Point", "coordinates": [-102.118089, 46.408091]}},
    {"type": "Feature", "properties": {"name": "Soo Township", "minzoom": 11.9}, "geometry": {"type": "Point", "coordinates": [-102.472522, 48.943339]}},
    {"type": "Feature", "properties": {"name": "Sorenson Township", "minzoom": 11.9}, "geometry": {"type": "Point", "coordinates": [-99.295598, 48.664846]}},
    {"type": "Feature", "properties": {"name": "Sorkness Township", "minzoom": 11.9}, "geometry": {"type": "Point", "coordinates": [-102.683355, 48.410047]}},
    {"type": "Feature", "properties": {"name": "South Cottonwood Township", "minzoom": 11.9}, "geometry": {"type": "Point", "coordinates": [-99.578832, 47.534537]}},
    {"type": "Feature", "properties": {"name": "South Dresden Township", "minzoom": 11.9}, "geometry": {"type": "Point", "coordinates": [-98.533504, 48.852062]}},
    {"type": "Feature", "properties": {"name": "South Fork Township", "minzoom": 11.9}, "geometry": {"type": "Point", "coordinates": [-102.060845, 46.075009]}},
    {"type": "Feature", "properties": {"name": "South Meadow Township", "minzoom": 11.9}, "geometry": {"type": "Point", "coordinates": [-103.070698, 48.495364]}},
    {"type": "Feature", "properties": {"name": "South Minnewaukan Township", "minzoom": 11.9}, "geometry": {"type": "Point", "coordinates": [-98.747857, 48.061632]}},
    {"type": "Feature", "properties": {"name": "South Olga Township", "minzoom": 11.9}, "geometry": {"type": "Point", "coordinates": [-97.990120, 48.773697]}},
    {"type": "Feature", "properties": {"name": "South Valley Township", "minzoom": 11.9}, "geometry": {"type": "Point", "coordinates": [-100.078572, 48.589896]}},
    {"type": "Feature", "properties": {"name": "South Viking Township", "minzoom": 11.9}, "geometry": {"type": "Point", "coordinates": [-99.463428, 47.896714]}},
    {"type": "Feature", "properties": {"name": "Southwest Township", "minzoom": 11.9}, "geometry": {"type": "Point", "coordinates": [-97.967970, 45.963131]}},
    {"type": "Feature", "properties": {"name": "Speedwell Township", "minzoom": 11.9}, "geometry": {"type": "Point", "coordinates": [-99.585214, 47.456178]}},
    {"type": "Feature", "properties": {"name": "Spencer Township", "minzoom": 11.9}, "geometry": {"type": "Point", "coordinates": [-102.158045, 48.582608]}},
    {"type": "Feature", "properties": {"name": "Springbrook Township", "minzoom": 11.9}, "geometry": {"type": "Point", "coordinates": [-103.427631, 48.243527]}},
    {"type": "Feature", "properties": {"name": "Spring Coulee Township", "minzoom": 11.9}, "geometry": {"type": "Point", "coordinates": [-101.999565, 48.072199]}},
    {"type": "Feature", "properties": {"name": "Spring Creek Township", "minzoom": 11.9}, "geometry": {"type": "Point", "coordinates": [-98.114316, 46.683088]}},
    {"type": "Feature", "properties": {"name": "Springer Township", "minzoom": 11.9}, "geometry": {"type": "Point", "coordinates": [-97.847973, 46.498473]}},
    {"type": "Feature", "properties": {"name": "Springfield Township", "minzoom": 11.9}, "geometry": {"type": "Point", "coordinates": [-99.428460, 48.407026]}},
    {"type": "Feature", "properties": {"name": "Spring Grove Township", "minzoom": 11.9}, "geometry": {"type": "Point", "coordinates": [-100.390922, 47.892679]}},
    {"type": "Feature", "properties": {"name": "Spring Lake Township", "minzoom": 11.9}, "geometry": {"type": "Point", "coordinates": [-101.422432, 47.885298]}},
    {"type": "Feature", "properties": {"name": "Springvale Township", "minzoom": 11.9}, "geometry": {"type": "Point", "coordinates": [-97.744735, 46.847493]}},
    {"type": "Feature", "properties": {"name": "Spring Valley Township", "minzoom": 11.9}, "geometry": {"type": "Point", "coordinates": [-98.922221, 46.077524]}},
    {"type": "Feature", "properties": {"name": "Stafford Township", "minzoom": 11.9}, "geometry": {"type": "Point", "coordinates": [-101.947035, 48.943921]}},
    {"type": "Feature", "properties": {"name": "St. Andrews Township", "minzoom": 11.9}, "geometry": {"type": "Point", "coordinates": [-97.201899, 48.492269]}},
    {"type": "Feature", "properties": {"name": "St. Anna Township", "minzoom": 11.9}, "geometry": {"type": "Point", "coordinates": [-99.703726, 47.624269]}},
    {"type": "Feature", "properties": {"name": "Starbuck Township", "minzoom": 11.9}, "geometry": {"type": "Point", "coordinates": [-100.785741, 48.770143]}},
    {"type": "Feature", "properties": {"name": "Star Township", "minzoom": 11.9}, "geometry": {"type": "Point", "coordinates": [-103.426389, 46.241673]}},
    {"type": "Feature", "properties": {"name": "Stavanger Township", "minzoom": 11.9}, "geometry": {"type": "Point", "coordinates": [-97.026861, 47.628462]}},
    {"type": "Feature", "properties": {"name": "Stave Township", "minzoom": 11.9}, "geometry": {"type": "Point", "coordinates": [-102.038348, 48.415887]}},
    {"type": "Feature", "properties": {"name": "St. Croix Township", "minzoom": 11.9}, "geometry": {"type": "Point", "coordinates": [-102.486896, 46.500535]}},
    {"type": "Feature", "properties": {"name": "Steiber Township", "minzoom": 11.9}, "geometry": {"type": "Point", "coordinates": [-100.547906, 47.283629]}},
    {"type": "Feature", "properties": {"name": "Steiner Township", "minzoom": 11.9}, "geometry": {"type": "Point", "coordinates": [-102.229655, 46.496252]}},
    {"type": "Feature", "properties": {"name": "Stevens Township", "minzoom": 11.9}, "geometry": {"type": "Point", "coordinates": [-98.614459, 48.064296]}},
    {"type": "Feature", "properties": {"name": "Stewart Township", "minzoom": 11.9}, "geometry": {"type": "Point", "coordinates": [-99.9272067842825, 47.28728272287199]}},
    {"type": "Feature", "properties": {"name": "Stillwater Township", "minzoom": 11.9}, "geometry": {"type": "Point", "coordinates": [-103.178716, 46.244238]}},
    {"type": "Feature", "properties": {"name": "Stirton Township", "minzoom": 11.9}, "geometry": {"type": "Point", "coordinates": [-99.110856, 46.844756]}},
    {"type": "Feature", "properties": {"name": "St. Joseph Township", "minzoom": 11.9}, "geometry": {"type": "Point", "coordinates": [-97.749046, 48.946973]}},
    {"type": "Feature", "properties": {"name": "St. Marys Township", "minzoom": 11.9}, "geometry": {"type": "Point", "coordinates": [-101.510871, 48.414360]}},
    {"type": "Feature", "properties": {"name": "St. Mary Township", "minzoom": 11.9}, "geometry": {"type": "Point", "coordinates": [-101.493840, 47.625291]}},
    {"type": "Feature", "properties": {"name": "Stone Creek Township", "minzoom": 11.9}, "geometry": {"type": "Point", "coordinates": [-100.733729, 48.681264]}},
    {"type": "Feature", "properties": {"name": "Stoneview Township", "minzoom": 11.9}, "geometry": {"type": "Point", "coordinates": [-102.950521, 48.677217]}},
    {"type": "Feature", "properties": {"name": "Stony Creek Township", "minzoom": 11.9}, "geometry": {"type": "Point", "coordinates": [-103.526019, 48.081934]}},
    {"type": "Feature", "properties": {"name": "Storlie Township", "minzoom": 11.9}, "geometry": {"type": "Point", "coordinates": [-98.633664, 48.579867]}},
    {"type": "Feature", "properties": {"name": "St. Paul Township", "minzoom": 11.9}, "geometry": {"type": "Point", "coordinates": [-99.372706, 46.856115]}},
    {"type": "Feature", "properties": {"name": "Strabane Township", "minzoom": 11.9}, "geometry": {"type": "Point", "coordinates": [-97.568357, 48.144065]}},
    {"type": "Feature", "properties": {"name": "Strandahl Township", "minzoom": 11.9}, "geometry": {"type": "Point", "coordinates": [-103.978227, 48.422811]}},
    {"type": "Feature", "properties": {"name": "Strassburg Township", "minzoom": 11.9}, "geometry": {"type": "Point", "coordinates": [-100.514116, 47.811440]}},
    {"type": "Feature", "properties": {"name": "Strege Township", "minzoom": 11.9}, "geometry": {"type": "Point", "coordinates": [-100.388593, 47.980053]}},
    {"type": "Feature", "properties": {"name": "Strehlow Township", "minzoom": 11.9}, "geometry": {"type": "Point", "coordinates": [-102.857648, 46.407370]}},
    {"type": "Feature", "properties": {"name": "Strong Township", "minzoom": 11.9}, "geometry": {"type": "Point", "coordinates": [-99.286234, 47.090186]}},
    {"type": "Feature", "properties": {"name": "St. Thomas Township", "minzoom": 11.9}, "geometry": {"type": "Point", "coordinates": [-97.481240, 48.636672]}},
    {"type": "Feature", "properties": {"name": "Sullivan Township", "minzoom": 11.9}, "geometry": {"type": "Point", "coordinates": [-98.778641, 48.420702]}},
    {"type": "Feature", "properties": {"name": "Summit Township", "minzoom": 11.9}, "geometry": {"type": "Point", "coordinates": [-96.667743, 46.145643]}},
    {"type": "Feature", "properties": {"name": "Sundre Township", "minzoom": 11.9}, "geometry": {"type": "Point", "coordinates": [-101.207121, 48.148714]}},
    {"type": "Feature", "properties": {"name": "Sunny Slope Township", "minzoom": 11.9}, "geometry": {"type": "Point", "coordinates": [-103.956408, 46.160592]}},
    {"type": "Feature", "properties": {"name": "Superior Township", "minzoom": 11.9}, "geometry": {"type": "Point", "coordinates": [-99.068069, 47.629769]}},
    {"type": "Feature", "properties": {"name": "Svea Township", "minzoom": 11.9}, "geometry": {"type": "Point", "coordinates": [-98.248932, 46.761711]}},
    {"type": "Feature", "properties": {"name": "Sverdrup Township", "minzoom": 11.9}, "geometry": {"type": "Point", "coordinates": [-98.065074, 47.377790]}},
    {"type": "Feature", "properties": {"name": "Swede Township", "minzoom": 11.9}, "geometry": {"type": "Point", "coordinates": [-98.964670, 46.420627]}},
    {"type": "Feature", "properties": {"name": "Sydna Township", "minzoom": 11.9}, "geometry": {"type": "Point", "coordinates": [-97.458880, 46.329653]}},
    {"type": "Feature", "properties": {"name": "Tacoma Township", "minzoom": 11.9}, "geometry": {"type": "Point", "coordinates": [-100.852516, 48.668771]}},
    {"type": "Feature", "properties": {"name": "Talbot Township", "minzoom": 11.9}, "geometry": {"type": "Point", "coordinates": [-103.304095, 46.166803]}},
    {"type": "Feature", "properties": {"name": "Tanner Township", "minzoom": 11.9}, "geometry": {"type": "Point", "coordinates": [-99.506850, 46.758863]}},
    {"type": "Feature", "properties": {"name": "Tatman Township", "minzoom": 11.9}, "geometry": {"type": "Point", "coordinates": [-101.249373, 48.418099]}},
    {"type": "Feature", "properties": {"name": "Taylor Butte Township", "minzoom": 11.9}, "geometry": {"type": "Point", "coordinates": [-102.559886, 46.169023]}},
    {"type": "Feature", "properties": {"name": "Teddy Township", "minzoom": 11.9}, "geometry": {"type": "Point", "coordinates": [-99.077078, 48.747117]}},
    {"type": "Feature", "properties": {"name": "Telfer Township", "minzoom": 11.9}, "geometry": {"type": "Point", "coordinates": [-100.500785, 46.685192]}},
    {"type": "Feature", "properties": {"name": "Tepee Butte Township", "minzoom": 11.9}, "geometry": {"type": "Point", "coordinates": [-102.735539, 46.415037]}},
    {"type": "Feature", "properties": {"name": "Tewaukon Township", "minzoom": 11.9}, "geometry": {"type": "Point", "coordinates": [-97.426205, 45.976518]}},
    {"type": "Feature", "properties": {"name": "Thelma Township", "minzoom": 11.9}, "geometry": {"type": "Point", "coordinates": [-100.111760, 46.746480]}},
    {"type": "Feature", "properties": {"name": "Thingvalla Township", "minzoom": 11.9}, "geometry": {"type": "Point", "coordinates": [-97.848487, 48.677597]}},
    {"type": "Feature", "properties": {"name": "Thordenskjold Township", "minzoom": 11.9}, "geometry": {"type": "Point", "coordinates": [-97.874181, 46.668028]}},
    {"type": "Feature", "properties": {"name": "Thorson Township", "minzoom": 11.9}, "geometry": {"type": "Point", "coordinates": [-102.790846, 48.691017]}},
    {"type": "Feature", "properties": {"name": "Tiber Township", "minzoom": 11.9}, "geometry": {"type": "Point", "coordinates": [-97.981576, 48.503371]}},
    {"type": "Feature", "properties": {"name": "Tiffany Township", "minzoom": 11.9}, "geometry": {"type": "Point", "coordinates": [-98.848133, 47.715191]}},
    {"type": "Feature", "properties": {"name": "Tolgen Township", "minzoom": 11.9}, "geometry": {"type": "Point", "coordinates": [-101.724985, 48.149479]}},
    {"type": "Feature", "properties": {"name": "Torgerson Township", "minzoom": 11.9}, "geometry": {"type": "Point", "coordinates": [-99.924452, 48.425558]}},
    {"type": "Feature", "properties": {"name": "Torning Township", "minzoom": 11.9}, "geometry": {"type": "Point", "coordinates": [-101.482912, 48.071326]}},
    {"type": "Feature", "properties": {"name": "Tower Township", "minzoom": 11.9}, "geometry": {"type": "Point", "coordinates": [-97.608616, 46.941938]}},
    {"type": "Feature", "properties": {"name": "Trier Township", "minzoom": 11.9}, "geometry": {"type": "Point", "coordinates": [-98.895032, 48.681579]}},
    {"type": "Feature", "properties": {"name": "Tri Township", "minzoom": 11.9}, "geometry": {"type": "Point", "coordinates": [-103.665710, 48.016174]}},
    {"type": "Feature", "properties": {"name": "Triumph Township", "minzoom": 11.9}, "geometry": {"type": "Point", "coordinates": [-98.497709, 48.332618]}},
    {"type": "Feature", "properties": {"name": "Troy Township", "minzoom": 11.9}, "geometry": {"type": "Point", "coordinates": [-103.388573, 48.858036]}},
    {"type": "Feature", "properties": {"name": "Truman Township", "minzoom": 11.9}, "geometry": {"type": "Point", "coordinates": [-99.994799, 47.898085]}},
    {"type": "Feature", "properties": {"name": "Trygg Township", "minzoom": 11.9}, "geometry": {"type": "Point", "coordinates": [-100.431786, 47.025735]}},
    {"type": "Feature", "properties": {"name": "Tuller Township", "minzoom": 11.9}, "geometry": {"type": "Point", "coordinates": [-97.710566, 46.507330]}},
    {"type": "Feature", "properties": {"name": "Turtle River Township", "minzoom": 11.9}, "geometry": {"type": "Point", "coordinates": [-97.202245, 48.142938]}},
    {"type": "Feature", "properties": {"name": "Tuscarora Township", "minzoom": 11.9}, "geometry": {"type": "Point", "coordinates": [-100.031162, 48.239469]}},
    {"type": "Feature", "properties": {"name": "Twelve Mile Township", "minzoom": 11.9}, "geometry": {"type": "Point", "coordinates": [-103.422014, 48.121003]}},
    {"type": "Feature", "properties": {"name": "Twin Butte Township", "minzoom": 11.9}, "geometry": {"type": "Point", "coordinates": [-103.530568, 48.851599]}},
    {"type": "Feature", "properties": {"name": "Twin Hill Township", "minzoom": 11.9}, "geometry": {"type": "Point", "coordinates": [-99.032808, 48.681853]}},
    {"type": "Feature", "properties": {"name": "Twin Lake Township", "minzoom": 11.9}, "geometry": {"type": "Point", "coordinates": [-99.663851, 48.239127]}},
    {"type": "Feature", "properties": {"name": "Twin Tree Township", "minzoom": 11.9}, "geometry": {"type": "Point", "coordinates": [-98.979574, 47.897400]}},
    {"type": "Feature", "properties": {"name": "Twin Valley Township", "minzoom": 11.9}, "geometry": {"type": "Point", "coordinates": [-103.184756, 48.045233]}},
    {"type": "Feature", "properties": {"name": "Tyrol Township", "minzoom": 11.9}, "geometry": {"type": "Point", "coordinates": [-98.186907, 47.530487]}},
    {"type": "Feature", "properties": {"name": "Tyrone Township", "minzoom": 11.9}, "geometry": {"type": "Point", "coordinates": [-103.677950, 48.326656]}},
    {"type": "Feature", "properties": {"name": "Upland Township", "minzoom": 11.9}, "geometry": {"type": "Point", "coordinates": [-103.136790, 48.770929]}},
    {"type": "Feature", "properties": {"name": "Uxbridge Township", "minzoom": 11.9}, "geometry": {"type": "Point", "coordinates": [-98.393826, 47.113638]}},
    {"type": "Feature", "properties": {"name": "Vale Township", "minzoom": 11.9}, "geometry": {"type": "Point", "coordinates": [-102.603806, 48.853051]}},
    {"type": "Feature", "properties": {"name": "Valhalla Township", "minzoom": 11.9}, "geometry": {"type": "Point", "coordinates": [-99.329347, 47.792532]}},
    {"type": "Feature", "properties": {"name": "Valley Spring Township", "minzoom": 11.9}, "geometry": {"type": "Point", "coordinates": [-99.143116, 47.023360]}},
    {"type": "Feature", "properties": {"name": "Valley Township", "minzoom": 11.9}, "geometry": {"type": "Point", "coordinates": [-97.99505330176974, 46.942234009420964]}},
    {"type": "Feature", "properties": {"name": "Van Buren Township", "minzoom": 11.9}, "geometry": {"type": "Point", "coordinates": [-101.384630, 48.504235]}},
    {"type": "Feature", "properties": {"name": "Van Meter Township", "minzoom": 11.9}, "geometry": {"type": "Point", "coordinates": [-98.444062, 45.980135]}},
    {"type": "Feature", "properties": {"name": "Verner Township", "minzoom": 11.9}, "geometry": {"type": "Point", "coordinates": [-97.935000, 46.145991]}},
    {"type": "Feature", "properties": {"name": "Vernon Township", "minzoom": 11.9}, "geometry": {"type": "Point", "coordinates": [-99.7582004969117, 46.93600545267976]}},
    {"type": "Feature", "properties": {"name": "Vesta Township", "minzoom": 11.9}, "geometry": {"type": "Point", "coordinates": [-97.981930, 48.409812]}},
    {"type": "Feature", "properties": {"name": "Victoria Township", "minzoom": 11.9}, "geometry": {"type": "Point", "coordinates": [-101.258207, 47.537282]}},
    {"type": "Feature", "properties": {"name": "Victor Township", "minzoom": 11.9}, "geometry": {"type": "Point", "coordinates": [-99.038848, 48.579968]}},
    {"type": "Feature", "properties": {"name": "View Township", "minzoom": 11.9}, "geometry": {"type": "Point", "coordinates": [-103.159467, 48.236279]}},
    {"type": "Feature", "properties": {"name": "Viking Township", "minzoom": 11.9}, "geometry": {"type": "Point", "coordinates": [-97.08903067007475, 46.5027489561532]}},
    {"type": "Feature", "properties": {"name": "Villard Township", "minzoom": 11.9}, "geometry": {"type": "Point", "coordinates": [-100.550546, 48.145470]}},
    {"type": "Feature", "properties": {"name": "Virginia Township", "minzoom": 11.9}, "geometry": {"type": "Point", "coordinates": [-99.186072, 48.754785]}},
    {"type": "Feature", "properties": {"name": "Vivian Township", "minzoom": 11.9}, "geometry": {"type": "Point", "coordinates": [-97.830050, 46.236434]}},
    {"type": "Feature", "properties": {"name": "Wadsworth Township", "minzoom": 11.9}, "geometry": {"type": "Point", "coordinates": [-99.280246, 47.203464]}},
    {"type": "Feature", "properties": {"name": "Wagar Township", "minzoom": 11.9}, "geometry": {"type": "Point", "coordinates": [-100.592116, 48.421965]}},
    {"type": "Feature", "properties": {"name": "Wagendorf Township", "minzoom": 11.9}, "geometry": {"type": "Point", "coordinates": [-102.726679, 46.318359]}},
    {"type": "Feature", "properties": {"name": "Walburg Township", "minzoom": 11.9}, "geometry": {"type": "Point", "coordinates": [-97.361976, 46.766696]}},
    {"type": "Feature", "properties": {"name": "Waldo Township", "minzoom": 11.9}, "geometry": {"type": "Point", "coordinates": [-96.813795, 46.064337]}},
    {"type": "Feature", "properties": {"name": "Walker Township", "minzoom": 11.9}, "geometry": {"type": "Point", "coordinates": [-102.092723, 46.505321]}},
    {"type": "Feature", "properties": {"name": "Wallace Township", "minzoom": 11.9}, "geometry": {"type": "Point", "coordinates": [-99.666855, 47.273773]}},
    {"type": "Feature", "properties": {"name": "Walle Township", "minzoom": 11.9}, "geometry": {"type": "Point", "coordinates": [-97.034086, 47.795145]}},
    {"type": "Feature", "properties": {"name": "Walsh Centre Township", "minzoom": 11.9}, "geometry": {"type": "Point", "coordinates": [-97.448678, 48.325376]}},
    {"type": "Feature", "properties": {"name": "Walshville Township", "minzoom": 11.9}, "geometry": {"type": "Point", "coordinates": [-97.193551, 48.245458]}},
    {"type": "Feature", "properties": {"name": "Walters Township", "minzoom": 11.9}, "geometry": {"type": "Point", "coordinates": [-99.033007, 47.276592]}},
    {"type": "Feature", "properties": {"name": "Wamduska Township", "minzoom": 11.9}, "geometry": {"type": "Point", "coordinates": [-98.332020, 47.890761]}},
    {"type": "Feature", "properties": {"name": "Wano Township", "minzoom": 11.9}, "geometry": {"type": "Point", "coordinates": [-98.599342, 46.413392]}},
    {"type": "Feature", "properties": {"name": "Washington Township", "minzoom": 11.9}, "geometry": {"type": "Point", "coordinates": [-97.431322, 47.715518]}},
    {"type": "Feature", "properties": {"name": "Waterford Township", "minzoom": 11.9}, "geometry": {"type": "Point", "coordinates": [-101.385910, 48.416292]}},
    {"type": "Feature", "properties": {"name": "Waterloo Township", "minzoom": 11.9}, "geometry": {"type": "Point", "coordinates": [-98.529629, 48.754141]}},
    {"type": "Feature", "properties": {"name": "Watson Township", "minzoom": 11.9}, "geometry": {"type": "Point", "coordinates": [-97.367221, 46.672866]}},
    {"type": "Feature", "properties": {"name": "Wayne Township", "minzoom": 11.9}, "geometry": {"type": "Point", "coordinates": [-101.157711, 48.944202]}},
    {"type": "Feature", "properties": {"name": "Wayzetta Township", "minzoom": 11.9}, "geometry": {"type": "Point", "coordinates": [-102.234712, 48.072278]}},
    {"type": "Feature", "properties": {"name": "Weber Township", "minzoom": 11.9}, "geometry": {"type": "Point", "coordinates": [-97.565615, 45.974268]}},
    {"type": "Feature", "properties": {"name": "Weimer Township", "minzoom": 11.9}, "geometry": {"type": "Point", "coordinates": [-97.769315, 47.022258]}},
    {"type": "Feature", "properties": {"name": "Weiser Township", "minzoom": 11.9}, "geometry": {"type": "Point", "coordinates": [-99.534051, 47.030934]}},
    {"type": "Feature", "properties": {"name": "Weld Township", "minzoom": 11.9}, "geometry": {"type": "Point", "coordinates": [-99.120691, 46.942433]}},
    {"type": "Feature", "properties": {"name": "Wellington Township", "minzoom": 11.9}, "geometry": {"type": "Point", "coordinates": [-100.200318, 48.581299]}},
    {"type": "Feature", "properties": {"name": "West Antelope Township", "minzoom": 11.9}, "geometry": {"type": "Point", "coordinates": [-99.350987, 47.883003]}},
    {"type": "Feature", "properties": {"name": "West Bank Township", "minzoom": 11.9}, "geometry": {"type": "Point", "coordinates": [-103.022257, 48.328326]}},
    {"type": "Feature", "properties": {"name": "West Bay Township", "minzoom": 11.9}, "geometry": {"type": "Point", "coordinates": [-99.267307, 48.056183]}},
    {"type": "Feature", "properties": {"name": "West End Township", "minzoom": 11.9}, "geometry": {"type": "Point", "coordinates": [-97.217980, 46.325901]}},
    {"type": "Feature", "properties": {"name": "Western Township", "minzoom": 11.9}, "geometry": {"type": "Point", "coordinates": [-99.994802, 47.709665]}},
    {"type": "Feature", "properties": {"name": "Westford Township", "minzoom": 11.9}, "geometry": {"type": "Point", "coordinates": [-99.625830, 46.940193]}},
    {"type": "Feature", "properties": {"name": "West Hope Township", "minzoom": 11.9}, "geometry": {"type": "Point", "coordinates": [-98.277482, 48.942276]}},
    {"type": "Feature", "properties": {"name": "West Norway Township", "minzoom": 11.9}, "geometry": {"type": "Point", "coordinates": [-99.624357, 47.709463]}},
    {"type": "Feature", "properties": {"name": "West Ontario Township", "minzoom": 11.9}, "geometry": {"type": "Point", "coordinates": [-99.703496, 47.537424]}},
    {"type": "Feature", "properties": {"name": "Wheatfield Township", "minzoom": 11.9}, "geometry": {"type": "Point", "coordinates": [-97.579215, 48.064295]}},
    {"type": "Feature", "properties": {"name": "Wheaton Township", "minzoom": 11.9}, "geometry": {"type": "Point", "coordinates": [-101.420498, 48.944197]}},
    {"type": "Feature", "properties": {"name": "Whitby Township", "minzoom": 11.9}, "geometry": {"type": "Point", "coordinates": [-100.643011, 48.762966]}},
    {"type": "Feature", "properties": {"name": "White Ash Township", "minzoom": 11.9}, "geometry": {"type": "Point", "coordinates": [-101.777545, 48.503099]}},
    {"type": "Feature", "properties": {"name": "White Lake Township", "minzoom": 11.9}, "geometry": {"type": "Point", "coordinates": [-103.236280, 46.500229]}},
    {"type": "Feature", "properties": {"name": "Whitestone Hill Township", "minzoom": 11.9}, "geometry": {"type": "Point", "coordinates": [-97.705577, 46.240229]}},
    {"type": "Feature", "properties": {"name": "Whitestone Township", "minzoom": 11.9}, "geometry": {"type": "Point", "coordinates": [-98.813989, 46.162997]}},
    {"type": "Feature", "properties": {"name": "Whiting Township", "minzoom": 11.9}, "geometry": {"type": "Point", "coordinates": [-103.177718, 46.078936]}},
    {"type": "Feature", "properties": {"name": "Whitteron Township", "minzoom": 11.9}, "geometry": {"type": "Point", "coordinates": [-100.376882, 48.853241]}},
    {"type": "Feature", "properties": {"name": "Wild Rose Township", "minzoom": 11.9}, "geometry": {"type": "Point", "coordinates": [-100.133889, 46.669303]}},
    {"type": "Feature", "properties": {"name": "Willey Township", "minzoom": 11.9}, "geometry": {"type": "Point", "coordinates": [-97.579921, 46.234674]}},
    {"type": "Feature", "properties": {"name": "Willis Township", "minzoom": 11.9}, "geometry": {"type": "Point", "coordinates": [-101.196043, 48.061166]}},
    {"type": "Feature", "properties": {"name": "Willowbank Township", "minzoom": 11.9}, "geometry": {"type": "Point", "coordinates": [-98.590334, 46.332150]}},
    {"type": "Feature", "properties": {"name": "Willow Creek Township", "minzoom": 11.9}, "geometry": {"type": "Point", "coordinates": [-100.461354, 48.595491]}},
    {"type": "Feature", "properties": {"name": "Willow Lake Township", "minzoom": 11.9}, "geometry": {"type": "Point", "coordinates": [-97.878709, 47.276038]}},
    {"type": "Feature", "properties": {"name": "Willow Township", "minzoom": 11.9}, "geometry": {"type": "Point", "coordinates": [-98.308241, 47.630636]}},
    {"type": "Feature", "properties": {"name": "Willow Vale Township", "minzoom": 11.9}, "geometry": {"type": "Point", "coordinates": [-100.353066, 48.681424]}},
    {"type": "Feature", "properties": {"name": "Wilson Township", "minzoom": 11.9}, "geometry": {"type": "Point", "coordinates": [-100.695018, 47.277051]}},
    {"type": "Feature", "properties": {"name": "Winfield Township", "minzoom": 11.9}, "geometry": {"type": "Point", "coordinates": [-98.491992, 46.841434]}},
    {"type": "Feature", "properties": {"name": "Winner Township", "minzoom": 11.9}, "geometry": {"type": "Point", "coordinates": [-103.591502, 48.496092]}},
    {"type": "Feature", "properties": {"name": "Winona Township", "minzoom": 11.9}, "geometry": {"type": "Point", "coordinates": [-101.576925, 46.062384]}},
    {"type": "Feature", "properties": {"name": "Wiser Township", "minzoom": 11.9}, "geometry": {"type": "Point", "coordinates": [-96.882803, 47.106594]}},
    {"type": "Feature", "properties": {"name": "Wise Township", "minzoom": 11.9}, "geometry": {"type": "Point", "coordinates": [-100.745653, 47.539375]}},
    {"type": "Feature", "properties": {"name": "Wold Township", "minzoom": 11.9}, "geometry": {"type": "Point", "coordinates": [-97.155672, 47.541414]}},
    {"type": "Feature", "properties": {"name": "Wolf Butte Township", "minzoom": 11.9}, "geometry": {"type": "Point", "coordinates": [-102.824832, 46.170011]}},
    {"type": "Feature", "properties": {"name": "Woodberry Township", "minzoom": 11.9}, "geometry": {"type": "Point", "coordinates": [-103.112759, 46.323326]}},
    {"type": "Feature", "properties": {"name": "Woodbury Township", "minzoom": 11.9}, "geometry": {"type": "Point", "coordinates": [-98.765722, 46.841161]}},
    {"type": "Feature", "properties": {"name": "Wood Lake Township", "minzoom": 11.9}, "geometry": {"type": "Point", "coordinates": [-98.826791, 47.888710]}},
    {"type": "Feature", "properties": {"name": "Woodlawn Township", "minzoom": 11.9}, "geometry": {"type": "Point", "coordinates": [-99.879619, 46.843157]}},
    {"type": "Feature", "properties": {"name": "Woodward Township", "minzoom": 11.9}, "geometry": {"type": "Point", "coordinates": [-99.319228, 47.536618]}},
    {"type": "Feature", "properties": {"name": "Wright Township", "minzoom": 11.9}, "geometry": {"type": "Point", "coordinates": [-98.305303, 46.233203]}},
    {"type": "Feature", "properties": {"name": "Writing Rock Township", "minzoom": 11.9}, "geometry": {"type": "Point", "coordinates": [-103.795675, 48.773942]}},
    {"type": "Feature", "properties": {"name": "Wyard Township", "minzoom": 11.9}, "geometry": {"type": "Point", "coordinates": [-99.213466, 47.450780]}},
    {"type": "Feature", "properties": {"name": "Yellowstone Township", "minzoom": 11.9}, "geometry": {"type": "Point", "coordinates": [-103.997037, 47.895843]}},
    {"type": "Feature", "properties": {"name": "Yorktown Township", "minzoom": 11.9}, "geometry": {"type": "Point", "coordinates": [-98.316833, 46.153339]}},
    {"type": "Feature", "properties": {"name": "Young Township", "minzoom": 11.9}, "geometry": {"type": "Point", "coordinates": [-98.834821, 46.230278]}},
    {"type": "Feature", "properties": {"name": "Zion Township", "minzoom": 11.9}, "geometry": {"type": "Point", "coordinates": [-99.418093, 48.493801]}}

  ]
}
